/*
 * Generated by scripts/font2c.py from DejaVuSans-Bold.ttf at 40 px.
 * Do not edit by hand, regenerate instead.
 */

#include <zephyr/sys/util.h>

#include "font.h"

static const uint8_t bitmaps[] = {
	0x00, 0x00, 0x00, 0x00, 0x00, 0x00, 0x00, 0x00, 0x00, 0x00, 0x00, 0x00,
	0x00, 0x00, 0x00, 0x00, 0x00, 0x00, 0x00, 0x00, 0x00, 0x00, 0x00, 0x00,
	0x00, 0x00, 0x00, 0x00, 0x00, 0x00, 0x00, 0x00, 0x00, 0x00, 0x00, 0x00,
	0x00, 0x00, 0x00, 0x00, 0x00, 0x00, 0x00, 0x00, 0x00, 0x00, 0x00, 0x00,
	0x00, 0x00, 0x00, 0x00, 0x00, 0x00, 0x00, 0x00, 0x00, 0x00, 0x00, 0x00,
	0x00, 0x00, 0x00, 0x00, 0x00, 0x00, 0x00, 0x00, 0x00, 0x00, 0x00, 0x00,
	0x00, 0x00, 0x00, 0x00, 0x00, 0x00, 0x00, 0x00, 0x00, 0x00, 0x00, 0x00,
	0x00, 0x00, 0x00, 0x00, 0x00, 0x00, 0x00, 0x00, 0x00, 0x00, 0x00, 0x00,
	0x00, 0x00, 0x00, 0x00, 0x00, 0x00, 0x00, 0x00, 0x00, 0x00, 0x00, 0x00,
	0x00, 0x00, 0x00, 0x00, 0x00, 0x00, 0x00, 0x00, 0x00, 0x00, 0x00, 0x00,
	0x00, 0x00, 0x00, 0x03, 0xf8, 0x00, 0x03, 0xf8, 0x00, 0x03, 0xf8, 0x00,
	0x03, 0xf8, 0x00, 0x03, 0xf8, 0x00, 0x03, 0xf8, 0x00, 0x03, 0xf8, 0x00,
	0x03, 0xf8, 0x00, 0x03, 0xf8, 0x00, 0x03, 0xf8, 0x00, 0x03, 0xf8, 0x00,
	0x03, 0xf8, 0x00, 0x03, 0xf8, 0x00, 0x03, 0xf8, 0x00, 0x03, 0xf8, 0x00,
	0x01, 0xf0, 0x00, 0x01, 0xf0, 0x00, 0x01, 0xf0, 0x00, 0x01, 0xf0, 0x00,
	0x00, 0x00, 0x00, 0x00, 0x00, 0x00, 0x00, 0x00, 0x00, 0x03, 0xf8, 0x00,
	0x03, 0xf8, 0x00, 0x03, 0xf8, 0x00, 0x03, 0xf8, 0x00, 0x03, 0xf8, 0x00,
	0x03, 0xf8, 0x00, 0x03, 0xf8, 0x00, 0x00, 0x00, 0x00, 0x00, 0x00, 0x00,
	0x00, 0x00, 0x00, 0x00, 0x00, 0x00, 0x00, 0x00, 0x00, 0x00, 0x00, 0x00,
	0x00, 0x00, 0x00, 0x00, 0x00, 0x00, 0x00, 0x00, 0x00, 0x00, 0x00, 0x00,
	0x00, 0x00, 0x00, 0x00, 0x00, 0x00, 0x00, 0x00, 0x00, 0x00, 0x00, 0x00,
	0x00, 0x00, 0x00, 0x00, 0x00, 0x00, 0x00, 0x00, 0x00, 0x00, 0x00, 0x00,
	0x00, 0x00, 0x00, 0x0f, 0x87, 0xc0, 0x0f, 0x87, 0xc0, 0x0f, 0x87, 0xc0,
	0x0f, 0x87, 0xc0, 0x0f, 0x87, 0xc0, 0x0f, 0x87, 0xc0, 0x0f, 0x87, 0xc0,
	0x0f, 0x87, 0xc0, 0x0f, 0x87, 0xc0, 0x0f, 0x87, 0xc0, 0x0f, 0x87, 0xc0,
	0x00, 0x00, 0x00, 0x00, 0x00, 0x00, 0x00, 0x00, 0x00, 0x00, 0x00, 0x00,
	0x00, 0x00, 0x00, 0x00, 0x00, 0x00, 0x00, 0x00, 0x00, 0x00, 0x00, 0x00,
	0x00, 0x00, 0x00, 0x00, 0x00, 0x00, 0x00, 0x00, 0x00, 0x00, 0x00, 0x00,
	0x00, 0x00, 0x00, 0x00, 0x00, 0x00, 0x00, 0x00, 0x00, 0x00, 0x00, 0x00,
	0x00, 0x00, 0x00, 0x00, 0x00, 0x00, 0x00, 0x00, 0x00, 0x00, 0x00, 0x00,
	0x00, 0x00, 0x00, 0x00, 0x00, 0x00, 0x00, 0x00, 0x00, 0x00, 0x00, 0x00,
	0x00, 0x00, 0x00, 0x00, 0x00, 0x00, 0x00, 0x00, 0x00, 0x00, 0x00, 0x00,
	0x00, 0x00, 0x00, 0x00, 0x00, 0x00, 0x00, 0x00, 0x00, 0x00, 0x00, 0x00,
	0x00, 0x00, 0x00, 0x00, 0x00, 0x00, 0x00, 0x00, 0x00, 0x00, 0x00, 0x00,
	0x00, 0x00, 0x00, 0x00, 0x00, 0x00, 0x00, 0x00, 0x00, 0x00, 0x00, 0x00,
	0x00, 0x00, 0x00, 0x00, 0x00, 0x00, 0x00, 0x00, 0x00, 0x00, 0x03, 0xc1,
	0xe0, 0x00, 0x00, 0x07, 0xc1, 0xe0, 0x00, 0x00, 0x07, 0x81, 0xe0, 0x00,
	0x00, 0x07, 0x83, 0xe0, 0x00, 0x00, 0x07, 0x83, 0xc0, 0x00, 0x00, 0x0f,
	0x83, 0xc0, 0x00, 0x00, 0x0f, 0x83, 0xc0, 0x00, 0x00, 0x0f, 0x07, 0xc0,
	0x00, 0x07, 0xff, 0xff, 0xfe, 0x00, 0x07, 0xff, 0xff, 0xfe, 0x00, 0x07,
	0xff, 0xff, 0xfe, 0x00, 0x07, 0xff, 0xff, 0xfe, 0x00, 0x00, 0x1e, 0x0f,
	0x00, 0x00, 0x00, 0x3e, 0x0f, 0x00, 0x00, 0x00, 0x3c, 0x0f, 0x00, 0x00,
	0x00, 0x3c, 0x1f, 0x00, 0x00, 0x00, 0x3c, 0x1e, 0x00, 0x00, 0x1f, 0xff,
	0xff, 0xf8, 0x00, 0x1f, 0xff, 0xff, 0xf8, 0x00, 0x1f, 0xff, 0xff, 0xf8,
	0x00, 0x1f, 0xff, 0xff, 0xf8, 0x00, 0x00, 0xf8, 0x3c, 0x00, 0x00, 0x00,
	0xf0, 0x3c, 0x00, 0x00, 0x00, 0xf0, 0x7c, 0x00, 0x00, 0x00, 0xf0, 0x78,
	0x00, 0x00, 0x01, 0xf0, 0x78, 0x00, 0x00, 0x01, 0xf0, 0x78, 0x00, 0x00,
	0x01, 0xe0, 0xf8, 0x00, 0x00, 0x01, 0xe0, 0xf0, 0x00, 0x00, 0x00, 0x00,
	0x00, 0x00, 0x00, 0x00, 0x00, 0x00, 0x00, 0x00, 0x00, 0x00, 0x00, 0x00,
	0x00, 0x00, 0x00, 0x00, 0x00, 0x00, 0x00, 0x00, 0x00, 0x00, 0x00, 0x00,
	0x00, 0x00, 0x00, 0x00, 0x00, 0x00, 0x00, 0x00, 0x00, 0x00, 0x00, 0x00,
	0x00, 0x00, 0x00, 0x00, 0x00, 0x00, 0x00, 0x00, 0x00, 0x00, 0x00, 0x00,
	0x00, 0x00, 0x00, 0x00, 0x00, 0x00, 0x00, 0x00, 0x00, 0x00, 0x00, 0x00,
	0x00, 0x00, 0x00, 0x00, 0x00, 0x00, 0x00, 0x00, 0x00, 0x00, 0x00, 0x00,
	0x00, 0x00, 0x00, 0x00, 0x00, 0x00, 0x00, 0x00, 0x00, 0x07, 0x00, 0x00,
	0x00, 0x07, 0x00, 0x00, 0x00, 0x07, 0x00, 0x00, 0x00, 0x07, 0x00, 0x00,
	0x00, 0x3f, 0xf0, 0x00, 0x01, 0xff, 0xfe, 0x00, 0x03, 0xff, 0xfe, 0x00,
	0x07, 0xff, 0xfe, 0x00, 0x07, 0xe7, 0x1e, 0x00, 0x0f, 0xc7, 0x02, 0x00,
	0x0f, 0xc7, 0x00, 0x00, 0x0f, 0xc7, 0x00, 0x00, 0x0f, 0xe7, 0x00, 0x00,
	0x0f, 0xf7, 0x00, 0x00, 0x0f, 0xff, 0xc0, 0x00, 0x07, 0xff, 0xf8, 0x00,
	0x07, 0xff, 0xfe, 0x00, 0x03, 0xff, 0xff, 0x00, 0x00, 0xff, 0xff, 0x00,
	0x00, 0x3f, 0xff, 0x80, 0x00, 0x07, 0xff, 0x80, 0x00, 0x07, 0x3f, 0x80,
	0x00, 0x07, 0x1f, 0x80, 0x00, 0x07, 0x1f, 0x80, 0x08, 0x07, 0x1f, 0x80,
	0x0f, 0x07, 0x3f, 0x00, 0x0f, 0xff, 0xff, 0x00, 0x0f, 0xff, 0xfe, 0x00,
	0x0f, 0xff, 0xfc, 0x00, 0x01, 0xff, 0xe0, 0x00, 0x00, 0x07, 0x00, 0x00,
	0x00, 0x07, 0x00, 0x00, 0x00, 0x07, 0x00, 0x00, 0x00, 0x07, 0x00, 0x00,
	0x00, 0x07, 0x00, 0x00, 0x00, 0x07, 0x00, 0x00, 0x00, 0x00, 0x00, 0x00,
	0x00, 0x00, 0x00, 0x00, 0x00, 0x00, 0x00, 0x00, 0x00, 0x00, 0x00, 0x00,
	0x00, 0x00, 0x00, 0x00, 0x00, 0x00, 0x00, 0x00, 0x00, 0x00, 0x00, 0x00,
	0x00, 0x00, 0x00, 0x00, 0x00, 0x00, 0x00, 0x00, 0x00, 0x00, 0x00, 0x00,
	0x00, 0x00, 0x00, 0x00, 0x00, 0x00, 0x00, 0x00, 0x00, 0x00, 0x00, 0x00,
	0x00, 0x00, 0x00, 0x00, 0x03, 0xf0, 0x00, 0x1e, 0x00, 0x0f, 0xfc, 0x00,
	0x3c, 0x00, 0x1f, 0xfe, 0x00, 0x7c, 0x00, 0x3f, 0x3f, 0x00, 0x78, 0x00,
	0x3e, 0x1f, 0x00, 0xf8, 0x00, 0x7c, 0x0f, 0x80, 0xf0, 0x00, 0x7c, 0x0f,
	0x81, 0xe0, 0x00, 0x7c, 0x0f, 0x83, 0xe0, 0x00, 0x7c, 0x0f, 0x83, 0xc0,
	0x00, 0x7c, 0x0f, 0x87, 0xc0, 0x00, 0x7c, 0x0f, 0x87, 0x80, 0x00, 0x3e,
	0x1f, 0x0f, 0x00, 0x00, 0x3e, 0x3f, 0x1f, 0x00, 0x00, 0x1f, 0xfe, 0x1e,
	0x00, 0x00, 0x0f, 0xfc, 0x3e, 0x0f, 0xc0, 0x03, 0xf0, 0x3c, 0x3f, 0xf0,
	0x00, 0x00, 0x78, 0x7f, 0xf8, 0x00, 0x00, 0xf8, 0xf8, 0xfc, 0x00, 0x00,
	0xf0, 0xf8, 0x7c, 0x00, 0x01, 0xe1, 0xf0, 0x3e, 0x00, 0x03, 0xe1, 0xf0,
	0x3e, 0x00, 0x03, 0xc1, 0xf0, 0x3e, 0x00, 0x07, 0xc1, 0xf0, 0x3e, 0x00,
	0x07, 0x81, 0xf0, 0x3e, 0x00, 0x0f, 0x01, 0xf0, 0x3e, 0x00, 0x1f, 0x00,
	0xf8, 0x7c, 0x00, 0x1e, 0x00, 0xf8, 0x7c, 0x00, 0x3e, 0x00, 0x7f, 0xf8,
	0x00, 0x3c, 0x00, 0x3f, 0xf0, 0x00, 0x78, 0x00, 0x0f, 0xc0, 0x00, 0x00,
	0x00, 0x00, 0x00, 0x00, 0x00, 0x00, 0x00, 0x00, 0x00, 0x00, 0x00, 0x00,
	0x00, 0x00, 0x00, 0x00, 0x00, 0x00, 0x00, 0x00, 0x00, 0x00, 0x00, 0x00,
	0x00, 0x00, 0x00, 0x00, 0x00, 0x00, 0x00, 0x00, 0x00, 0x00, 0x00, 0x00,
	0x00, 0x00, 0x00, 0x00, 0x00, 0x00, 0x00, 0x00, 0x00, 0x00, 0x00, 0x00,
	0x00, 0x00, 0x00, 0x00, 0x00, 0x00, 0x00, 0x00, 0x00, 0x00, 0x00, 0x00,
	0x00, 0x00, 0x00, 0x00, 0x00, 0x00, 0x00, 0x00, 0x00, 0x00, 0x00, 0x00,
	0x00, 0x00, 0x00, 0x00, 0x00, 0x00, 0x00, 0x00, 0x00, 0x00, 0x00, 0x00,
	0x00, 0x00, 0x00, 0x00, 0x00, 0x1f, 0xf8, 0x00, 0x00, 0x00, 0x7f, 0xfe,
	0x00, 0x00, 0x00, 0xff, 0xfe, 0x00, 0x00, 0x01, 0xff, 0xfe, 0x00, 0x00,
	0x01, 0xff, 0xfe, 0x00, 0x00, 0x03, 0xfc, 0x06, 0x00, 0x00, 0x03, 0xf8,
	0x00, 0x00, 0x00, 0x03, 0xf8, 0x00, 0x00, 0x00, 0x03, 0xf8, 0x00, 0x00,
	0x00, 0x03, 0xfc, 0x00, 0x00, 0x00, 0x01, 0xfe, 0x00, 0x00, 0x00, 0x00,
	0xff, 0x00, 0x00, 0x00, 0x01, 0xff, 0x80, 0x00, 0x00, 0x03, 0xff, 0xc0,
	0x3f, 0x00, 0x07, 0xff, 0xe0, 0x3f, 0x00, 0x0f, 0xff, 0xe0, 0x3f, 0x00,
	0x1f, 0xcf, 0xf0, 0x7e, 0x00, 0x1f, 0xc7, 0xf8, 0x7e, 0x00, 0x3f, 0x83,
	0xfc, 0xfe, 0x00, 0x3f, 0x81, 0xff, 0xfc, 0x00, 0x3f, 0x80, 0xff, 0xfc,
	0x00, 0x3f, 0x80, 0x7f, 0xf8, 0x00, 0x3f, 0xc0, 0x3f, 0xf0, 0x00, 0x3f,
	0xe0, 0x1f, 0xf0, 0x00, 0x1f, 0xf0, 0x7f, 0xf8, 0x00, 0x1f, 0xff, 0xff,
	0xf8, 0x00, 0x0f, 0xff, 0xff, 0xfc, 0x00, 0x07, 0xff, 0xff, 0xfe, 0x00,
	0x01, 0xff, 0xf9, 0xff, 0x00, 0x00, 0x7f, 0xc0, 0xff, 0x80, 0x00, 0x00,
	0x00, 0x00, 0x00, 0x00, 0x00, 0x00, 0x00, 0x00, 0x00, 0x00, 0x00, 0x00,
	0x00, 0x00, 0x00, 0x00, 0x00, 0x00, 0x00, 0x00, 0x00, 0x00, 0x00, 0x00,
	0x00, 0x00, 0x00, 0x00, 0x00, 0x00, 0x00, 0x00, 0x00, 0x00, 0x00, 0x00,
	0x00, 0x00, 0x00, 0x00, 0x00, 0x00, 0x00, 0x00, 0x00, 0x00, 0x00, 0x00,
	0x00, 0x00, 0x00, 0x00, 0x00, 0x00, 0x00, 0x00, 0x00, 0x00, 0x00, 0x00,
	0x00, 0x00, 0x00, 0x00, 0x00, 0x00, 0x0f, 0x80, 0x0f, 0x80, 0x0f, 0x80,
	0x0f, 0x80, 0x0f, 0x80, 0x0f, 0x80, 0x0f, 0x80, 0x0f, 0x80, 0x0f, 0x80,
	0x0f, 0x80, 0x0f, 0x80, 0x00, 0x00, 0x00, 0x00, 0x00, 0x00, 0x00, 0x00,
	0x00, 0x00, 0x00, 0x00, 0x00, 0x00, 0x00, 0x00, 0x00, 0x00, 0x00, 0x00,
	0x00, 0x00, 0x00, 0x00, 0x00, 0x00, 0x00, 0x00, 0x00, 0x00, 0x00, 0x00,
	0x00, 0x00, 0x00, 0x00, 0x00, 0x00, 0x00, 0x00, 0x00, 0x00, 0x00, 0x00,
	0x00, 0x00, 0x00, 0x00, 0x00, 0x00, 0x00, 0x00, 0x00, 0x00, 0x00, 0x00,
	0x00, 0x00, 0x00, 0x00, 0x00, 0x00, 0x00, 0x00, 0x00, 0x00, 0x00, 0x00,
	0x00, 0x00, 0x00, 0x00, 0x00, 0x00, 0x00, 0x00, 0x00, 0x00, 0x00, 0x00,
	0x00, 0x7e, 0x00, 0x00, 0xfc, 0x00, 0x00, 0xfc, 0x00, 0x01, 0xf8, 0x00,
	0x01, 0xf8, 0x00, 0x03, 0xf0, 0x00, 0x03, 0xf0, 0x00, 0x07, 0xf0, 0x00,
	0x07, 0xe0, 0x00, 0x0f, 0xe0, 0x00, 0x0f, 0xe0, 0x00, 0x0f, 0xe0, 0x00,
	0x0f, 0xe0, 0x00, 0x1f, 0xc0, 0x00, 0x1f, 0xc0, 0x00, 0x1f, 0xc0, 0x00,
	0x1f, 0xc0, 0x00, 0x1f, 0xc0, 0x00, 0x1f, 0xc0, 0x00, 0x1f, 0xc0, 0x00,
	0x1f, 0xc0, 0x00, 0x1f, 0xc0, 0x00, 0x1f, 0xc0, 0x00, 0x0f, 0xc0, 0x00,
	0x0f, 0xe0, 0x00, 0x0f, 0xe0, 0x00, 0x0f, 0xe0, 0x00, 0x07, 0xe0, 0x00,
	0x07, 0xf0, 0x00, 0x03, 0xf0, 0x00, 0x03, 0xf0, 0x00, 0x01, 0xf8, 0x00,
	0x01, 0xf8, 0x00, 0x00, 0xfc, 0x00, 0x00, 0xfc, 0x00, 0x00, 0x7e, 0x00,
	0x00, 0x00, 0x00, 0x00, 0x00, 0x00, 0x00, 0x00, 0x00, 0x00, 0x00, 0x00,
	0x00, 0x00, 0x00, 0x00, 0x00, 0x00, 0x00, 0x00, 0x00, 0x00, 0x00, 0x00,
	0x00, 0x00, 0x00, 0x00, 0x00, 0x00, 0x00, 0x00, 0x00, 0x00, 0x00, 0x00,
	0x1f, 0x80, 0x00, 0x0f, 0xc0, 0x00, 0x0f, 0xc0, 0x00, 0x07, 0xe0, 0x00,
	0x07, 0xe0, 0x00, 0x03, 0xf0, 0x00, 0x03, 0xf0, 0x00, 0x03, 0xf8, 0x00,
	0x01, 0xf8, 0x00, 0x01, 0xfc, 0x00, 0x01, 0xfc, 0x00, 0x01, 0xfc, 0x00,
	0x01, 0xfc, 0x00, 0x00, 0xfe, 0x00, 0x00, 0xfe, 0x00, 0x00, 0xfe, 0x00,
	0x00, 0xfe, 0x00, 0x00, 0xfe, 0x00, 0x00, 0xfe, 0x00, 0x00, 0xfe, 0x00,
	0x00, 0xfe, 0x00, 0x00, 0xfe, 0x00, 0x00, 0xfe, 0x00, 0x01, 0xfc, 0x00,
	0x01, 0xfc, 0x00, 0x01, 0xfc, 0x00, 0x01, 0xfc, 0x00, 0x01, 0xf8, 0x00,
	0x03, 0xf8, 0x00, 0x03, 0xf0, 0x00, 0x03, 0xf0, 0x00, 0x07, 0xe0, 0x00,
	0x07, 0xe0, 0x00, 0x0f, 0xc0, 0x00, 0x0f, 0xc0, 0x00, 0x1f, 0x80, 0x00,
	0x00, 0x00, 0x00, 0x00, 0x00, 0x00, 0x00, 0x00, 0x00, 0x00, 0x00, 0x00,
	0x00, 0x00, 0x00, 0x00, 0x00, 0x00, 0x00, 0x00, 0x00, 0x00, 0x00, 0x00,
	0x00, 0x00, 0x00, 0x00, 0x00, 0x00, 0x00, 0x00, 0x00, 0x00, 0x00, 0x00,
	0x00, 0x70, 0x00, 0x00, 0x70, 0x00, 0x00, 0x70, 0x00, 0x20, 0x70, 0x20,
	0x38, 0x70, 0xe0, 0x7e, 0x73, 0xf0, 0x3f, 0xff, 0xe0, 0x0f, 0xff, 0x80,
	0x03, 0xfe, 0x00, 0x01, 0xfc, 0x00, 0x03, 0xfe, 0x00, 0x0f, 0xff, 0x80,
	0x3f, 0xff, 0xe0, 0x7e, 0x73, 0xf0, 0x38, 0x70, 0xe0, 0x20, 0x70, 0x20,
	0x00, 0x70, 0x00, 0x00, 0x70, 0x00, 0x00, 0x70, 0x00, 0x00, 0x00, 0x00,
	0x00, 0x00, 0x00, 0x00, 0x00, 0x00, 0x00, 0x00, 0x00, 0x00, 0x00, 0x00,
	0x00, 0x00, 0x00, 0x00, 0x00, 0x00, 0x00, 0x00, 0x00, 0x00, 0x00, 0x00,
	0x00, 0x00, 0x00, 0x00, 0x00, 0x00, 0x00, 0x00, 0x00, 0x00, 0x00, 0x00,
	0x00, 0x00, 0x00, 0x00, 0x00, 0x00, 0x00, 0x00, 0x00, 0x00, 0x00, 0x00,
	0x00, 0x00, 0x00, 0x00, 0x00, 0x00, 0x00, 0x00, 0x00, 0x00, 0x00, 0x00,
	0x00, 0x00, 0x00, 0x00, 0x00, 0x00, 0x00, 0x00, 0x00, 0x00, 0x00, 0x00,
	0x00, 0x00, 0x00, 0x00, 0x00, 0x00, 0x00, 0x00, 0x00, 0x00, 0x00, 0x00,
	0x00, 0x00, 0x00, 0x00, 0x00, 0x00, 0x00, 0x00, 0x00, 0x00, 0x00, 0x00,
	0x00, 0x00, 0x00, 0x00, 0x00, 0x00, 0x00, 0x00, 0x00, 0x00, 0x00, 0x00,
	0x00, 0x00, 0x00, 0x00, 0x00, 0x00, 0x00, 0x00, 0x00, 0x00, 0x00, 0x00,
	0x00, 0x00, 0x00, 0x00, 0x00, 0x00, 0x03, 0xe0, 0x00, 0x00, 0x00, 0x03,
	0xe0, 0x00, 0x00, 0x00, 0x03, 0xe0, 0x00, 0x00, 0x00, 0x03, 0xe0, 0x00,
	0x00, 0x00, 0x03, 0xe0, 0x00, 0x00, 0x00, 0x03, 0xe0, 0x00, 0x00, 0x00,
	0x03, 0xe0, 0x00, 0x00, 0x00, 0x03, 0xe0, 0x00, 0x00, 0x00, 0x03, 0xe0,
	0x00, 0x00, 0x00, 0x03, 0xe0, 0x00, 0x00, 0x0f, 0xff, 0xff, 0xf8, 0x00,
	0x0f, 0xff, 0xff, 0xf8, 0x00, 0x0f, 0xff, 0xff, 0xf8, 0x00, 0x0f, 0xff,
	0xff, 0xf8, 0x00, 0x0f, 0xff, 0xff, 0xf8, 0x00, 0x00, 0x03, 0xe0, 0x00,
	0x00, 0x00, 0x03, 0xe0, 0x00, 0x00, 0x00, 0x03, 0xe0, 0x00, 0x00, 0x00,
	0x03, 0xe0, 0x00, 0x00, 0x00, 0x03, 0xe0, 0x00, 0x00, 0x00, 0x03, 0xe0,
	0x00, 0x00, 0x00, 0x03, 0xe0, 0x00, 0x00, 0x00, 0x03, 0xe0, 0x00, 0x00,
	0x00, 0x03, 0xe0, 0x00, 0x00, 0x00, 0x03, 0xe0, 0x00, 0x00, 0x00, 0x00,
	0x00, 0x00, 0x00, 0x00, 0x00, 0x00, 0x00, 0x00, 0x00, 0x00, 0x00, 0x00,
	0x00, 0x00, 0x00, 0x00, 0x00, 0x00, 0x00, 0x00, 0x00, 0x00, 0x00, 0x00,
	0x00, 0x00, 0x00, 0x00, 0x00, 0x00, 0x00, 0x00, 0x00, 0x00, 0x00, 0x00,
	0x00, 0x00, 0x00, 0x00, 0x00, 0x00, 0x00, 0x00, 0x00, 0x00, 0x00, 0x00,
	0x00, 0x00, 0x00, 0x00, 0x00, 0x00, 0x00, 0x00, 0x00, 0x00, 0x00, 0x00,
	0x00, 0x00, 0x00, 0x00, 0x00, 0x00, 0x00, 0x00, 0x00, 0x00, 0x00, 0x00,
	0x00, 0x00, 0x00, 0x00, 0x00, 0x00, 0x00, 0x00, 0x00, 0x00, 0x00, 0x00,
	0x00, 0x00, 0x00, 0x00, 0x00, 0x00, 0x00, 0x00, 0x00, 0x00, 0x00, 0x00,
	0x00, 0x00, 0x00, 0x00, 0x00, 0x00, 0x00, 0x00, 0x00, 0x00, 0x00, 0x00,
	0x0f, 0xe0, 0x0f, 0xe0, 0x0f, 0xe0, 0x0f, 0xe0, 0x0f, 0xe0, 0x0f, 0xe0,
	0x0f, 0xe0, 0x0f, 0xc0, 0x1f, 0x80, 0x1f, 0x00, 0x1f, 0x00, 0x3e, 0x00,
	0x3c, 0x00, 0x00, 0x00, 0x00, 0x00, 0x00, 0x00, 0x00, 0x00, 0x00, 0x00,
	0x00, 0x00, 0x00, 0x00, 0x00, 0x00, 0x00, 0x00, 0x00, 0x00, 0x00, 0x00,
	0x00, 0x00, 0x00, 0x00, 0x00, 0x00, 0x00, 0x00, 0x00, 0x00, 0x00, 0x00,
	0x00, 0x00, 0x00, 0x00, 0x00, 0x00, 0x00, 0x00, 0x00, 0x00, 0x00, 0x00,
	0x00, 0x00, 0x00, 0x00, 0x00, 0x00, 0x00, 0x00, 0x00, 0x00, 0x00, 0x00,
	0x00, 0x00, 0x00, 0x00, 0x00, 0x00, 0x00, 0x00, 0x00, 0x00, 0x00, 0x00,
	0x00, 0x00, 0x00, 0x00, 0x00, 0x00, 0x00, 0x00, 0x00, 0x00, 0x00, 0x00,
	0x3f, 0xfc, 0x00, 0x3f, 0xfc, 0x00, 0x3f, 0xfc, 0x00, 0x3f, 0xfc, 0x00,
	0x3f, 0xfc, 0x00, 0x3f, 0xfc, 0x00, 0x00, 0x00, 0x00, 0x00, 0x00, 0x00,
	0x00, 0x00, 0x00, 0x00, 0x00, 0x00, 0x00, 0x00, 0x00, 0x00, 0x00, 0x00,
	0x00, 0x00, 0x00, 0x00, 0x00, 0x00, 0x00, 0x00, 0x00, 0x00, 0x00, 0x00,
	0x00, 0x00, 0x00, 0x00, 0x00, 0x00, 0x00, 0x00, 0x00, 0x00, 0x00, 0x00,
	0x00, 0x00, 0x00, 0x00, 0x00, 0x00, 0x00, 0x00, 0x00, 0x00, 0x00, 0x00,
	0x00, 0x00, 0x00, 0x00, 0x00, 0x00, 0x00, 0x00, 0x00, 0x00, 0x00, 0x00,
	0x00, 0x00, 0x00, 0x00, 0x00, 0x00, 0x00, 0x00, 0x00, 0x00, 0x00, 0x00,
	0x00, 0x00, 0x00, 0x00, 0x00, 0x00, 0x00, 0x00, 0x00, 0x00, 0x00, 0x00,
	0x00, 0x00, 0x00, 0x00, 0x00, 0x00, 0x00, 0x00, 0x00, 0x00, 0x00, 0x00,
	0x00, 0x00, 0x00, 0x00, 0x00, 0x00, 0x00, 0x00, 0x00, 0x00, 0x00, 0x00,
	0x0f, 0xe0, 0x0f, 0xe0, 0x0f, 0xe0, 0x0f, 0xe0, 0x0f, 0xe0, 0x0f, 0xe0,
	0x0f, 0xe0, 0x0f, 0xe0, 0x00, 0x00, 0x00, 0x00, 0x00, 0x00, 0x00, 0x00,
	0x00, 0x00, 0x00, 0x00, 0x00, 0x00, 0x00, 0x00, 0x00, 0x00, 0x00, 0x00,
	0x00, 0x00, 0x00, 0x00, 0x00, 0x00, 0x00, 0x00, 0x00, 0x00, 0x00, 0x00,
	0x00, 0x00, 0x00, 0x00, 0x00, 0x00, 0x00, 0x3e, 0x00, 0x3e, 0x00, 0x3c,
	0x00, 0x7c, 0x00, 0x7c, 0x00, 0x78, 0x00, 0xf8, 0x00, 0xf8, 0x00, 0xf0,
	0x01, 0xf0, 0x01, 0xf0, 0x01, 0xe0, 0x01, 0xe0, 0x03, 0xe0, 0x03, 0xc0,
	0x03, 0xc0, 0x07, 0xc0, 0x07, 0x80, 0x07, 0x80, 0x0f, 0x80, 0x0f, 0x00,
	0x0f, 0x00, 0x1f, 0x00, 0x1e, 0x00, 0x1e, 0x00, 0x3e, 0x00, 0x3e, 0x00,
	0x3c, 0x00, 0x7c, 0x00, 0x7c, 0x00, 0x78, 0x00, 0xf8, 0x00, 0xf8, 0x00,
	0x00, 0x00, 0x00, 0x00, 0x00, 0x00, 0x00, 0x00, 0x00, 0x00, 0x00, 0x00,
	0x00, 0x00, 0x00, 0x00, 0x00, 0x00, 0x00, 0x00, 0x00, 0x00, 0x00, 0x00,
	0x00, 0x00, 0x00, 0x00, 0x00, 0x00, 0x00, 0x00, 0x00, 0x00, 0x00, 0x00,
	0x00, 0x00, 0x00, 0x00, 0x00, 0x00, 0x00, 0x00, 0x00, 0x3f, 0xc0, 0x00,
	0x00, 0xff, 0xf0, 0x00, 0x03, 0xff, 0xfc, 0x00, 0x07, 0xff, 0xfe, 0x00,
	0x07, 0xff, 0xfe, 0x00, 0x0f, 0xf0, 0xff, 0x00, 0x0f, 0xe0, 0x7f, 0x00,
	0x1f, 0xe0, 0x7f, 0x80, 0x1f, 0xe0, 0x7f, 0x80, 0x1f, 0xc0, 0x3f, 0x80,
	0x3f, 0xc0, 0x3f, 0xc0, 0x3f, 0xc0, 0x3f, 0xc0, 0x3f, 0xc0, 0x3f, 0xc0,
	0x3f, 0xc0, 0x3f, 0xc0, 0x3f, 0xc0, 0x3f, 0xc0, 0x3f, 0xc0, 0x3f, 0xc0,
	0x3f, 0xc0, 0x3f, 0xc0, 0x3f, 0xc0, 0x3f, 0xc0, 0x3f, 0xc0, 0x3f, 0xc0,
	0x3f, 0xc0, 0x3f, 0xc0, 0x1f, 0xc0, 0x3f, 0x80, 0x1f, 0xe0, 0x7f, 0x80,
	0x1f, 0xe0, 0x7f, 0x80, 0x0f, 0xe0, 0x7f, 0x00, 0x0f, 0xf0, 0xff, 0x00,
	0x07, 0xff, 0xfe, 0x00, 0x07, 0xff, 0xfe, 0x00, 0x03, 0xff, 0xf8, 0x00,
	0x00, 0xff, 0xf0, 0x00, 0x00, 0x3f, 0xc0, 0x00, 0x00, 0x00, 0x00, 0x00,
	0x00, 0x00, 0x00, 0x00, 0x00, 0x00, 0x00, 0x00, 0x00, 0x00, 0x00, 0x00,
	0x00, 0x00, 0x00, 0x00, 0x00, 0x00, 0x00, 0x00, 0x00, 0x00, 0x00, 0x00,
	0x00, 0x00, 0x00, 0x00, 0x00, 0x00, 0x00, 0x00, 0x00, 0x00, 0x00, 0x00,
	0x00, 0x00, 0x00, 0x00, 0x00, 0x00, 0x00, 0x00, 0x00, 0x00, 0x00, 0x00,
	0x00, 0x00, 0x00, 0x00, 0x00, 0x00, 0x00, 0x00, 0x00, 0x00, 0x00, 0x00,
	0x00, 0x00, 0x00, 0x00, 0x00, 0x00, 0x00, 0x00, 0x00, 0x00, 0x00, 0x00,
	0x01, 0xff, 0xc0, 0x00, 0x0f, 0xff, 0xc0, 0x00, 0x0f, 0xff, 0xc0, 0x00,
	0x0f, 0xff, 0xc0, 0x00, 0x0f, 0xff, 0xc0, 0x00, 0x0f, 0x1f, 0xc0, 0x00,
	0x00, 0x1f, 0xc0, 0x00, 0x00, 0x1f, 0xc0, 0x00, 0x00, 0x1f, 0xc0, 0x00,
	0x00, 0x1f, 0xc0, 0x00, 0x00, 0x1f, 0xc0, 0x00, 0x00, 0x1f, 0xc0, 0x00,
	0x00, 0x1f, 0xc0, 0x00, 0x00, 0x1f, 0xc0, 0x00, 0x00, 0x1f, 0xc0, 0x00,
	0x00, 0x1f, 0xc0, 0x00, 0x00, 0x1f, 0xc0, 0x00, 0x00, 0x1f, 0xc0, 0x00,
	0x00, 0x1f, 0xc0, 0x00, 0x00, 0x1f, 0xc0, 0x00, 0x00, 0x1f, 0xc0, 0x00,
	0x00, 0x1f, 0xc0, 0x00, 0x00, 0x1f, 0xc0, 0x00, 0x00, 0x1f, 0xc0, 0x00,
	0x0f, 0xff, 0xff, 0x80, 0x0f, 0xff, 0xff, 0x80, 0x0f, 0xff, 0xff, 0x80,
	0x0f, 0xff, 0xff, 0x80, 0x0f, 0xff, 0xff, 0x80, 0x00, 0x00, 0x00, 0x00,
	0x00, 0x00, 0x00, 0x00, 0x00, 0x00, 0x00, 0x00, 0x00, 0x00, 0x00, 0x00,
	0x00, 0x00, 0x00, 0x00, 0x00, 0x00, 0x00, 0x00, 0x00, 0x00, 0x00, 0x00,
	0x00, 0x00, 0x00, 0x00, 0x00, 0x00, 0x00, 0x00, 0x00, 0x00, 0x00, 0x00,
	0x00, 0x00, 0x00, 0x00, 0x00, 0x00, 0x00, 0x00, 0x00, 0x00, 0x00, 0x00,
	0x00, 0x00, 0x00, 0x00, 0x00, 0x00, 0x00, 0x00, 0x00, 0x00, 0x00, 0x00,
	0x00, 0x00, 0x00, 0x00, 0x00, 0x00, 0x00, 0x00, 0x00, 0xff, 0x80, 0x00,
	0x0f, 0xff, 0xf0, 0x00, 0x1f, 0xff, 0xf8, 0x00, 0x1f, 0xff, 0xfc, 0x00,
	0x1f, 0xff, 0xfe, 0x00, 0x1f, 0x03, 0xfe, 0x00, 0x1c, 0x01, 0xff, 0x00,
	0x10, 0x00, 0xff, 0x00, 0x00, 0x00, 0xff, 0x00, 0x00, 0x00, 0xff, 0x00,
	0x00, 0x00, 0xff, 0x00, 0x00, 0x00, 0xfe, 0x00, 0x00, 0x01, 0xfe, 0x00,
	0x00, 0x03, 0xfc, 0x00, 0x00, 0x07, 0xfc, 0x00, 0x00, 0x0f, 0xf8, 0x00,
	0x00, 0x1f, 0xf0, 0x00, 0x00, 0x3f, 0xe0, 0x00, 0x00, 0x7f, 0x80, 0x00,
	0x00, 0xff, 0x00, 0x00, 0x01, 0xfe, 0x00, 0x00, 0x03, 0xfc, 0x00, 0x00,
	0x07, 0xf8, 0x00, 0x00, 0x0f, 0xf0, 0x00, 0x00, 0x1f, 0xff, 0xff, 0x00,
	0x1f, 0xff, 0xff, 0x00, 0x1f, 0xff, 0xff, 0x00, 0x1f, 0xff, 0xff, 0x00,
	0x1f, 0xff, 0xff, 0x00, 0x1f, 0xff, 0xff, 0x00, 0x00, 0x00, 0x00, 0x00,
	0x00, 0x00, 0x00, 0x00, 0x00, 0x00, 0x00, 0x00, 0x00, 0x00, 0x00, 0x00,
	0x00, 0x00, 0x00, 0x00, 0x00, 0x00, 0x00, 0x00, 0x00, 0x00, 0x00, 0x00,
	0x00, 0x00, 0x00, 0x00, 0x00, 0x00, 0x00, 0x00, 0x00, 0x00, 0x00, 0x00,
	0x00, 0x00, 0x00, 0x00, 0x00, 0x00, 0x00, 0x00, 0x00, 0x00, 0x00, 0x00,
	0x00, 0x00, 0x00, 0x00, 0x00, 0x00, 0x00, 0x00, 0x00, 0x00, 0x00, 0x00,
	0x00, 0x00, 0x00, 0x00, 0x00, 0x00, 0x00, 0x00, 0x01, 0xff, 0xc0, 0x00,
	0x0f, 0xff, 0xf8, 0x00, 0x0f, 0xff, 0xfc, 0x00, 0x0f, 0xff, 0xfe, 0x00,
	0x0f, 0xff, 0xfe, 0x00, 0x0f, 0x03, 0xff, 0x00, 0x08, 0x01, 0xff, 0x00,
	0x00, 0x00, 0xff, 0x00, 0x00, 0x00, 0xff, 0x00, 0x00, 0x00, 0xff, 0x00,
	0x00, 0x01, 0xfe, 0x00, 0x00, 0x03, 0xfe, 0x00, 0x00, 0xff, 0xf8, 0x00,
	0x00, 0xff, 0xe0, 0x00, 0x00, 0xff, 0xf8, 0x00, 0x00, 0xff, 0xfc, 0x00,
	0x00, 0xff, 0xfe, 0x00, 0x00, 0x03, 0xff, 0x00, 0x00, 0x00, 0xff, 0x80,
	0x00, 0x00, 0x7f, 0x80, 0x00, 0x00, 0x7f, 0x80, 0x00, 0x00, 0x7f, 0x80,
	0x00, 0x00, 0x7f, 0x80, 0x10, 0x00, 0xff, 0x80, 0x1e, 0x03, 0xff, 0x00,
	0x1f, 0xff, 0xff, 0x00, 0x1f, 0xff, 0xfe, 0x00, 0x1f, 0xff, 0xfc, 0x00,
	0x1f, 0xff, 0xf0, 0x00, 0x03, 0xff, 0x80, 0x00, 0x00, 0x00, 0x00, 0x00,
	0x00, 0x00, 0x00, 0x00, 0x00, 0x00, 0x00, 0x00, 0x00, 0x00, 0x00, 0x00,
	0x00, 0x00, 0x00, 0x00, 0x00, 0x00, 0x00, 0x00, 0x00, 0x00, 0x00, 0x00,
	0x00, 0x00, 0x00, 0x00, 0x00, 0x00, 0x00, 0x00, 0x00, 0x00, 0x00, 0x00,
	0x00, 0x00, 0x00, 0x00, 0x00, 0x00, 0x00, 0x00, 0x00, 0x00, 0x00, 0x00,
	0x00, 0x00, 0x00, 0x00, 0x00, 0x00, 0x00, 0x00, 0x00, 0x00, 0x00, 0x00,
	0x00, 0x00, 0x00, 0x00, 0x00, 0x00, 0x00, 0x00, 0x00, 0x00, 0x00, 0x00,
	0x00, 0x07, 0xfc, 0x00, 0x00, 0x07, 0xfc, 0x00, 0x00, 0x0f, 0xfc, 0x00,
	0x00, 0x1f, 0xfc, 0x00, 0x00, 0x1f, 0xfc, 0x00, 0x00, 0x3f, 0xfc, 0x00,
	0x00, 0x7f, 0xfc, 0x00, 0x00, 0xfd, 0xfc, 0x00, 0x00, 0xf9, 0xfc, 0x00,
	0x01, 0xf9, 0xfc, 0x00, 0x03, 0xf1, 0xfc, 0x00, 0x03, 0xe1, 0xfc, 0x00,
	0x07, 0xe1, 0xfc, 0x00, 0x0f, 0xc1, 0xfc, 0x00, 0x0f, 0x81, 0xfc, 0x00,
	0x1f, 0x01, 0xfc, 0x00, 0x3f, 0x01, 0xfc, 0x00, 0x3e, 0x01, 0xfc, 0x00,
	0x3f, 0xff, 0xff, 0xc0, 0x3f, 0xff, 0xff, 0xc0, 0x3f, 0xff, 0xff, 0xc0,
	0x3f, 0xff, 0xff, 0xc0, 0x3f, 0xff, 0xff, 0xc0, 0x00, 0x01, 0xfc, 0x00,
	0x00, 0x01, 0xfc, 0x00, 0x00, 0x01, 0xfc, 0x00, 0x00, 0x01, 0xfc, 0x00,
	0x00, 0x01, 0xfc, 0x00, 0x00, 0x01, 0xfc, 0x00, 0x00, 0x00, 0x00, 0x00,
	0x00, 0x00, 0x00, 0x00, 0x00, 0x00, 0x00, 0x00, 0x00, 0x00, 0x00, 0x00,
	0x00, 0x00, 0x00, 0x00, 0x00, 0x00, 0x00, 0x00, 0x00, 0x00, 0x00, 0x00,
	0x00, 0x00, 0x00, 0x00, 0x00, 0x00, 0x00, 0x00, 0x00, 0x00, 0x00, 0x00,
	0x00, 0x00, 0x00, 0x00, 0x00, 0x00, 0x00, 0x00, 0x00, 0x00, 0x00, 0x00,
	0x00, 0x00, 0x00, 0x00, 0x00, 0x00, 0x00, 0x00, 0x00, 0x00, 0x00, 0x00,
	0x00, 0x00, 0x00, 0x00, 0x00, 0x00, 0x00, 0x00, 0x00, 0x00, 0x00, 0x00,
	0x0f, 0xff, 0xfe, 0x00, 0x0f, 0xff, 0xfe, 0x00, 0x0f, 0xff, 0xfe, 0x00,
	0x0f, 0xff, 0xfe, 0x00, 0x0f, 0xff, 0xfe, 0x00, 0x0f, 0xff, 0xfe, 0x00,
	0x0f, 0xc0, 0x00, 0x00, 0x0f, 0xc0, 0x00, 0x00, 0x0f, 0xc0, 0x00, 0x00,
	0x0f, 0xff, 0xc0, 0x00, 0x0f, 0xff, 0xf0, 0x00, 0x0f, 0xff, 0xfc, 0x00,
	0x0f, 0xff, 0xfe, 0x00, 0x0f, 0xff, 0xff, 0x00, 0x0f, 0x03, 0xff, 0x00,
	0x08, 0x00, 0xff, 0x00, 0x00, 0x00, 0xff, 0x80, 0x00, 0x00, 0x7f, 0x80,
	0x00, 0x00, 0x7f, 0x80, 0x00, 0x00, 0x7f, 0x80, 0x00, 0x00, 0x7f, 0x80,
	0x10, 0x00, 0xff, 0x80, 0x1c, 0x00, 0xff, 0x00, 0x1f, 0x03, 0xff, 0x00,
	0x1f, 0xff, 0xfe, 0x00, 0x1f, 0xff, 0xfe, 0x00, 0x1f, 0xff, 0xfc, 0x00,
	0x0f, 0xff, 0xf0, 0x00, 0x00, 0xff, 0x80, 0x00, 0x00, 0x00, 0x00, 0x00,
	0x00, 0x00, 0x00, 0x00, 0x00, 0x00, 0x00, 0x00, 0x00, 0x00, 0x00, 0x00,
	0x00, 0x00, 0x00, 0x00, 0x00, 0x00, 0x00, 0x00, 0x00, 0x00, 0x00, 0x00,
	0x00, 0x00, 0x00, 0x00, 0x00, 0x00, 0x00, 0x00, 0x00, 0x00, 0x00, 0x00,
	0x00, 0x00, 0x00, 0x00, 0x00, 0x00, 0x00, 0x00, 0x00, 0x00, 0x00, 0x00,
	0x00, 0x00, 0x00, 0x00, 0x00, 0x00, 0x00, 0x00, 0x00, 0x00, 0x00, 0x00,
	0x00, 0x00, 0x00, 0x00, 0x00, 0x00, 0x00, 0x00, 0x00, 0x1f, 0xe0, 0x00,
	0x00, 0x7f, 0xfc, 0x00, 0x01, 0xff, 0xfe, 0x00, 0x03, 0xff, 0xfe, 0x00,
	0x07, 0xff, 0xfe, 0x00, 0x07, 0xf8, 0x0e, 0x00, 0x0f, 0xf0, 0x02, 0x00,
	0x1f, 0xc0, 0x00, 0x00, 0x1f, 0xc0, 0x00, 0x00, 0x1f, 0x80, 0x00, 0x00,
	0x3f, 0x8f, 0xe0, 0x00, 0x3f, 0xbf, 0xf8, 0x00, 0x3f, 0xff, 0xfc, 0x00,
	0x3f, 0xff, 0xfe, 0x00, 0x3f, 0xff, 0xff, 0x00, 0x3f, 0xf0, 0xff, 0x00,
	0x3f, 0xe0, 0x7f, 0x80, 0x3f, 0xc0, 0x3f, 0x80, 0x3f, 0xc0, 0x3f, 0x80,
	0x3f, 0xc0, 0x3f, 0x80, 0x3f, 0xc0, 0x3f, 0x80, 0x1f, 0xc0, 0x3f, 0x80,
	0x1f, 0xc0, 0x3f, 0x80, 0x1f, 0xe0, 0x7f, 0x00, 0x0f, 0xf0, 0xff, 0x00,
	0x07, 0xff, 0xfe, 0x00, 0x07, 0xff, 0xfe, 0x00, 0x03, 0xff, 0xfc, 0x00,
	0x00, 0xff, 0xf0, 0x00, 0x00, 0x3f, 0xc0, 0x00, 0x00, 0x00, 0x00, 0x00,
	0x00, 0x00, 0x00, 0x00, 0x00, 0x00, 0x00, 0x00, 0x00, 0x00, 0x00, 0x00,
	0x00, 0x00, 0x00, 0x00, 0x00, 0x00, 0x00, 0x00, 0x00, 0x00, 0x00, 0x00,
	0x00, 0x00, 0x00, 0x00, 0x00, 0x00, 0x00, 0x00, 0x00, 0x00, 0x00, 0x00,
	0x00, 0x00, 0x00, 0x00, 0x00, 0x00, 0x00, 0x00, 0x00, 0x00, 0x00, 0x00,
	0x00, 0x00, 0x00, 0x00, 0x00, 0x00, 0x00, 0x00, 0x00, 0x00, 0x00, 0x00,
	0x00, 0x00, 0x00, 0x00, 0x00, 0x00, 0x00, 0x00, 0x00, 0x00, 0x00, 0x00,
	0x1f, 0xff, 0xff, 0x80, 0x1f, 0xff, 0xff, 0x80, 0x1f, 0xff, 0xff, 0x80,
	0x1f, 0xff, 0xff, 0x80, 0x1f, 0xff, 0xff, 0x80, 0x1f, 0xff, 0xff, 0x00,
	0x00, 0x00, 0x7f, 0x00, 0x00, 0x00, 0xff, 0x00, 0x00, 0x00, 0xfe, 0x00,
	0x00, 0x01, 0xfe, 0x00, 0x00, 0x01, 0xfc, 0x00, 0x00, 0x03, 0xfc, 0x00,
	0x00, 0x03, 0xf8, 0x00, 0x00, 0x03, 0xf8, 0x00, 0x00, 0x07, 0xf0, 0x00,
	0x00, 0x07, 0xf0, 0x00, 0x00, 0x0f, 0xe0, 0x00, 0x00, 0x0f, 0xe0, 0x00,
	0x00, 0x1f, 0xc0, 0x00, 0x00, 0x1f, 0xc0, 0x00, 0x00, 0x3f, 0xc0, 0x00,
	0x00, 0x3f, 0x80, 0x00, 0x00, 0x7f, 0x80, 0x00, 0x00, 0x7f, 0x00, 0x00,
	0x00, 0xff, 0x00, 0x00, 0x00, 0xfe, 0x00, 0x00, 0x01, 0xfe, 0x00, 0x00,
	0x01, 0xfc, 0x00, 0x00, 0x01, 0xfc, 0x00, 0x00, 0x00, 0x00, 0x00, 0x00,
	0x00, 0x00, 0x00, 0x00, 0x00, 0x00, 0x00, 0x00, 0x00, 0x00, 0x00, 0x00,
	0x00, 0x00, 0x00, 0x00, 0x00, 0x00, 0x00, 0x00, 0x00, 0x00, 0x00, 0x00,
	0x00, 0x00, 0x00, 0x00, 0x00, 0x00, 0x00, 0x00, 0x00, 0x00, 0x00, 0x00,
	0x00, 0x00, 0x00, 0x00, 0x00, 0x00, 0x00, 0x00, 0x00, 0x00, 0x00, 0x00,
	0x00, 0x00, 0x00, 0x00, 0x00, 0x00, 0x00, 0x00, 0x00, 0x00, 0x00, 0x00,
	0x00, 0x00, 0x00, 0x00, 0x00, 0x00, 0x00, 0x00, 0x00, 0x7f, 0xc0, 0x00,
	0x03, 0xff, 0xf8, 0x00, 0x07, 0xff, 0xfc, 0x00, 0x0f, 0xff, 0xfe, 0x00,
	0x0f, 0xff, 0xfe, 0x00, 0x1f, 0xf0, 0xff, 0x00, 0x1f, 0xc0, 0x7f, 0x00,
	0x1f, 0xc0, 0x7f, 0x00, 0x1f, 0xc0, 0x7f, 0x00, 0x1f, 0xc0, 0x7f, 0x00,
	0x1f, 0xc0, 0x7e, 0x00, 0x0f, 0xe0, 0xfe, 0x00, 0x07, 0xff, 0xfc, 0x00,
	0x03, 0xff, 0xf8, 0x00, 0x01, 0xff, 0xf0, 0x00, 0x07, 0xff, 0xfc, 0x00,
	0x0f, 0xff, 0xfe, 0x00, 0x1f, 0xe0, 0xff, 0x00, 0x1f, 0xc0, 0x7f, 0x00,
	0x3f, 0x80, 0x3f, 0x80, 0x3f, 0x80, 0x3f, 0x80, 0x3f, 0x80, 0x3f, 0x80,
	0x3f, 0x80, 0x3f, 0x80, 0x3f, 0xc0, 0x7f, 0x80, 0x3f, 0xe0, 0xff, 0x80,
	0x1f, 0xff, 0xff, 0x00, 0x1f, 0xff, 0xfe, 0x00, 0x0f, 0xff, 0xfe, 0x00,
	0x03, 0xff, 0xf8, 0x00, 0x00, 0x7f, 0xc0, 0x00, 0x00, 0x00, 0x00, 0x00,
	0x00, 0x00, 0x00, 0x00, 0x00, 0x00, 0x00, 0x00, 0x00, 0x00, 0x00, 0x00,
	0x00, 0x00, 0x00, 0x00, 0x00, 0x00, 0x00, 0x00, 0x00, 0x00, 0x00, 0x00,
	0x00, 0x00, 0x00, 0x00, 0x00, 0x00, 0x00, 0x00, 0x00, 0x00, 0x00, 0x00,
	0x00, 0x00, 0x00, 0x00, 0x00, 0x00, 0x00, 0x00, 0x00, 0x00, 0x00, 0x00,
	0x00, 0x00, 0x00, 0x00, 0x00, 0x00, 0x00, 0x00, 0x00, 0x00, 0x00, 0x00,
	0x00, 0x00, 0x00, 0x00, 0x00, 0x00, 0x00, 0x00, 0x00, 0x7f, 0x80, 0x00,
	0x01, 0xff, 0xe0, 0x00, 0x07, 0xff, 0xf8, 0x00, 0x0f, 0xff, 0xfc, 0x00,
	0x0f, 0xff, 0xfc, 0x00, 0x1f, 0xe1, 0xfe, 0x00, 0x1f, 0xc0, 0xff, 0x00,
	0x3f, 0x80, 0x7f, 0x00, 0x3f, 0x80, 0x7f, 0x00, 0x3f, 0x80, 0x7f, 0x00,
	0x3f, 0x80, 0x7f, 0x80, 0x3f, 0x80, 0x7f, 0x80, 0x3f, 0x80, 0x7f, 0x80,
	0x3f, 0xc0, 0xff, 0x80, 0x1f, 0xe1, 0xff, 0x80, 0x1f, 0xff, 0xff, 0x80,
	0x0f, 0xff, 0xff, 0x80, 0x07, 0xff, 0xff, 0x80, 0x03, 0xff, 0xbf, 0x80,
	0x00, 0xfe, 0x3f, 0x00, 0x00, 0x00, 0x7f, 0x00, 0x00, 0x00, 0x7f, 0x00,
	0x00, 0x00, 0xff, 0x00, 0x08, 0x01, 0xfe, 0x00, 0x0e, 0x03, 0xfe, 0x00,
	0x0f, 0xff, 0xfc, 0x00, 0x0f, 0xff, 0xf8, 0x00, 0x0f, 0xff, 0xf0, 0x00,
	0x07, 0xff, 0xc0, 0x00, 0x00, 0xfe, 0x00, 0x00, 0x00, 0x00, 0x00, 0x00,
	0x00, 0x00, 0x00, 0x00, 0x00, 0x00, 0x00, 0x00, 0x00, 0x00, 0x00, 0x00,
	0x00, 0x00, 0x00, 0x00, 0x00, 0x00, 0x00, 0x00, 0x00, 0x00, 0x00, 0x00,
	0x00, 0x00, 0x00, 0x00, 0x00, 0x00, 0x00, 0x00, 0x00, 0x00, 0x00, 0x00,
	0x00, 0x00, 0x00, 0x00, 0x00, 0x00, 0x00, 0x00, 0x00, 0x00, 0x00, 0x00,
	0x00, 0x00, 0x00, 0x00, 0x00, 0x00, 0x00, 0x00, 0x00, 0x00, 0x00, 0x00,
	0x00, 0x00, 0x00, 0x00, 0x00, 0x00, 0x00, 0x00, 0x0f, 0xe0, 0x0f, 0xe0,
	0x0f, 0xe0, 0x0f, 0xe0, 0x0f, 0xe0, 0x0f, 0xe0, 0x0f, 0xe0, 0x0f, 0xe0,
	0x00, 0x00, 0x00, 0x00, 0x00, 0x00, 0x00, 0x00, 0x00, 0x00, 0x00, 0x00,
	0x0f, 0xe0, 0x0f, 0xe0, 0x0f, 0xe0, 0x0f, 0xe0, 0x0f, 0xe0, 0x0f, 0xe0,
	0x0f, 0xe0, 0x0f, 0xe0, 0x00, 0x00, 0x00, 0x00, 0x00, 0x00, 0x00, 0x00,
	0x00, 0x00, 0x00, 0x00, 0x00, 0x00, 0x00, 0x00, 0x00, 0x00, 0x00, 0x00,
	0x00, 0x00, 0x00, 0x00, 0x00, 0x00, 0x00, 0x00, 0x00, 0x00, 0x00, 0x00,
	0x00, 0x00, 0x00, 0x00, 0x00, 0x00, 0x00, 0x00, 0x00, 0x00, 0x00, 0x00,
	0x00, 0x00, 0x00, 0x00, 0x00, 0x00, 0x00, 0x00, 0x0f, 0xe0, 0x0f, 0xe0,
	0x0f, 0xe0, 0x0f, 0xe0, 0x0f, 0xe0, 0x0f, 0xe0, 0x0f, 0xe0, 0x0f, 0xe0,
	0x00, 0x00, 0x00, 0x00, 0x00, 0x00, 0x00, 0x00, 0x00, 0x00, 0x00, 0x00,
	0x0f, 0xe0, 0x0f, 0xe0, 0x0f, 0xe0, 0x0f, 0xe0, 0x0f, 0xe0, 0x0f, 0xe0,
	0x0f, 0xe0, 0x0f, 0xc0, 0x1f, 0x80, 0x1f, 0x00, 0x1f, 0x00, 0x3e, 0x00,
	0x3c, 0x00, 0x00, 0x00, 0x00, 0x00, 0x00, 0x00, 0x00, 0x00, 0x00, 0x00,
	0x00, 0x00, 0x00, 0x00, 0x00, 0x00, 0x00, 0x00, 0x00, 0x00, 0x00, 0x00,
	0x00, 0x00, 0x00, 0x00, 0x00, 0x00, 0x00, 0x00, 0x00, 0x00, 0x00, 0x00,
	0x00, 0x00, 0x00, 0x00, 0x00, 0x00, 0x00, 0x00, 0x00, 0x00, 0x00, 0x00,
	0x00, 0x00, 0x00, 0x00, 0x00, 0x00, 0x00, 0x00, 0x00, 0x00, 0x00, 0x00,
	0x00, 0x00, 0x00, 0x00, 0x00, 0x00, 0x00, 0x00, 0x00, 0x00, 0x00, 0x00,
	0x00, 0x00, 0x00, 0x00, 0x00, 0x00, 0x00, 0x00, 0x00, 0x00, 0x00, 0x00,
	0x00, 0x08, 0x00, 0x00, 0x00, 0x00, 0x78, 0x00, 0x00, 0x00, 0x03, 0xf8,
	0x00, 0x00, 0x00, 0x1f, 0xf8, 0x00, 0x00, 0x00, 0x7f, 0xf8, 0x00, 0x00,
	0x03, 0xff, 0xe0, 0x00, 0x00, 0x1f, 0xff, 0x80, 0x00, 0x00, 0x7f, 0xfc,
	0x00, 0x00, 0x03, 0xff, 0xe0, 0x00, 0x00, 0x0f, 0xff, 0x00, 0x00, 0x00,
	0x0f, 0xf8, 0x00, 0x00, 0x00, 0x0f, 0xc0, 0x00, 0x00, 0x00, 0x0f, 0xf8,
	0x00, 0x00, 0x00, 0x0f, 0xff, 0x00, 0x00, 0x00, 0x03, 0xff, 0xe0, 0x00,
	0x00, 0x00, 0x7f, 0xfc, 0x00, 0x00, 0x00, 0x1f, 0xff, 0x80, 0x00, 0x00,
	0x03, 0xff, 0xe0, 0x00, 0x00, 0x00, 0x7f, 0xf8, 0x00, 0x00, 0x00, 0x1f,
	0xf8, 0x00, 0x00, 0x00, 0x03, 0xf8, 0x00, 0x00, 0x00, 0x00, 0x78, 0x00,
	0x00, 0x00, 0x00, 0x08, 0x00, 0x00, 0x00, 0x00, 0x00, 0x00, 0x00, 0x00,
	0x00, 0x00, 0x00, 0x00, 0x00, 0x00, 0x00, 0x00, 0x00, 0x00, 0x00, 0x00,
	0x00, 0x00, 0x00, 0x00, 0x00, 0x00, 0x00, 0x00, 0x00, 0x00, 0x00, 0x00,
	0x00, 0x00, 0x00, 0x00, 0x00, 0x00, 0x00, 0x00, 0x00, 0x00, 0x00, 0x00,
	0x00, 0x00, 0x00, 0x00, 0x00, 0x00, 0x00, 0x00, 0x00, 0x00, 0x00, 0x00,
	0x00, 0x00, 0x00, 0x00, 0x00, 0x00, 0x00, 0x00, 0x00, 0x00, 0x00, 0x00,
	0x00, 0x00, 0x00, 0x00, 0x00, 0x00, 0x00, 0x00, 0x00, 0x00, 0x00, 0x00,
	0x00, 0x00, 0x00, 0x00, 0x00, 0x00, 0x00, 0x00, 0x00, 0x00, 0x00, 0x00,
	0x00, 0x00, 0x00, 0x00, 0x00, 0x00, 0x00, 0x00, 0x00, 0x00, 0x00, 0x00,
	0x00, 0x00, 0x00, 0x00, 0x00, 0x00, 0x00, 0x00, 0x00, 0x00, 0x00, 0x00,
	0x00, 0x00, 0x00, 0x00, 0x00, 0x00, 0x00, 0x00, 0x00, 0x00, 0x00, 0x00,
	0x00, 0x00, 0x00, 0x00, 0x00, 0x00, 0x00, 0x00, 0x00, 0x00, 0x00, 0x00,
	0x00, 0x00, 0x00, 0x00, 0x00, 0x00, 0x00, 0x00, 0x00, 0x00, 0x00, 0x0f,
	0xff, 0xff, 0xf8, 0x00, 0x0f, 0xff, 0xff, 0xf8, 0x00, 0x0f, 0xff, 0xff,
	0xf8, 0x00, 0x0f, 0xff, 0xff, 0xf8, 0x00, 0x0f, 0xff, 0xff, 0xf8, 0x00,
	0x00, 0x00, 0x00, 0x00, 0x00, 0x00, 0x00, 0x00, 0x00, 0x00, 0x00, 0x00,
	0x00, 0x00, 0x00, 0x00, 0x00, 0x00, 0x00, 0x00, 0x0f, 0xff, 0xff, 0xf8,
	0x00, 0x0f, 0xff, 0xff, 0xf8, 0x00, 0x0f, 0xff, 0xff, 0xf8, 0x00, 0x0f,
	0xff, 0xff, 0xf8, 0x00, 0x0f, 0xff, 0xff, 0xf8, 0x00, 0x00, 0x00, 0x00,
	0x00, 0x00, 0x00, 0x00, 0x00, 0x00, 0x00, 0x00, 0x00, 0x00, 0x00, 0x00,
	0x00, 0x00, 0x00, 0x00, 0x00, 0x00, 0x00, 0x00, 0x00, 0x00, 0x00, 0x00,
	0x00, 0x00, 0x00, 0x00, 0x00, 0x00, 0x00, 0x00, 0x00, 0x00, 0x00, 0x00,
	0x00, 0x00, 0x00, 0x00, 0x00, 0x00, 0x00, 0x00, 0x00, 0x00, 0x00, 0x00,
	0x00, 0x00, 0x00, 0x00, 0x00, 0x00, 0x00, 0x00, 0x00, 0x00, 0x00, 0x00,
	0x00, 0x00, 0x00, 0x00, 0x00, 0x00, 0x00, 0x00, 0x00, 0x00, 0x00, 0x00,
	0x00, 0x00, 0x00, 0x00, 0x00, 0x00, 0x00, 0x00, 0x00, 0x00, 0x00, 0x00,
	0x00, 0x00, 0x00, 0x00, 0x00, 0x00, 0x00, 0x00, 0x00, 0x00, 0x00, 0x00,
	0x00, 0x00, 0x00, 0x00, 0x00, 0x00, 0x00, 0x00, 0x00, 0x00, 0x00, 0x00,
	0x00, 0x00, 0x00, 0x00, 0x00, 0x00, 0x00, 0x00, 0x00, 0x00, 0x00, 0x00,
	0x00, 0x00, 0x00, 0x00, 0x00, 0x00, 0x00, 0x00, 0x00, 0x00, 0x00, 0x00,
	0x00, 0x00, 0x00, 0x00, 0x00, 0x00, 0x00, 0x00, 0x00, 0x00, 0x08, 0x00,
	0x00, 0x00, 0x00, 0x0f, 0x00, 0x00, 0x00, 0x00, 0x0f, 0xe0, 0x00, 0x00,
	0x00, 0x0f, 0xfc, 0x00, 0x00, 0x00, 0x0f, 0xff, 0x00, 0x00, 0x00, 0x03,
	0xff, 0xe0, 0x00, 0x00, 0x00, 0xff, 0xfc, 0x00, 0x00, 0x00, 0x1f, 0xff,
	0x00, 0x00, 0x00, 0x03, 0xff, 0xe0, 0x00, 0x00, 0x00, 0x7f, 0xf8, 0x00,
	0x00, 0x00, 0x0f, 0xf8, 0x00, 0x00, 0x00, 0x01, 0xf8, 0x00, 0x00, 0x00,
	0x0f, 0xf8, 0x00, 0x00, 0x00, 0x7f, 0xf8, 0x00, 0x00, 0x03, 0xff, 0xe0,
	0x00, 0x00, 0x1f, 0xff, 0x00, 0x00, 0x00, 0xff, 0xfc, 0x00, 0x00, 0x03,
	0xff, 0xe0, 0x00, 0x00, 0x0f, 0xff, 0x00, 0x00, 0x00, 0x0f, 0xfc, 0x00,
	0x00, 0x00, 0x0f, 0xe0, 0x00, 0x00, 0x00, 0x0f, 0x00, 0x00, 0x00, 0x00,
	0x08, 0x00, 0x00, 0x00, 0x00, 0x00, 0x00, 0x00, 0x00, 0x00, 0x00, 0x00,
	0x00, 0x00, 0x00, 0x00, 0x00, 0x00, 0x00, 0x00, 0x00, 0x00, 0x00, 0x00,
	0x00, 0x00, 0x00, 0x00, 0x00, 0x00, 0x00, 0x00, 0x00, 0x00, 0x00, 0x00,
	0x00, 0x00, 0x00, 0x00, 0x00, 0x00, 0x00, 0x00, 0x00, 0x00, 0x00, 0x00,
	0x00, 0x00, 0x00, 0x00, 0x00, 0x00, 0x00, 0x00, 0x00, 0x00, 0x00, 0x00,
	0x00, 0x00, 0x00, 0x00, 0x00, 0x00, 0x00, 0x00, 0x00, 0x00, 0x00, 0x00,
	0x00, 0x00, 0x00, 0x00, 0x00, 0x00, 0x00, 0x00, 0x00, 0x00, 0x00, 0x00,
	0x00, 0x00, 0x00, 0x01, 0xff, 0x00, 0x0f, 0xff, 0xc0, 0x1f, 0xff, 0xe0,
	0x1f, 0xff, 0xf0, 0x1f, 0xff, 0xf0, 0x1f, 0x07, 0xf8, 0x18, 0x03, 0xf8,
	0x10, 0x03, 0xf8, 0x00, 0x03, 0xf8, 0x00, 0x03, 0xf8, 0x00, 0x07, 0xf0,
	0x00, 0x0f, 0xf0, 0x00, 0x1f, 0xe0, 0x00, 0x3f, 0xc0, 0x00, 0xff, 0x80,
	0x00, 0xff, 0x00, 0x01, 0xfe, 0x00, 0x01, 0xfc, 0x00, 0x01, 0xfc, 0x00,
	0x00, 0x00, 0x00, 0x00, 0x00, 0x00, 0x00, 0x00, 0x00, 0x01, 0xfc, 0x00,
	0x01, 0xfc, 0x00, 0x01, 0xfc, 0x00, 0x01, 0xfc, 0x00, 0x01, 0xfc, 0x00,
	0x01, 0xfc, 0x00, 0x01, 0xfc, 0x00, 0x00, 0x00, 0x00, 0x00, 0x00, 0x00,
	0x00, 0x00, 0x00, 0x00, 0x00, 0x00, 0x00, 0x00, 0x00, 0x00, 0x00, 0x00,
	0x00, 0x00, 0x00, 0x00, 0x00, 0x00, 0x00, 0x00, 0x00, 0x00, 0x00, 0x00,
	0x00, 0x00, 0x00, 0x00, 0x00, 0x00, 0x00, 0x00, 0x00, 0x00, 0x00, 0x00,
	0x00, 0x00, 0x00, 0x00, 0x00, 0x00, 0x00, 0x00, 0x00, 0x00, 0x00, 0x00,
	0x00, 0x00, 0x00, 0x00, 0x00, 0x00, 0x00, 0x00, 0x00, 0x00, 0x00, 0x00,
	0x00, 0x00, 0x00, 0x00, 0x00, 0x00, 0x00, 0x00, 0x00, 0x00, 0x00, 0x00,
	0x00, 0x00, 0x00, 0x00, 0x7f, 0xc0, 0x00, 0x00, 0x03, 0xff, 0xf8, 0x00,
	0x00, 0x0f, 0xff, 0xfe, 0x00, 0x00, 0x3f, 0xff, 0xff, 0x00, 0x00, 0x7f,
	0x80, 0x7f, 0x80, 0x00, 0xfe, 0x00, 0x0f, 0xc0, 0x01, 0xf8, 0x00, 0x07,
	0xe0, 0x03, 0xe0, 0x00, 0x01, 0xf0, 0x07, 0xc0, 0x00, 0x00, 0xf0, 0x07,
	0xc0, 0x7c, 0x78, 0xf8, 0x0f, 0x81, 0xff, 0x78, 0x78, 0x0f, 0x03, 0xff,
	0xf8, 0x7c, 0x0f, 0x07, 0xff, 0xf8, 0x3c, 0x1f, 0x07, 0xc1, 0xf8, 0x3c,
	0x1e, 0x0f, 0x80, 0xf8, 0x3c, 0x1e, 0x0f, 0x00, 0x78, 0x3c, 0x1e, 0x0f,
	0x00, 0x78, 0x3c, 0x1e, 0x0f, 0x00, 0x78, 0x3c, 0x1e, 0x0f, 0x00, 0x78,
	0x7c, 0x1e, 0x0f, 0x00, 0x78, 0x78, 0x1e, 0x0f, 0x80, 0xf8, 0xf8, 0x1f,
	0x07, 0xc1, 0xf9, 0xf0, 0x0f, 0x07, 0xff, 0xff, 0xe0, 0x0f, 0x03, 0xff,
	0xff, 0xe0, 0x0f, 0x81, 0xff, 0x7f, 0x80, 0x07, 0xc0, 0x7c, 0x7c, 0x00,
	0x07, 0xc0, 0x00, 0x00, 0x00, 0x03, 0xe0, 0x00, 0x00, 0x00, 0x01, 0xf8,
	0x00, 0x04, 0x00, 0x00, 0xfc, 0x00, 0x0e, 0x00, 0x00, 0x7f, 0x80, 0x7f,
	0x00, 0x00, 0x3f, 0xff, 0xfe, 0x00, 0x00, 0x1f, 0xff, 0xfc, 0x00, 0x00,
	0x07, 0xff, 0xf0, 0x00, 0x00, 0x00, 0xff, 0x80, 0x00, 0x00, 0x00, 0x00,
	0x00, 0x00, 0x00, 0x00, 0x00, 0x00, 0x00, 0x00, 0x00, 0x00, 0x00, 0x00,
	0x00, 0x00, 0x00, 0x00, 0x00, 0x00, 0x00, 0x00, 0x00, 0x00, 0x00, 0x00,
	0x00, 0x00, 0x00, 0x00, 0x00, 0x00, 0x00, 0x00, 0x00, 0x00, 0x00, 0x00,
	0x00, 0x00, 0x00, 0x00, 0x00, 0x00, 0x00, 0x00, 0x00, 0x00, 0x00, 0x00,
	0x00, 0x1f, 0xf0, 0x00, 0x00, 0x3f, 0xf8, 0x00, 0x00, 0x3f, 0xf8, 0x00,
	0x00, 0x3f, 0xf8, 0x00, 0x00, 0x7f, 0xfc, 0x00, 0x00, 0x7f, 0xfc, 0x00,
	0x00, 0xff, 0xfe, 0x00, 0x00, 0xfe, 0xfe, 0x00, 0x00, 0xfe, 0xfe, 0x00,
	0x01, 0xfe, 0x7f, 0x00, 0x01, 0xfc, 0x7f, 0x00, 0x01, 0xfc, 0x7f, 0x00,
	0x03, 0xf8, 0x3f, 0x80, 0x03, 0xf8, 0x3f, 0x80, 0x07, 0xf8, 0x3f, 0xc0,
	0x07, 0xf0, 0x1f, 0xc0, 0x07, 0xf0, 0x1f, 0xc0, 0x0f, 0xf0, 0x1f, 0xe0,
	0x0f, 0xff, 0xff, 0xe0, 0x0f, 0xff, 0xff, 0xe0, 0x1f, 0xff, 0xff, 0xf0,
	0x1f, 0xff, 0xff, 0xf0, 0x3f, 0xff, 0xff, 0xf8, 0x3f, 0x80, 0x03, 0xf8,
	0x3f, 0x80, 0x03, 0xf8, 0x7f, 0x80, 0x03, 0xfc, 0x7f, 0x00, 0x01, 0xfc,
	0x7f, 0x00, 0x01, 0xfc, 0xff, 0x00, 0x01, 0xfe, 0x00, 0x00, 0x00, 0x00,
	0x00, 0x00, 0x00, 0x00, 0x00, 0x00, 0x00, 0x00, 0x00, 0x00, 0x00, 0x00,
	0x00, 0x00, 0x00, 0x00, 0x00, 0x00, 0x00, 0x00, 0x00, 0x00, 0x00, 0x00,
	0x00, 0x00, 0x00, 0x00, 0x00, 0x00, 0x00, 0x00, 0x00, 0x00, 0x00, 0x00,
	0x00, 0x00, 0x00, 0x00, 0x00, 0x00, 0x00, 0x00, 0x00, 0x00, 0x00, 0x00,
	0x00, 0x00, 0x00, 0x00, 0x00, 0x00, 0x00, 0x00, 0x00, 0x00, 0x00, 0x00,
	0x00, 0x00, 0x00, 0x00, 0x00, 0x00, 0x00, 0x00, 0x00, 0x00, 0x00, 0x00,
	0x0f, 0xff, 0xf8, 0x00, 0x0f, 0xff, 0xff, 0x00, 0x0f, 0xff, 0xff, 0x80,
	0x0f, 0xff, 0xff, 0xc0, 0x0f, 0xff, 0xff, 0xc0, 0x0f, 0xf0, 0x3f, 0xe0,
	0x0f, 0xf0, 0x1f, 0xe0, 0x0f, 0xf0, 0x1f, 0xe0, 0x0f, 0xf0, 0x1f, 0xe0,
	0x0f, 0xf0, 0x1f, 0xe0, 0x0f, 0xf0, 0x1f, 0xe0, 0x0f, 0xf0, 0x3f, 0xc0,
	0x0f, 0xff, 0xff, 0x80, 0x0f, 0xff, 0xff, 0x00, 0x0f, 0xff, 0xff, 0x00,
	0x0f, 0xff, 0xff, 0x80, 0x0f, 0xff, 0xff, 0xc0, 0x0f, 0xf0, 0x3f, 0xe0,
	0x0f, 0xf0, 0x1f, 0xf0, 0x0f, 0xf0, 0x0f, 0xf0, 0x0f, 0xf0, 0x0f, 0xf0,
	0x0f, 0xf0, 0x0f, 0xf0, 0x0f, 0xf0, 0x1f, 0xf0, 0x0f, 0xf0, 0x3f, 0xf0,
	0x0f, 0xff, 0xff, 0xe0, 0x0f, 0xff, 0xff, 0xe0, 0x0f, 0xff, 0xff, 0xc0,
	0x0f, 0xff, 0xff, 0x00, 0x0f, 0xff, 0xfc, 0x00, 0x00, 0x00, 0x00, 0x00,
	0x00, 0x00, 0x00, 0x00, 0x00, 0x00, 0x00, 0x00, 0x00, 0x00, 0x00, 0x00,
	0x00, 0x00, 0x00, 0x00, 0x00, 0x00, 0x00, 0x00, 0x00, 0x00, 0x00, 0x00,
	0x00, 0x00, 0x00, 0x00, 0x00, 0x00, 0x00, 0x00, 0x00, 0x00, 0x00, 0x00,
	0x00, 0x00, 0x00, 0x00, 0x00, 0x00, 0x00, 0x00, 0x00, 0x00, 0x00, 0x00,
	0x00, 0x00, 0x00, 0x00, 0x00, 0x00, 0x00, 0x00, 0x00, 0x00, 0x00, 0x00,
	0x00, 0x00, 0x00, 0x00, 0x00, 0x00, 0x00, 0x00, 0x00, 0x07, 0xfe, 0x00,
	0x00, 0x3f, 0xff, 0xc0, 0x00, 0xff, 0xff, 0xe0, 0x01, 0xff, 0xff, 0xe0,
	0x03, 0xff, 0xff, 0xe0, 0x07, 0xfe, 0x03, 0xe0, 0x0f, 0xfc, 0x00, 0x60,
	0x0f, 0xf0, 0x00, 0x20, 0x1f, 0xf0, 0x00, 0x00, 0x1f, 0xe0, 0x00, 0x00,
	0x1f, 0xe0, 0x00, 0x00, 0x3f, 0xc0, 0x00, 0x00, 0x3f, 0xc0, 0x00, 0x00,
	0x3f, 0xc0, 0x00, 0x00, 0x3f, 0xc0, 0x00, 0x00, 0x3f, 0xc0, 0x00, 0x00,
	0x3f, 0xc0, 0x00, 0x00, 0x3f, 0xc0, 0x00, 0x00, 0x3f, 0xc0, 0x00, 0x00,
	0x3f, 0xe0, 0x00, 0x00, 0x1f, 0xe0, 0x00, 0x00, 0x1f, 0xf0, 0x00, 0x00,
	0x0f, 0xf0, 0x00, 0x20, 0x0f, 0xfc, 0x00, 0x60, 0x07, 0xff, 0x03, 0xe0,
	0x03, 0xff, 0xff, 0xe0, 0x01, 0xff, 0xff, 0xe0, 0x00, 0xff, 0xff, 0xe0,
	0x00, 0x3f, 0xff, 0xc0, 0x00, 0x07, 0xfe, 0x00, 0x00, 0x00, 0x00, 0x00,
	0x00, 0x00, 0x00, 0x00, 0x00, 0x00, 0x00, 0x00, 0x00, 0x00, 0x00, 0x00,
	0x00, 0x00, 0x00, 0x00, 0x00, 0x00, 0x00, 0x00, 0x00, 0x00, 0x00, 0x00,
	0x00, 0x00, 0x00, 0x00, 0x00, 0x00, 0x00, 0x00, 0x00, 0x00, 0x00, 0x00,
	0x00, 0x00, 0x00, 0x00, 0x00, 0x00, 0x00, 0x00, 0x00, 0x00, 0x00, 0x00,
	0x00, 0x00, 0x00, 0x00, 0x00, 0x00, 0x00, 0x00, 0x00, 0x00, 0x00, 0x00,
	0x00, 0x00, 0x00, 0x00, 0x00, 0x00, 0x00, 0x00, 0x00, 0x00, 0x00, 0x00,
	0x00, 0x00, 0x00, 0x00, 0x00, 0x00, 0x00, 0x00, 0x00, 0x0f, 0xff, 0xf0,
	0x00, 0x00, 0x0f, 0xff, 0xfe, 0x00, 0x00, 0x0f, 0xff, 0xff, 0x80, 0x00,
	0x0f, 0xff, 0xff, 0xc0, 0x00, 0x0f, 0xff, 0xff, 0xf0, 0x00, 0x0f, 0xf0,
	0x3f, 0xf0, 0x00, 0x0f, 0xf0, 0x0f, 0xf8, 0x00, 0x0f, 0xf0, 0x07, 0xfc,
	0x00, 0x0f, 0xf0, 0x03, 0xfc, 0x00, 0x0f, 0xf0, 0x03, 0xfc, 0x00, 0x0f,
	0xf0, 0x03, 0xfe, 0x00, 0x0f, 0xf0, 0x01, 0xfe, 0x00, 0x0f, 0xf0, 0x01,
	0xfe, 0x00, 0x0f, 0xf0, 0x01, 0xfe, 0x00, 0x0f, 0xf0, 0x01, 0xfe, 0x00,
	0x0f, 0xf0, 0x01, 0xfe, 0x00, 0x0f, 0xf0, 0x01, 0xfe, 0x00, 0x0f, 0xf0,
	0x01, 0xfe, 0x00, 0x0f, 0xf0, 0x03, 0xfe, 0x00, 0x0f, 0xf0, 0x03, 0xfc,
	0x00, 0x0f, 0xf0, 0x03, 0xfc, 0x00, 0x0f, 0xf0, 0x07, 0xfc, 0x00, 0x0f,
	0xf0, 0x0f, 0xf8, 0x00, 0x0f, 0xf0, 0x3f, 0xf0, 0x00, 0x0f, 0xff, 0xff,
	0xf0, 0x00, 0x0f, 0xff, 0xff, 0xc0, 0x00, 0x0f, 0xff, 0xff, 0x80, 0x00,
	0x0f, 0xff, 0xfe, 0x00, 0x00, 0x0f, 0xff, 0xf0, 0x00, 0x00, 0x00, 0x00,
	0x00, 0x00, 0x00, 0x00, 0x00, 0x00, 0x00, 0x00, 0x00, 0x00, 0x00, 0x00,
	0x00, 0x00, 0x00, 0x00, 0x00, 0x00, 0x00, 0x00, 0x00, 0x00, 0x00, 0x00,
	0x00, 0x00, 0x00, 0x00, 0x00, 0x00, 0x00, 0x00, 0x00, 0x00, 0x00, 0x00,
	0x00, 0x00, 0x00, 0x00, 0x00, 0x00, 0x00, 0x00, 0x00, 0x00, 0x00, 0x00,
	0x00, 0x00, 0x00, 0x00, 0x00, 0x00, 0x00, 0x00, 0x00, 0x00, 0x00, 0x00,
	0x00, 0x00, 0x00, 0x00, 0x00, 0x00, 0x00, 0x00, 0x00, 0x00, 0x00, 0x00,
	0x00, 0x00, 0x00, 0x00, 0x00, 0x00, 0x00, 0x00, 0x00, 0x00, 0x00, 0x00,
	0x0f, 0xff, 0xff, 0x80, 0x0f, 0xff, 0xff, 0x80, 0x0f, 0xff, 0xff, 0x80,
	0x0f, 0xff, 0xff, 0x80, 0x0f, 0xff, 0xff, 0x80, 0x0f, 0xf0, 0x00, 0x00,
	0x0f, 0xf0, 0x00, 0x00, 0x0f, 0xf0, 0x00, 0x00, 0x0f, 0xf0, 0x00, 0x00,
	0x0f, 0xf0, 0x00, 0x00, 0x0f, 0xf0, 0x00, 0x00, 0x0f, 0xf0, 0x00, 0x00,
	0x0f, 0xff, 0xff, 0x00, 0x0f, 0xff, 0xff, 0x00, 0x0f, 0xff, 0xff, 0x00,
	0x0f, 0xff, 0xff, 0x00, 0x0f, 0xff, 0xff, 0x00, 0x0f, 0xf0, 0x00, 0x00,
	0x0f, 0xf0, 0x00, 0x00, 0x0f, 0xf0, 0x00, 0x00, 0x0f, 0xf0, 0x00, 0x00,
	0x0f, 0xf0, 0x00, 0x00, 0x0f, 0xf0, 0x00, 0x00, 0x0f, 0xf0, 0x00, 0x00,
	0x0f, 0xff, 0xff, 0x80, 0x0f, 0xff, 0xff, 0x80, 0x0f, 0xff, 0xff, 0x80,
	0x0f, 0xff, 0xff, 0x80, 0x0f, 0xff, 0xff, 0x80, 0x00, 0x00, 0x00, 0x00,
	0x00, 0x00, 0x00, 0x00, 0x00, 0x00, 0x00, 0x00, 0x00, 0x00, 0x00, 0x00,
	0x00, 0x00, 0x00, 0x00, 0x00, 0x00, 0x00, 0x00, 0x00, 0x00, 0x00, 0x00,
	0x00, 0x00, 0x00, 0x00, 0x00, 0x00, 0x00, 0x00, 0x00, 0x00, 0x00, 0x00,
	0x00, 0x00, 0x00, 0x00, 0x00, 0x00, 0x00, 0x00, 0x00, 0x00, 0x00, 0x00,
	0x00, 0x00, 0x00, 0x00, 0x00, 0x00, 0x00, 0x00, 0x00, 0x00, 0x00, 0x00,
	0x00, 0x00, 0x00, 0x00, 0x00, 0x00, 0x00, 0x00, 0x00, 0x00, 0x00, 0x00,
	0x0f, 0xff, 0xff, 0x00, 0x0f, 0xff, 0xff, 0x00, 0x0f, 0xff, 0xff, 0x00,
	0x0f, 0xff, 0xff, 0x00, 0x0f, 0xff, 0xff, 0x00, 0x0f, 0xf0, 0x00, 0x00,
	0x0f, 0xf0, 0x00, 0x00, 0x0f, 0xf0, 0x00, 0x00, 0x0f, 0xf0, 0x00, 0x00,
	0x0f, 0xf0, 0x00, 0x00, 0x0f, 0xf0, 0x00, 0x00, 0x0f, 0xf0, 0x00, 0x00,
	0x0f, 0xff, 0xfe, 0x00, 0x0f, 0xff, 0xfe, 0x00, 0x0f, 0xff, 0xfe, 0x00,
	0x0f, 0xff, 0xfe, 0x00, 0x0f, 0xff, 0xfe, 0x00, 0x0f, 0xf0, 0x00, 0x00,
	0x0f, 0xf0, 0x00, 0x00, 0x0f, 0xf0, 0x00, 0x00, 0x0f, 0xf0, 0x00, 0x00,
	0x0f, 0xf0, 0x00, 0x00, 0x0f, 0xf0, 0x00, 0x00, 0x0f, 0xf0, 0x00, 0x00,
	0x0f, 0xf0, 0x00, 0x00, 0x0f, 0xf0, 0x00, 0x00, 0x0f, 0xf0, 0x00, 0x00,
	0x0f, 0xf0, 0x00, 0x00, 0x0f, 0xf0, 0x00, 0x00, 0x00, 0x00, 0x00, 0x00,
	0x00, 0x00, 0x00, 0x00, 0x00, 0x00, 0x00, 0x00, 0x00, 0x00, 0x00, 0x00,
	0x00, 0x00, 0x00, 0x00, 0x00, 0x00, 0x00, 0x00, 0x00, 0x00, 0x00, 0x00,
	0x00, 0x00, 0x00, 0x00, 0x00, 0x00, 0x00, 0x00, 0x00, 0x00, 0x00, 0x00,
	0x00, 0x00, 0x00, 0x00, 0x00, 0x00, 0x00, 0x00, 0x00, 0x00, 0x00, 0x00,
	0x00, 0x00, 0x00, 0x00, 0x00, 0x00, 0x00, 0x00, 0x00, 0x00, 0x00, 0x00,
	0x00, 0x00, 0x00, 0x00, 0x00, 0x00, 0x00, 0x00, 0x00, 0x00, 0x00, 0x00,
	0x00, 0x00, 0x00, 0x00, 0x00, 0x07, 0xff, 0x00, 0x00, 0x00, 0x3f, 0xff,
	0xf0, 0x00, 0x00, 0xff, 0xff, 0xf8, 0x00, 0x01, 0xff, 0xff, 0xf8, 0x00,
	0x03, 0xff, 0xff, 0xf8, 0x00, 0x07, 0xff, 0x01, 0xf8, 0x00, 0x0f, 0xfc,
	0x00, 0x38, 0x00, 0x0f, 0xf8, 0x00, 0x08, 0x00, 0x1f, 0xf0, 0x00, 0x00,
	0x00, 0x1f, 0xe0, 0x00, 0x00, 0x00, 0x3f, 0xe0, 0x00, 0x00, 0x00, 0x3f,
	0xc0, 0x00, 0x00, 0x00, 0x3f, 0xc0, 0x00, 0x00, 0x00, 0x3f, 0xc0, 0x00,
	0x00, 0x00, 0x3f, 0xc0, 0x3f, 0xfc, 0x00, 0x3f, 0xc0, 0x3f, 0xfc, 0x00,
	0x3f, 0xc0, 0x3f, 0xfc, 0x00, 0x3f, 0xc0, 0x3f, 0xfc, 0x00, 0x3f, 0xc0,
	0x3f, 0xfc, 0x00, 0x3f, 0xe0, 0x01, 0xfc, 0x00, 0x1f, 0xe0, 0x01, 0xfc,
	0x00, 0x1f, 0xf0, 0x01, 0xfc, 0x00, 0x0f, 0xf0, 0x01, 0xfc, 0x00, 0x0f,
	0xfc, 0x01, 0xfc, 0x00, 0x07, 0xff, 0x01, 0xfc, 0x00, 0x03, 0xff, 0xff,
	0xfc, 0x00, 0x01, 0xff, 0xff, 0xfc, 0x00, 0x00, 0xff, 0xff, 0xfc, 0x00,
	0x00, 0x3f, 0xff, 0xe0, 0x00, 0x00, 0x07, 0xfe, 0x00, 0x00, 0x00, 0x00,
	0x00, 0x00, 0x00, 0x00, 0x00, 0x00, 0x00, 0x00, 0x00, 0x00, 0x00, 0x00,
	0x00, 0x00, 0x00, 0x00, 0x00, 0x00, 0x00, 0x00, 0x00, 0x00, 0x00, 0x00,
	0x00, 0x00, 0x00, 0x00, 0x00, 0x00, 0x00, 0x00, 0x00, 0x00, 0x00, 0x00,
	0x00, 0x00, 0x00, 0x00, 0x00, 0x00, 0x00, 0x00, 0x00, 0x00, 0x00, 0x00,
	0x00, 0x00, 0x00, 0x00, 0x00, 0x00, 0x00, 0x00, 0x00, 0x00, 0x00, 0x00,
	0x00, 0x00, 0x00, 0x00, 0x00, 0x00, 0x00, 0x00, 0x00, 0x00, 0x00, 0x00,
	0x00, 0x00, 0x00, 0x00, 0x00, 0x00, 0x00, 0x00, 0x00, 0x00, 0x00, 0x00,
	0x00, 0x00, 0x00, 0x00, 0x00, 0x00, 0x00, 0x00, 0x00, 0x0f, 0xf0, 0x03,
	0xfc, 0x00, 0x0f, 0xf0, 0x03, 0xfc, 0x00, 0x0f, 0xf0, 0x03, 0xfc, 0x00,
	0x0f, 0xf0, 0x03, 0xfc, 0x00, 0x0f, 0xf0, 0x03, 0xfc, 0x00, 0x0f, 0xf0,
	0x03, 0xfc, 0x00, 0x0f, 0xf0, 0x03, 0xfc, 0x00, 0x0f, 0xf0, 0x03, 0xfc,
	0x00, 0x0f, 0xf0, 0x03, 0xfc, 0x00, 0x0f, 0xf0, 0x03, 0xfc, 0x00, 0x0f,
	0xf0, 0x03, 0xfc, 0x00, 0x0f, 0xf0, 0x03, 0xfc, 0x00, 0x0f, 0xff, 0xff,
	0xfc, 0x00, 0x0f, 0xff, 0xff, 0xfc, 0x00, 0x0f, 0xff, 0xff, 0xfc, 0x00,
	0x0f, 0xff, 0xff, 0xfc, 0x00, 0x0f, 0xff, 0xff, 0xfc, 0x00, 0x0f, 0xf0,
	0x03, 0xfc, 0x00, 0x0f, 0xf0, 0x03, 0xfc, 0x00, 0x0f, 0xf0, 0x03, 0xfc,
	0x00, 0x0f, 0xf0, 0x03, 0xfc, 0x00, 0x0f, 0xf0, 0x03, 0xfc, 0x00, 0x0f,
	0xf0, 0x03, 0xfc, 0x00, 0x0f, 0xf0, 0x03, 0xfc, 0x00, 0x0f, 0xf0, 0x03,
	0xfc, 0x00, 0x0f, 0xf0, 0x03, 0xfc, 0x00, 0x0f, 0xf0, 0x03, 0xfc, 0x00,
	0x0f, 0xf0, 0x03, 0xfc, 0x00, 0x0f, 0xf0, 0x03, 0xfc, 0x00, 0x00, 0x00,
	0x00, 0x00, 0x00, 0x00, 0x00, 0x00, 0x00, 0x00, 0x00, 0x00, 0x00, 0x00,
	0x00, 0x00, 0x00, 0x00, 0x00, 0x00, 0x00, 0x00, 0x00, 0x00, 0x00, 0x00,
	0x00, 0x00, 0x00, 0x00, 0x00, 0x00, 0x00, 0x00, 0x00, 0x00, 0x00, 0x00,
	0x00, 0x00, 0x00, 0x00, 0x00, 0x00, 0x00, 0x00, 0x00, 0x00, 0x00, 0x00,
	0x00, 0x00, 0x00, 0x00, 0x00, 0x00, 0x00, 0x00, 0x00, 0x00, 0x00, 0x00,
	0x00, 0x00, 0x00, 0x00, 0x00, 0x00, 0x0f, 0xf0, 0x0f, 0xf0, 0x0f, 0xf0,
	0x0f, 0xf0, 0x0f, 0xf0, 0x0f, 0xf0, 0x0f, 0xf0, 0x0f, 0xf0, 0x0f, 0xf0,
	0x0f, 0xf0, 0x0f, 0xf0, 0x0f, 0xf0, 0x0f, 0xf0, 0x0f, 0xf0, 0x0f, 0xf0,
	0x0f, 0xf0, 0x0f, 0xf0, 0x0f, 0xf0, 0x0f, 0xf0, 0x0f, 0xf0, 0x0f, 0xf0,
	0x0f, 0xf0, 0x0f, 0xf0, 0x0f, 0xf0, 0x0f, 0xf0, 0x0f, 0xf0, 0x0f, 0xf0,
	0x0f, 0xf0, 0x0f, 0xf0, 0x00, 0x00, 0x00, 0x00, 0x00, 0x00, 0x00, 0x00,
	0x00, 0x00, 0x00, 0x00, 0x00, 0x00, 0x00, 0x00, 0x00, 0x00, 0x00, 0x00,
	0x00, 0x00, 0x00, 0x00, 0x00, 0x00, 0x00, 0x00, 0x00, 0x00, 0x00, 0x00,
	0x00, 0x00, 0x00, 0x00, 0x00, 0x00, 0x0f, 0xf0, 0x0f, 0xf0, 0x0f, 0xf0,
	0x0f, 0xf0, 0x0f, 0xf0, 0x0f, 0xf0, 0x0f, 0xf0, 0x0f, 0xf0, 0x0f, 0xf0,
	0x0f, 0xf0, 0x0f, 0xf0, 0x0f, 0xf0, 0x0f, 0xf0, 0x0f, 0xf0, 0x0f, 0xf0,
	0x0f, 0xf0, 0x0f, 0xf0, 0x0f, 0xf0, 0x0f, 0xf0, 0x0f, 0xf0, 0x0f, 0xf0,
	0x0f, 0xf0, 0x0f, 0xf0, 0x0f, 0xf0, 0x0f, 0xf0, 0x0f, 0xf0, 0x0f, 0xf0,
	0x0f, 0xf0, 0x0f, 0xf0, 0x0f, 0xf0, 0x1f, 0xe0, 0x3f, 0xe0, 0xff, 0xe0,
	0xff, 0xc0, 0xff, 0x80, 0xfe, 0x00, 0xf0, 0x00, 0x00, 0x00, 0x00, 0x00,
	0x00, 0x00, 0x00, 0x00, 0x00, 0x00, 0x00, 0x00, 0x00, 0x00, 0x00, 0x00,
	0x00, 0x00, 0x00, 0x00, 0x00, 0x00, 0x00, 0x00, 0x00, 0x00, 0x00, 0x00,
	0x00, 0x00, 0x00, 0x00, 0x00, 0x00, 0x00, 0x00, 0x00, 0x00, 0x00, 0x00,
	0x0f, 0xf0, 0x01, 0xfe, 0x0f, 0xf0, 0x07, 0xfc, 0x0f, 0xf0, 0x0f, 0xf8,
	0x0f, 0xf0, 0x1f, 0xf0, 0x0f, 0xf0, 0x3f, 0xe0, 0x0f, 0xf0, 0x7f, 0xc0,
	0x0f, 0xf0, 0xff, 0x80, 0x0f, 0xf1, 0xff, 0x00, 0x0f, 0xf3, 0xfe, 0x00,
	0x0f, 0xf7, 0xfc, 0x00, 0x0f, 0xff, 0xf8, 0x00, 0x0f, 0xff, 0xf0, 0x00,
	0x0f, 0xff, 0xe0, 0x00, 0x0f, 0xff, 0xc0, 0x00, 0x0f, 0xff, 0xc0, 0x00,
	0x0f, 0xff, 0xe0, 0x00, 0x0f, 0xff, 0xf0, 0x00, 0x0f, 0xff, 0xf8, 0x00,
	0x0f, 0xf7, 0xfc, 0x00, 0x0f, 0xf3, 0xfe, 0x00, 0x0f, 0xf1, 0xff, 0x00,
	0x0f, 0xf0, 0xff, 0x80, 0x0f, 0xf0, 0x7f, 0xc0, 0x0f, 0xf0, 0x3f, 0xe0,
	0x0f, 0xf0, 0x1f, 0xf0, 0x0f, 0xf0, 0x0f, 0xf8, 0x0f, 0xf0, 0x07, 0xfe,
	0x0f, 0xf0, 0x03, 0xfe, 0x0f, 0xf0, 0x01, 0xfe, 0x00, 0x00, 0x00, 0x00,
	0x00, 0x00, 0x00, 0x00, 0x00, 0x00, 0x00, 0x00, 0x00, 0x00, 0x00, 0x00,
	0x00, 0x00, 0x00, 0x00, 0x00, 0x00, 0x00, 0x00, 0x00, 0x00, 0x00, 0x00,
	0x00, 0x00, 0x00, 0x00, 0x00, 0x00, 0x00, 0x00, 0x00, 0x00, 0x00, 0x00,
	0x00, 0x00, 0x00, 0x00, 0x00, 0x00, 0x00, 0x00, 0x00, 0x00, 0x00, 0x00,
	0x00, 0x00, 0x00, 0x00, 0x00, 0x00, 0x00, 0x00, 0x00, 0x00, 0x00, 0x00,
	0x00, 0x00, 0x00, 0x00, 0x00, 0x00, 0x00, 0x00, 0x00, 0x00, 0x00, 0x00,
	0x0f, 0xf0, 0x00, 0x00, 0x0f, 0xf0, 0x00, 0x00, 0x0f, 0xf0, 0x00, 0x00,
	0x0f, 0xf0, 0x00, 0x00, 0x0f, 0xf0, 0x00, 0x00, 0x0f, 0xf0, 0x00, 0x00,
	0x0f, 0xf0, 0x00, 0x00, 0x0f, 0xf0, 0x00, 0x00, 0x0f, 0xf0, 0x00, 0x00,
	0x0f, 0xf0, 0x00, 0x00, 0x0f, 0xf0, 0x00, 0x00, 0x0f, 0xf0, 0x00, 0x00,
	0x0f, 0xf0, 0x00, 0x00, 0x0f, 0xf0, 0x00, 0x00, 0x0f, 0xf0, 0x00, 0x00,
	0x0f, 0xf0, 0x00, 0x00, 0x0f, 0xf0, 0x00, 0x00, 0x0f, 0xf0, 0x00, 0x00,
	0x0f, 0xf0, 0x00, 0x00, 0x0f, 0xf0, 0x00, 0x00, 0x0f, 0xf0, 0x00, 0x00,
	0x0f, 0xf0, 0x00, 0x00, 0x0f, 0xf0, 0x00, 0x00, 0x0f, 0xf0, 0x00, 0x00,
	0x0f, 0xff, 0xff, 0x80, 0x0f, 0xff, 0xff, 0x80, 0x0f, 0xff, 0xff, 0x80,
	0x0f, 0xff, 0xff, 0x80, 0x0f, 0xff, 0xff, 0x80, 0x00, 0x00, 0x00, 0x00,
	0x00, 0x00, 0x00, 0x00, 0x00, 0x00, 0x00, 0x00, 0x00, 0x00, 0x00, 0x00,
	0x00, 0x00, 0x00, 0x00, 0x00, 0x00, 0x00, 0x00, 0x00, 0x00, 0x00, 0x00,
	0x00, 0x00, 0x00, 0x00, 0x00, 0x00, 0x00, 0x00, 0x00, 0x00, 0x00, 0x00,
	0x00, 0x00, 0x00, 0x00, 0x00, 0x00, 0x00, 0x00, 0x00, 0x00, 0x00, 0x00,
	0x00, 0x00, 0x00, 0x00, 0x00, 0x00, 0x00, 0x00, 0x00, 0x00, 0x00, 0x00,
	0x00, 0x00, 0x00, 0x00, 0x00, 0x00, 0x00, 0x00, 0x00, 0x00, 0x00, 0x00,
	0x00, 0x00, 0x00, 0x00, 0x00, 0x00, 0x00, 0x00, 0x00, 0x0f, 0xfc, 0x00,
	0x3f, 0xf0, 0x0f, 0xfc, 0x00, 0x3f, 0xf0, 0x0f, 0xfe, 0x00, 0x7f, 0xf0,
	0x0f, 0xfe, 0x00, 0x7f, 0xf0, 0x0f, 0xfe, 0x00, 0x7f, 0xf0, 0x0f, 0xff,
	0x00, 0xff, 0xf0, 0x0f, 0xff, 0x00, 0xff, 0xf0, 0x0f, 0xff, 0x81, 0xff,
	0xf0, 0x0f, 0xff, 0x81, 0xff, 0xf0, 0x0f, 0xef, 0xc3, 0xf7, 0xf0, 0x0f,
	0xef, 0xc3, 0xf7, 0xf0, 0x0f, 0xe7, 0xc3, 0xe7, 0xf0, 0x0f, 0xe7, 0xe7,
	0xe7, 0xf0, 0x0f, 0xe3, 0xe7, 0xc7, 0xf0, 0x0f, 0xe3, 0xff, 0xc7, 0xf0,
	0x0f, 0xe3, 0xff, 0xc7, 0xf0, 0x0f, 0xe1, 0xff, 0x87, 0xf0, 0x0f, 0xe1,
	0xff, 0x87, 0xf0, 0x0f, 0xe0, 0xff, 0x07, 0xf0, 0x0f, 0xe0, 0xff, 0x07,
	0xf0, 0x0f, 0xe0, 0x7e, 0x07, 0xf0, 0x0f, 0xe0, 0x7e, 0x07, 0xf0, 0x0f,
	0xe0, 0x7e, 0x07, 0xf0, 0x0f, 0xe0, 0x00, 0x07, 0xf0, 0x0f, 0xe0, 0x00,
	0x07, 0xf0, 0x0f, 0xe0, 0x00, 0x07, 0xf0, 0x0f, 0xe0, 0x00, 0x07, 0xf0,
	0x0f, 0xe0, 0x00, 0x07, 0xf0, 0x0f, 0xe0, 0x00, 0x07, 0xf0, 0x00, 0x00,
	0x00, 0x00, 0x00, 0x00, 0x00, 0x00, 0x00, 0x00, 0x00, 0x00, 0x00, 0x00,
	0x00, 0x00, 0x00, 0x00, 0x00, 0x00, 0x00, 0x00, 0x00, 0x00, 0x00, 0x00,
	0x00, 0x00, 0x00, 0x00, 0x00, 0x00, 0x00, 0x00, 0x00, 0x00, 0x00, 0x00,
	0x00, 0x00, 0x00, 0x00, 0x00, 0x00, 0x00, 0x00, 0x00, 0x00, 0x00, 0x00,
	0x00, 0x00, 0x00, 0x00, 0x00, 0x00, 0x00, 0x00, 0x00, 0x00, 0x00, 0x00,
	0x00, 0x00, 0x00, 0x00, 0x00, 0x00, 0x00, 0x00, 0x00, 0x00, 0x00, 0x00,
	0x00, 0x00, 0x00, 0x00, 0x00, 0x00, 0x00, 0x00, 0x00, 0x00, 0x00, 0x00,
	0x00, 0x00, 0x00, 0x00, 0x00, 0x00, 0x00, 0x00, 0x00, 0x0f, 0xf8, 0x01,
	0xfc, 0x00, 0x0f, 0xf8, 0x01, 0xfc, 0x00, 0x0f, 0xfc, 0x01, 0xfc, 0x00,
	0x0f, 0xfc, 0x01, 0xfc, 0x00, 0x0f, 0xfe, 0x01, 0xfc, 0x00, 0x0f, 0xfe,
	0x01, 0xfc, 0x00, 0x0f, 0xff, 0x01, 0xfc, 0x00, 0x0f, 0xff, 0x01, 0xfc,
	0x00, 0x0f, 0xff, 0x81, 0xfc, 0x00, 0x0f, 0xff, 0x81, 0xfc, 0x00, 0x0f,
	0xef, 0xc1, 0xfc, 0x00, 0x0f, 0xef, 0xc1, 0xfc, 0x00, 0x0f, 0xe7, 0xe1,
	0xfc, 0x00, 0x0f, 0xe7, 0xf1, 0xfc, 0x00, 0x0f, 0xe3, 0xf1, 0xfc, 0x00,
	0x0f, 0xe3, 0xf9, 0xfc, 0x00, 0x0f, 0xe1, 0xf9, 0xfc, 0x00, 0x0f, 0xe0,
	0xfd, 0xfc, 0x00, 0x0f, 0xe0, 0xfd, 0xfc, 0x00, 0x0f, 0xe0, 0x7f, 0xfc,
	0x00, 0x0f, 0xe0, 0x7f, 0xfc, 0x00, 0x0f, 0xe0, 0x3f, 0xfc, 0x00, 0x0f,
	0xe0, 0x3f, 0xfc, 0x00, 0x0f, 0xe0, 0x1f, 0xfc, 0x00, 0x0f, 0xe0, 0x1f,
	0xfc, 0x00, 0x0f, 0xe0, 0x0f, 0xfc, 0x00, 0x0f, 0xe0, 0x0f, 0xfc, 0x00,
	0x0f, 0xe0, 0x07, 0xfc, 0x00, 0x0f, 0xe0, 0x07, 0xfc, 0x00, 0x00, 0x00,
	0x00, 0x00, 0x00, 0x00, 0x00, 0x00, 0x00, 0x00, 0x00, 0x00, 0x00, 0x00,
	0x00, 0x00, 0x00, 0x00, 0x00, 0x00, 0x00, 0x00, 0x00, 0x00, 0x00, 0x00,
	0x00, 0x00, 0x00, 0x00, 0x00, 0x00, 0x00, 0x00, 0x00, 0x00, 0x00, 0x00,
	0x00, 0x00, 0x00, 0x00, 0x00, 0x00, 0x00, 0x00, 0x00, 0x00, 0x00, 0x00,
	0x00, 0x00, 0x00, 0x00, 0x00, 0x00, 0x00, 0x00, 0x00, 0x00, 0x00, 0x00,
	0x00, 0x00, 0x00, 0x00, 0x00, 0x00, 0x00, 0x00, 0x00, 0x00, 0x00, 0x00,
	0x00, 0x00, 0x00, 0x00, 0x00, 0x00, 0x00, 0x00, 0x00, 0x00, 0x00, 0x00,
	0x00, 0x00, 0x00, 0x00, 0x00, 0x0f, 0xfc, 0x00, 0x00, 0x00, 0x3f, 0xff,
	0x00, 0x00, 0x00, 0xff, 0xff, 0xc0, 0x00, 0x03, 0xff, 0xff, 0xe0, 0x00,
	0x03, 0xff, 0xff, 0xf0, 0x00, 0x07, 0xfc, 0x0f, 0xf8, 0x00, 0x0f, 0xf8,
	0x07, 0xfc, 0x00, 0x0f, 0xf0, 0x03, 0xfc, 0x00, 0x1f, 0xe0, 0x01, 0xfe,
	0x00, 0x1f, 0xe0, 0x01, 0xfe, 0x00, 0x3f, 0xe0, 0x01, 0xff, 0x00, 0x3f,
	0xc0, 0x00, 0xff, 0x00, 0x3f, 0xc0, 0x00, 0xff, 0x00, 0x3f, 0xc0, 0x00,
	0xff, 0x00, 0x3f, 0xc0, 0x00, 0xff, 0x00, 0x3f, 0xc0, 0x00, 0xff, 0x00,
	0x3f, 0xc0, 0x00, 0xff, 0x00, 0x3f, 0xc0, 0x00, 0xff, 0x00, 0x3f, 0xc0,
	0x00, 0xff, 0x00, 0x3f, 0xe0, 0x01, 0xff, 0x00, 0x1f, 0xe0, 0x01, 0xfe,
	0x00, 0x1f, 0xe0, 0x01, 0xfe, 0x00, 0x1f, 0xf0, 0x03, 0xfe, 0x00, 0x0f,
	0xf8, 0x07, 0xfc, 0x00, 0x07, 0xfc, 0x0f, 0xf8, 0x00, 0x07, 0xff, 0xff,
	0xf0, 0x00, 0x03, 0xff, 0xff, 0xe0, 0x00, 0x00, 0xff, 0xff, 0xc0, 0x00,
	0x00, 0x7f, 0xff, 0x00, 0x00, 0x00, 0x0f, 0xfc, 0x00, 0x00, 0x00, 0x00,
	0x00, 0x00, 0x00, 0x00, 0x00, 0x00, 0x00, 0x00, 0x00, 0x00, 0x00, 0x00,
	0x00, 0x00, 0x00, 0x00, 0x00, 0x00, 0x00, 0x00, 0x00, 0x00, 0x00, 0x00,
	0x00, 0x00, 0x00, 0x00, 0x00, 0x00, 0x00, 0x00, 0x00, 0x00, 0x00, 0x00,
	0x00, 0x00, 0x00, 0x00, 0x00, 0x00, 0x00, 0x00, 0x00, 0x00, 0x00, 0x00,
	0x00, 0x00, 0x00, 0x00, 0x00, 0x00, 0x00, 0x00, 0x00, 0x00, 0x00, 0x00,
	0x00, 0x00, 0x00, 0x00, 0x00, 0x00, 0x00, 0x00, 0x00, 0x00, 0x00, 0x00,
	0x00, 0x00, 0x00, 0x00, 0x00, 0x00, 0x00, 0x00, 0x00, 0x00, 0x00, 0x00,
	0x0f, 0xff, 0xf8, 0x00, 0x0f, 0xff, 0xff, 0x00, 0x0f, 0xff, 0xff, 0x80,
	0x0f, 0xff, 0xff, 0xc0, 0x0f, 0xff, 0xff, 0xe0, 0x0f, 0xf0, 0x3f, 0xe0,
	0x0f, 0xf0, 0x1f, 0xf0, 0x0f, 0xf0, 0x0f, 0xf0, 0x0f, 0xf0, 0x0f, 0xf0,
	0x0f, 0xf0, 0x0f, 0xf0, 0x0f, 0xf0, 0x0f, 0xf0, 0x0f, 0xf0, 0x0f, 0xf0,
	0x0f, 0xf0, 0x1f, 0xf0, 0x0f, 0xf0, 0x3f, 0xe0, 0x0f, 0xff, 0xff, 0xe0,
	0x0f, 0xff, 0xff, 0xc0, 0x0f, 0xff, 0xff, 0x80, 0x0f, 0xff, 0xff, 0x00,
	0x0f, 0xff, 0xf8, 0x00, 0x0f, 0xf0, 0x00, 0x00, 0x0f, 0xf0, 0x00, 0x00,
	0x0f, 0xf0, 0x00, 0x00, 0x0f, 0xf0, 0x00, 0x00, 0x0f, 0xf0, 0x00, 0x00,
	0x0f, 0xf0, 0x00, 0x00, 0x0f, 0xf0, 0x00, 0x00, 0x0f, 0xf0, 0x00, 0x00,
	0x0f, 0xf0, 0x00, 0x00, 0x0f, 0xf0, 0x00, 0x00, 0x00, 0x00, 0x00, 0x00,
	0x00, 0x00, 0x00, 0x00, 0x00, 0x00, 0x00, 0x00, 0x00, 0x00, 0x00, 0x00,
	0x00, 0x00, 0x00, 0x00, 0x00, 0x00, 0x00, 0x00, 0x00, 0x00, 0x00, 0x00,
	0x00, 0x00, 0x00, 0x00, 0x00, 0x00, 0x00, 0x00, 0x00, 0x00, 0x00, 0x00,
	0x00, 0x00, 0x00, 0x00, 0x00, 0x00, 0x00, 0x00, 0x00, 0x00, 0x00, 0x00,
	0x00, 0x00, 0x00, 0x00, 0x00, 0x00, 0x00, 0x00, 0x00, 0x00, 0x00, 0x00,
	0x00, 0x00, 0x00, 0x00, 0x00, 0x00, 0x00, 0x00, 0x00, 0x00, 0x00, 0x00,
	0x00, 0x00, 0x00, 0x00, 0x00, 0x0f, 0xfc, 0x00, 0x00, 0x00, 0x3f, 0xff,
	0x80, 0x00, 0x00, 0xff, 0xff, 0xc0, 0x00, 0x03, 0xff, 0xff, 0xf0, 0x00,
	0x03, 0xff, 0xff, 0xf8, 0x00, 0x07, 0xfc, 0x0f, 0xf8, 0x00, 0x0f, 0xf8,
	0x07, 0xfc, 0x00, 0x0f, 0xf0, 0x03, 0xfe, 0x00, 0x1f, 0xe0, 0x01, 0xfe,
	0x00, 0x1f, 0xe0, 0x01, 0xfe, 0x00, 0x3f, 0xe0, 0x01, 0xff, 0x00, 0x3f,
	0xc0, 0x00, 0xff, 0x00, 0x3f, 0xc0, 0x00, 0xff, 0x00, 0x3f, 0xc0, 0x00,
	0xff, 0x00, 0x3f, 0xc0, 0x00, 0xff, 0x00, 0x3f, 0xc0, 0x00, 0xff, 0x00,
	0x3f, 0xc0, 0x00, 0xff, 0x00, 0x3f, 0xc0, 0x00, 0xff, 0x00, 0x3f, 0xc0,
	0x00, 0xff, 0x00, 0x3f, 0xe0, 0x01, 0xfe, 0x00, 0x1f, 0xe0, 0x01, 0xfe,
	0x00, 0x1f, 0xe0, 0x01, 0xfe, 0x00, 0x1f, 0xf0, 0x03, 0xfc, 0x00, 0x0f,
	0xf8, 0x07, 0xfc, 0x00, 0x07, 0xfc, 0x0f, 0xf8, 0x00, 0x07, 0xff, 0xff,
	0xf0, 0x00, 0x03, 0xff, 0xff, 0xe0, 0x00, 0x00, 0xff, 0xff, 0xc0, 0x00,
	0x00, 0x7f, 0xff, 0x00, 0x00, 0x00, 0x0f, 0xff, 0x00, 0x00, 0x00, 0x00,
	0x3f, 0x80, 0x00, 0x00, 0x00, 0x1f, 0xc0, 0x00, 0x00, 0x00, 0x0f, 0xe0,
	0x00, 0x00, 0x00, 0x07, 0xf0, 0x00, 0x00, 0x00, 0x07, 0xf0, 0x00, 0x00,
	0x00, 0x03, 0xf8, 0x00, 0x00, 0x00, 0x00, 0x00, 0x00, 0x00, 0x00, 0x00,
	0x00, 0x00, 0x00, 0x00, 0x00, 0x00, 0x00, 0x00, 0x00, 0x00, 0x00, 0x00,
	0x00, 0x00, 0x00, 0x00, 0x00, 0x00, 0x00, 0x00, 0x00, 0x00, 0x00, 0x00,
	0x00, 0x00, 0x00, 0x00, 0x00, 0x00, 0x00, 0x00, 0x00, 0x00, 0x00, 0x00,
	0x00, 0x00, 0x00, 0x00, 0x00, 0x00, 0x00, 0x00, 0x00, 0x00, 0x00, 0x00,
	0x0f, 0xff, 0xf8, 0x00, 0x0f, 0xff, 0xff, 0x00, 0x0f, 0xff, 0xff, 0x80,
	0x0f, 0xff, 0xff, 0xc0, 0x0f, 0xff, 0xff, 0xc0, 0x0f, 0xf0, 0x7f, 0xe0,
	0x0f, 0xf0, 0x3f, 0xe0, 0x0f, 0xf0, 0x1f, 0xe0, 0x0f, 0xf0, 0x1f, 0xe0,
	0x0f, 0xf0, 0x1f, 0xe0, 0x0f, 0xf0, 0x1f, 0xe0, 0x0f, 0xf0, 0x3f, 0xc0,
	0x0f, 0xf0, 0x7f, 0xc0, 0x0f, 0xff, 0xff, 0x80, 0x0f, 0xff, 0xff, 0x00,
	0x0f, 0xff, 0xf8, 0x00, 0x0f, 0xff, 0xfe, 0x00, 0x0f, 0xff, 0xff, 0x00,
	0x0f, 0xf0, 0xff, 0x80, 0x0f, 0xf0, 0x7f, 0xc0, 0x0f, 0xf0, 0x3f, 0xc0,
	0x0f, 0xf0, 0x1f, 0xe0, 0x0f, 0xf0, 0x1f, 0xf0, 0x0f, 0xf0, 0x0f, 0xf0,
	0x0f, 0xf0, 0x0f, 0xf8, 0x0f, 0xf0, 0x07, 0xf8, 0x0f, 0xf0, 0x07, 0xfc,
	0x0f, 0xf0, 0x03, 0xfc, 0x0f, 0xf0, 0x03, 0xfe, 0x00, 0x00, 0x00, 0x00,
	0x00, 0x00, 0x00, 0x00, 0x00, 0x00, 0x00, 0x00, 0x00, 0x00, 0x00, 0x00,
	0x00, 0x00, 0x00, 0x00, 0x00, 0x00, 0x00, 0x00, 0x00, 0x00, 0x00, 0x00,
	0x00, 0x00, 0x00, 0x00, 0x00, 0x00, 0x00, 0x00, 0x00, 0x00, 0x00, 0x00,
	0x00, 0x00, 0x00, 0x00, 0x00, 0x00, 0x00, 0x00, 0x00, 0x00, 0x00, 0x00,
	0x00, 0x00, 0x00, 0x00, 0x00, 0x00, 0x00, 0x00, 0x00, 0x00, 0x00, 0x00,
	0x00, 0x00, 0x00, 0x00, 0x00, 0x00, 0x00, 0x00, 0x00, 0x3f, 0xf0, 0x00,
	0x01, 0xff, 0xff, 0x00, 0x03, 0xff, 0xff, 0x00, 0x07, 0xff, 0xff, 0x00,
	0x0f, 0xff, 0xff, 0x00, 0x0f, 0xf0, 0x1f, 0x00, 0x1f, 0xc0, 0x01, 0x00,
	0x1f, 0xc0, 0x00, 0x00, 0x1f, 0xc0, 0x00, 0x00, 0x1f, 0xc0, 0x00, 0x00,
	0x1f, 0xf0, 0x00, 0x00, 0x1f, 0xff, 0x00, 0x00, 0x0f, 0xff, 0xf0, 0x00,
	0x0f, 0xff, 0xfc, 0x00, 0x07, 0xff, 0xff, 0x00, 0x03, 0xff, 0xff, 0x80,
	0x00, 0xff, 0xff, 0x80, 0x00, 0x0f, 0xff, 0xc0, 0x00, 0x00, 0xff, 0xc0,
	0x00, 0x00, 0x3f, 0xc0, 0x00, 0x00, 0x1f, 0xc0, 0x00, 0x00, 0x1f, 0xc0,
	0x10, 0x00, 0x1f, 0xc0, 0x1c, 0x00, 0x3f, 0xc0, 0x1f, 0xc0, 0x7f, 0x80,
	0x1f, 0xff, 0xff, 0x80, 0x1f, 0xff, 0xff, 0x00, 0x1f, 0xff, 0xfe, 0x00,
	0x0f, 0xff, 0xfc, 0x00, 0x00, 0x7f, 0xe0, 0x00, 0x00, 0x00, 0x00, 0x00,
	0x00, 0x00, 0x00, 0x00, 0x00, 0x00, 0x00, 0x00, 0x00, 0x00, 0x00, 0x00,
	0x00, 0x00, 0x00, 0x00, 0x00, 0x00, 0x00, 0x00, 0x00, 0x00, 0x00, 0x00,
	0x00, 0x00, 0x00, 0x00, 0x00, 0x00, 0x00, 0x00, 0x00, 0x00, 0x00, 0x00,
	0x00, 0x00, 0x00, 0x00, 0x00, 0x00, 0x00, 0x00, 0x00, 0x00, 0x00, 0x00,
	0x00, 0x00, 0x00, 0x00, 0x00, 0x00, 0x00, 0x00, 0x00, 0x00, 0x00, 0x00,
	0x00, 0x00, 0x00, 0x00, 0x00, 0x00, 0x00, 0x00, 0x00, 0x00, 0x00, 0x00,
	0xff, 0xff, 0xff, 0xe0, 0xff, 0xff, 0xff, 0xe0, 0xff, 0xff, 0xff, 0xe0,
	0xff, 0xff, 0xff, 0xe0, 0xff, 0xff, 0xff, 0xe0, 0x00, 0x3f, 0xc0, 0x00,
	0x00, 0x3f, 0xc0, 0x00, 0x00, 0x3f, 0xc0, 0x00, 0x00, 0x3f, 0xc0, 0x00,
	0x00, 0x3f, 0xc0, 0x00, 0x00, 0x3f, 0xc0, 0x00, 0x00, 0x3f, 0xc0, 0x00,
	0x00, 0x3f, 0xc0, 0x00, 0x00, 0x3f, 0xc0, 0x00, 0x00, 0x3f, 0xc0, 0x00,
	0x00, 0x3f, 0xc0, 0x00, 0x00, 0x3f, 0xc0, 0x00, 0x00, 0x3f, 0xc0, 0x00,
	0x00, 0x3f, 0xc0, 0x00, 0x00, 0x3f, 0xc0, 0x00, 0x00, 0x3f, 0xc0, 0x00,
	0x00, 0x3f, 0xc0, 0x00, 0x00, 0x3f, 0xc0, 0x00, 0x00, 0x3f, 0xc0, 0x00,
	0x00, 0x3f, 0xc0, 0x00, 0x00, 0x3f, 0xc0, 0x00, 0x00, 0x3f, 0xc0, 0x00,
	0x00, 0x3f, 0xc0, 0x00, 0x00, 0x3f, 0xc0, 0x00, 0x00, 0x00, 0x00, 0x00,
	0x00, 0x00, 0x00, 0x00, 0x00, 0x00, 0x00, 0x00, 0x00, 0x00, 0x00, 0x00,
	0x00, 0x00, 0x00, 0x00, 0x00, 0x00, 0x00, 0x00, 0x00, 0x00, 0x00, 0x00,
	0x00, 0x00, 0x00, 0x00, 0x00, 0x00, 0x00, 0x00, 0x00, 0x00, 0x00, 0x00,
	0x00, 0x00, 0x00, 0x00, 0x00, 0x00, 0x00, 0x00, 0x00, 0x00, 0x00, 0x00,
	0x00, 0x00, 0x00, 0x00, 0x00, 0x00, 0x00, 0x00, 0x00, 0x00, 0x00, 0x00,
	0x00, 0x00, 0x00, 0x00, 0x00, 0x00, 0x00, 0x00, 0x00, 0x00, 0x00, 0x00,
	0x0f, 0xf0, 0x07, 0xf8, 0x0f, 0xf0, 0x07, 0xf8, 0x0f, 0xf0, 0x07, 0xf8,
	0x0f, 0xf0, 0x07, 0xf8, 0x0f, 0xf0, 0x07, 0xf8, 0x0f, 0xf0, 0x07, 0xf8,
	0x0f, 0xf0, 0x07, 0xf8, 0x0f, 0xf0, 0x07, 0xf8, 0x0f, 0xf0, 0x07, 0xf8,
	0x0f, 0xf0, 0x07, 0xf8, 0x0f, 0xf0, 0x07, 0xf8, 0x0f, 0xf0, 0x07, 0xf8,
	0x0f, 0xf0, 0x07, 0xf8, 0x0f, 0xf0, 0x07, 0xf8, 0x0f, 0xf0, 0x07, 0xf8,
	0x0f, 0xf0, 0x07, 0xf8, 0x0f, 0xf0, 0x07, 0xf8, 0x0f, 0xf0, 0x07, 0xf8,
	0x0f, 0xf0, 0x07, 0xf8, 0x0f, 0xf0, 0x07, 0xf8, 0x0f, 0xf0, 0x07, 0xf8,
	0x0f, 0xf8, 0x0f, 0xf0, 0x07, 0xf8, 0x0f, 0xf0, 0x07, 0xfc, 0x1f, 0xf0,
	0x03, 0xff, 0xff, 0xe0, 0x03, 0xff, 0xff, 0xc0, 0x01, 0xff, 0xff, 0xc0,
	0x00, 0x7f, 0xff, 0x00, 0x00, 0x0f, 0xf8, 0x00, 0x00, 0x00, 0x00, 0x00,
	0x00, 0x00, 0x00, 0x00, 0x00, 0x00, 0x00, 0x00, 0x00, 0x00, 0x00, 0x00,
	0x00, 0x00, 0x00, 0x00, 0x00, 0x00, 0x00, 0x00, 0x00, 0x00, 0x00, 0x00,
	0x00, 0x00, 0x00, 0x00, 0x00, 0x00, 0x00, 0x00, 0x00, 0x00, 0x00, 0x00,
	0x00, 0x00, 0x00, 0x00, 0x00, 0x00, 0x00, 0x00, 0x00, 0x00, 0x00, 0x00,
	0x00, 0x00, 0x00, 0x00, 0x00, 0x00, 0x00, 0x00, 0x00, 0x00, 0x00, 0x00,
	0x00, 0x00, 0x00, 0x00, 0x00, 0x00, 0x00, 0x00, 0x00, 0x00, 0x00, 0x00,
	0xff, 0x00, 0x01, 0xfe, 0x7f, 0x00, 0x01, 0xfc, 0x7f, 0x80, 0x03, 0xfc,
	0x7f, 0x80, 0x03, 0xfc, 0x3f, 0x80, 0x03, 0xf8, 0x3f, 0xc0, 0x07, 0xf8,
	0x3f, 0xc0, 0x07, 0xf8, 0x1f, 0xc0, 0x07, 0xf0, 0x1f, 0xe0, 0x0f, 0xf0,
	0x0f, 0xe0, 0x0f, 0xe0, 0x0f, 0xf0, 0x1f, 0xe0, 0x0f, 0xf0, 0x1f, 0xe0,
	0x07, 0xf0, 0x1f, 0xc0, 0x07, 0xf8, 0x3f, 0xc0, 0x07, 0xf8, 0x3f, 0xc0,
	0x03, 0xf8, 0x3f, 0x80, 0x03, 0xfc, 0x7f, 0x80, 0x01, 0xfc, 0x7f, 0x00,
	0x01, 0xfc, 0x7f, 0x00, 0x01, 0xfe, 0xff, 0x00, 0x00, 0xfe, 0xfe, 0x00,
	0x00, 0xff, 0xfe, 0x00, 0x00, 0xff, 0xfe, 0x00, 0x00, 0x7f, 0xfc, 0x00,
	0x00, 0x7f, 0xfc, 0x00, 0x00, 0x3f, 0xf8, 0x00, 0x00, 0x3f, 0xf8, 0x00,
	0x00, 0x3f, 0xf8, 0x00, 0x00, 0x1f, 0xf0, 0x00, 0x00, 0x00, 0x00, 0x00,
	0x00, 0x00, 0x00, 0x00, 0x00, 0x00, 0x00, 0x00, 0x00, 0x00, 0x00, 0x00,
	0x00, 0x00, 0x00, 0x00, 0x00, 0x00, 0x00, 0x00, 0x00, 0x00, 0x00, 0x00,
	0x00, 0x00, 0x00, 0x00, 0x00, 0x00, 0x00, 0x00, 0x00, 0x00, 0x00, 0x00,
	0x00, 0x00, 0x00, 0x00, 0x00, 0x00, 0x00, 0x00, 0x00, 0x00, 0x00, 0x00,
	0x00, 0x00, 0x00, 0x00, 0x00, 0x00, 0x00, 0x00, 0x00, 0x00, 0x00, 0x00,
	0x00, 0x00, 0x00, 0x00, 0x00, 0x00, 0x00, 0x00, 0x00, 0x00, 0x00, 0x00,
	0x00, 0x00, 0x00, 0x00, 0x00, 0x00, 0x00, 0x00, 0x00, 0x00, 0x00, 0x00,
	0x00, 0x00, 0x00, 0x00, 0x00, 0x00, 0x7f, 0x00, 0x3f, 0xc0, 0x0f, 0xe0,
	0x7f, 0x80, 0x3f, 0xc0, 0x1f, 0xe0, 0x3f, 0x80, 0x3f, 0xc0, 0x1f, 0xc0,
	0x3f, 0x80, 0x3f, 0xe0, 0x1f, 0xc0, 0x3f, 0x80, 0x7f, 0xe0, 0x1f, 0xc0,
	0x3f, 0xc0, 0x7f, 0xe0, 0x3f, 0xc0, 0x1f, 0xc0, 0x7f, 0xe0, 0x3f, 0x80,
	0x1f, 0xc0, 0x7f, 0xe0, 0x3f, 0x80, 0x1f, 0xc0, 0xff, 0xf0, 0x3f, 0x80,
	0x1f, 0xe0, 0xf9, 0xf0, 0x7f, 0x80, 0x0f, 0xe0, 0xf9, 0xf0, 0x7f, 0x80,
	0x0f, 0xe0, 0xf9, 0xf0, 0x7f, 0x00, 0x0f, 0xe1, 0xf9, 0xf8, 0x7f, 0x00,
	0x0f, 0xf1, 0xf0, 0xf8, 0x7f, 0x00, 0x0f, 0xf1, 0xf0, 0xf8, 0xff, 0x00,
	0x07, 0xf1, 0xf0, 0xf8, 0xfe, 0x00, 0x07, 0xf3, 0xf0, 0xfc, 0xfe, 0x00,
	0x07, 0xf3, 0xe0, 0x7c, 0xfe, 0x00, 0x07, 0xfb, 0xe0, 0x7d, 0xfe, 0x00,
	0x03, 0xfb, 0xe0, 0x7d, 0xfc, 0x00, 0x03, 0xff, 0xe0, 0x7f, 0xfc, 0x00,
	0x03, 0xff, 0xe0, 0x3f, 0xfc, 0x00, 0x03, 0xff, 0xc0, 0x3f, 0xfc, 0x00,
	0x01, 0xff, 0xc0, 0x3f, 0xf8, 0x00, 0x01, 0xff, 0xc0, 0x3f, 0xf8, 0x00,
	0x01, 0xff, 0xc0, 0x3f, 0xf8, 0x00, 0x01, 0xff, 0x80, 0x1f, 0xf8, 0x00,
	0x00, 0xff, 0x80, 0x1f, 0xf0, 0x00, 0x00, 0xff, 0x80, 0x1f, 0xf0, 0x00,
	0x00, 0x00, 0x00, 0x00, 0x00, 0x00, 0x00, 0x00, 0x00, 0x00, 0x00, 0x00,
	0x00, 0x00, 0x00, 0x00, 0x00, 0x00, 0x00, 0x00, 0x00, 0x00, 0x00, 0x00,
	0x00, 0x00, 0x00, 0x00, 0x00, 0x00, 0x00, 0x00, 0x00, 0x00, 0x00, 0x00,
	0x00, 0x00, 0x00, 0x00, 0x00, 0x00, 0x00, 0x00, 0x00, 0x00, 0x00, 0x00,
	0x00, 0x00, 0x00, 0x00, 0x00, 0x00, 0x00, 0x00, 0x00, 0x00, 0x00, 0x00,
	0x00, 0x00, 0x00, 0x00, 0x00, 0x00, 0x00, 0x00, 0x00, 0x00, 0x00, 0x00,
	0x00, 0x00, 0x00, 0x00, 0x00, 0x00, 0x00, 0x00, 0x00, 0x00, 0x00, 0x00,
	0x00, 0x00, 0x00, 0x00, 0x00, 0x00, 0x00, 0x00, 0x00, 0x00, 0x00, 0x00,
	0x7f, 0x80, 0x03, 0xfc, 0x3f, 0xc0, 0x07, 0xf8, 0x1f, 0xe0, 0x0f, 0xf0,
	0x1f, 0xe0, 0x0f, 0xf0, 0x0f, 0xf0, 0x1f, 0xe0, 0x07, 0xf8, 0x3f, 0xc0,
	0x03, 0xfc, 0x7f, 0x80, 0x03, 0xfc, 0x7f, 0x80, 0x01, 0xfe, 0xff, 0x00,
	0x00, 0xff, 0xfe, 0x00, 0x00, 0xff, 0xfe, 0x00, 0x00, 0x7f, 0xfc, 0x00,
	0x00, 0x3f, 0xf8, 0x00, 0x00, 0x3f, 0xf8, 0x00, 0x00, 0x1f, 0xf0, 0x00,
	0x00, 0x3f, 0xf8, 0x00, 0x00, 0x7f, 0xfc, 0x00, 0x00, 0x7f, 0xfc, 0x00,
	0x00, 0xff, 0xfe, 0x00, 0x01, 0xfe, 0xff, 0x00, 0x01, 0xfe, 0xff, 0x00,
	0x03, 0xfc, 0x7f, 0x80, 0x07, 0xf8, 0x3f, 0xc0, 0x07, 0xf8, 0x3f, 0xc0,
	0x0f, 0xf0, 0x1f, 0xe0, 0x1f, 0xe0, 0x0f, 0xf0, 0x1f, 0xe0, 0x07, 0xf0,
	0x3f, 0xc0, 0x07, 0xf8, 0x7f, 0x80, 0x03, 0xfc, 0x00, 0x00, 0x00, 0x00,
	0x00, 0x00, 0x00, 0x00, 0x00, 0x00, 0x00, 0x00, 0x00, 0x00, 0x00, 0x00,
	0x00, 0x00, 0x00, 0x00, 0x00, 0x00, 0x00, 0x00, 0x00, 0x00, 0x00, 0x00,
	0x00, 0x00, 0x00, 0x00, 0x00, 0x00, 0x00, 0x00, 0x00, 0x00, 0x00, 0x00,
	0x00, 0x00, 0x00, 0x00, 0x00, 0x00, 0x00, 0x00, 0x00, 0x00, 0x00, 0x00,
	0x00, 0x00, 0x00, 0x00, 0x00, 0x00, 0x00, 0x00, 0x00, 0x00, 0x00, 0x00,
	0x00, 0x00, 0x00, 0x00, 0x00, 0x00, 0x00, 0x00, 0x00, 0x00, 0x00, 0x00,
	0xff, 0x80, 0x07, 0xf8, 0x7f, 0x80, 0x07, 0xf8, 0x3f, 0xc0, 0x0f, 0xf0,
	0x3f, 0xe0, 0x1f, 0xf0, 0x1f, 0xe0, 0x1f, 0xe0, 0x0f, 0xf0, 0x3f, 0xc0,
	0x0f, 0xf8, 0x7f, 0xc0, 0x07, 0xf8, 0x7f, 0x80, 0x03, 0xfc, 0xff, 0x00,
	0x03, 0xfc, 0xff, 0x00, 0x01, 0xff, 0xfe, 0x00, 0x00, 0xff, 0xfc, 0x00,
	0x00, 0xff, 0xfc, 0x00, 0x00, 0x7f, 0xf8, 0x00, 0x00, 0x7f, 0xf8, 0x00,
	0x00, 0x3f, 0xf0, 0x00, 0x00, 0x1f, 0xe0, 0x00, 0x00, 0x1f, 0xe0, 0x00,
	0x00, 0x1f, 0xe0, 0x00, 0x00, 0x1f, 0xe0, 0x00, 0x00, 0x1f, 0xe0, 0x00,
	0x00, 0x1f, 0xe0, 0x00, 0x00, 0x1f, 0xe0, 0x00, 0x00, 0x1f, 0xe0, 0x00,
	0x00, 0x1f, 0xe0, 0x00, 0x00, 0x1f, 0xe0, 0x00, 0x00, 0x1f, 0xe0, 0x00,
	0x00, 0x1f, 0xe0, 0x00, 0x00, 0x1f, 0xe0, 0x00, 0x00, 0x00, 0x00, 0x00,
	0x00, 0x00, 0x00, 0x00, 0x00, 0x00, 0x00, 0x00, 0x00, 0x00, 0x00, 0x00,
	0x00, 0x00, 0x00, 0x00, 0x00, 0x00, 0x00, 0x00, 0x00, 0x00, 0x00, 0x00,
	0x00, 0x00, 0x00, 0x00, 0x00, 0x00, 0x00, 0x00, 0x00, 0x00, 0x00, 0x00,
	0x00, 0x00, 0x00, 0x00, 0x00, 0x00, 0x00, 0x00, 0x00, 0x00, 0x00, 0x00,
	0x00, 0x00, 0x00, 0x00, 0x00, 0x00, 0x00, 0x00, 0x00, 0x00, 0x00, 0x00,
	0x00, 0x00, 0x00, 0x00, 0x00, 0x00, 0x00, 0x00, 0x00, 0x00, 0x00, 0x00,
	0x3f, 0xff, 0xff, 0xe0, 0x3f, 0xff, 0xff, 0xe0, 0x3f, 0xff, 0xff, 0xe0,
	0x3f, 0xff, 0xff, 0xe0, 0x3f, 0xff, 0xff, 0xe0, 0x00, 0x00, 0x7f, 0xc0,
	0x00, 0x00, 0xff, 0x80, 0x00, 0x01, 0xff, 0x80, 0x00, 0x01, 0xff, 0x00,
	0x00, 0x03, 0xfe, 0x00, 0x00, 0x07, 0xfc, 0x00, 0x00, 0x0f, 0xf8, 0x00,
	0x00, 0x1f, 0xf8, 0x00, 0x00, 0x1f, 0xf0, 0x00, 0x00, 0x3f, 0xe0, 0x00,
	0x00, 0x7f, 0xc0, 0x00, 0x00, 0xff, 0x80, 0x00, 0x01, 0xff, 0x00, 0x00,
	0x01, 0xff, 0x00, 0x00, 0x03, 0xfe, 0x00, 0x00, 0x07, 0xfc, 0x00, 0x00,
	0x0f, 0xf8, 0x00, 0x00, 0x1f, 0xf0, 0x00, 0x00, 0x1f, 0xe0, 0x00, 0x00,
	0x3f, 0xff, 0xff, 0xe0, 0x3f, 0xff, 0xff, 0xe0, 0x3f, 0xff, 0xff, 0xe0,
	0x3f, 0xff, 0xff, 0xe0, 0x3f, 0xff, 0xff, 0xe0, 0x00, 0x00, 0x00, 0x00,
	0x00, 0x00, 0x00, 0x00, 0x00, 0x00, 0x00, 0x00, 0x00, 0x00, 0x00, 0x00,
	0x00, 0x00, 0x00, 0x00, 0x00, 0x00, 0x00, 0x00, 0x00, 0x00, 0x00, 0x00,
	0x00, 0x00, 0x00, 0x00, 0x00, 0x00, 0x00, 0x00, 0x00, 0x00, 0x00, 0x00,
	0x00, 0x00, 0x00, 0x00, 0x00, 0x00, 0x00, 0x00, 0x00, 0x00, 0x00, 0x00,
	0x00, 0x00, 0x00, 0x00, 0x00, 0x00, 0x00, 0x00, 0x00, 0x00, 0x00, 0x00,
	0x1f, 0xfe, 0x00, 0x1f, 0xfe, 0x00, 0x1f, 0xfe, 0x00, 0x1f, 0xfe, 0x00,
	0x1f, 0xc0, 0x00, 0x1f, 0xc0, 0x00, 0x1f, 0xc0, 0x00, 0x1f, 0xc0, 0x00,
	0x1f, 0xc0, 0x00, 0x1f, 0xc0, 0x00, 0x1f, 0xc0, 0x00, 0x1f, 0xc0, 0x00,
	0x1f, 0xc0, 0x00, 0x1f, 0xc0, 0x00, 0x1f, 0xc0, 0x00, 0x1f, 0xc0, 0x00,
	0x1f, 0xc0, 0x00, 0x1f, 0xc0, 0x00, 0x1f, 0xc0, 0x00, 0x1f, 0xc0, 0x00,
	0x1f, 0xc0, 0x00, 0x1f, 0xc0, 0x00, 0x1f, 0xc0, 0x00, 0x1f, 0xc0, 0x00,
	0x1f, 0xc0, 0x00, 0x1f, 0xc0, 0x00, 0x1f, 0xc0, 0x00, 0x1f, 0xc0, 0x00,
	0x1f, 0xc0, 0x00, 0x1f, 0xc0, 0x00, 0x1f, 0xc0, 0x00, 0x1f, 0xc0, 0x00,
	0x1f, 0xfe, 0x00, 0x1f, 0xfe, 0x00, 0x1f, 0xfe, 0x00, 0x1f, 0xfe, 0x00,
	0x00, 0x00, 0x00, 0x00, 0x00, 0x00, 0x00, 0x00, 0x00, 0x00, 0x00, 0x00,
	0x00, 0x00, 0x00, 0x00, 0x00, 0x00, 0x00, 0x00, 0x00, 0x00, 0x00, 0x00,
	0x00, 0x00, 0x00, 0x00, 0x00, 0x00, 0xf8, 0x00, 0xf8, 0x00, 0x78, 0x00,
	0x7c, 0x00, 0x7c, 0x00, 0x3c, 0x00, 0x3e, 0x00, 0x3e, 0x00, 0x1e, 0x00,
	0x1e, 0x00, 0x1f, 0x00, 0x0f, 0x00, 0x0f, 0x00, 0x0f, 0x80, 0x07, 0x80,
	0x07, 0x80, 0x07, 0xc0, 0x03, 0xc0, 0x03, 0xc0, 0x03, 0xe0, 0x01, 0xe0,
	0x01, 0xe0, 0x01, 0xf0, 0x00, 0xf0, 0x00, 0xf0, 0x00, 0xf8, 0x00, 0xf8,
	0x00, 0x78, 0x00, 0x7c, 0x00, 0x7c, 0x00, 0x3c, 0x00, 0x3e, 0x00, 0x3e,
	0x00, 0x00, 0x00, 0x00, 0x00, 0x00, 0x00, 0x00, 0x00, 0x00, 0x00, 0x00,
	0x00, 0x00, 0x00, 0x00, 0x00, 0x00, 0x00, 0x00, 0x00, 0x00, 0x00, 0x00,
	0x00, 0x00, 0x00, 0x00, 0x00, 0x00, 0x00, 0x00, 0x00, 0x00, 0x00, 0x00,
	0x1f, 0xfe, 0x00, 0x1f, 0xfe, 0x00, 0x1f, 0xfe, 0x00, 0x1f, 0xfe, 0x00,
	0x00, 0xfe, 0x00, 0x00, 0xfe, 0x00, 0x00, 0xfe, 0x00, 0x00, 0xfe, 0x00,
	0x00, 0xfe, 0x00, 0x00, 0xfe, 0x00, 0x00, 0xfe, 0x00, 0x00, 0xfe, 0x00,
	0x00, 0xfe, 0x00, 0x00, 0xfe, 0x00, 0x00, 0xfe, 0x00, 0x00, 0xfe, 0x00,
	0x00, 0xfe, 0x00, 0x00, 0xfe, 0x00, 0x00, 0xfe, 0x00, 0x00, 0xfe, 0x00,
	0x00, 0xfe, 0x00, 0x00, 0xfe, 0x00, 0x00, 0xfe, 0x00, 0x00, 0xfe, 0x00,
	0x00, 0xfe, 0x00, 0x00, 0xfe, 0x00, 0x00, 0xfe, 0x00, 0x00, 0xfe, 0x00,
	0x00, 0xfe, 0x00, 0x00, 0xfe, 0x00, 0x00, 0xfe, 0x00, 0x00, 0xfe, 0x00,
	0x1f, 0xfe, 0x00, 0x1f, 0xfe, 0x00, 0x1f, 0xfe, 0x00, 0x1f, 0xfe, 0x00,
	0x00, 0x00, 0x00, 0x00, 0x00, 0x00, 0x00, 0x00, 0x00, 0x00, 0x00, 0x00,
	0x00, 0x00, 0x00, 0x00, 0x00, 0x00, 0x00, 0x00, 0x00, 0x00, 0x00, 0x00,
	0x00, 0x00, 0x00, 0x00, 0x00, 0x00, 0x00, 0x00, 0x00, 0x00, 0x00, 0x00,
	0x00, 0x00, 0x00, 0x00, 0x00, 0x00, 0x00, 0x00, 0x00, 0x00, 0x00, 0x00,
	0x00, 0x00, 0x00, 0x00, 0x00, 0x00, 0x00, 0x00, 0x00, 0x00, 0x03, 0xe0,
	0x00, 0x00, 0x00, 0x07, 0xf0, 0x00, 0x00, 0x00, 0x0f, 0xf8, 0x00, 0x00,
	0x00, 0x1f, 0xfc, 0x00, 0x00, 0x00, 0x3f, 0xfe, 0x00, 0x00, 0x00, 0x7f,
	0x7f, 0x00, 0x00, 0x00, 0xfe, 0x3f, 0x80, 0x00, 0x01, 0xf8, 0x0f, 0xc0,
	0x00, 0x03, 0xf0, 0x07, 0xe0, 0x00, 0x07, 0xe0, 0x03, 0xf0, 0x00, 0x0f,
	0x80, 0x00, 0xf8, 0x00, 0x00, 0x00, 0x00, 0x00, 0x00, 0x00, 0x00, 0x00,
	0x00, 0x00, 0x00, 0x00, 0x00, 0x00, 0x00, 0x00, 0x00, 0x00, 0x00, 0x00,
	0x00, 0x00, 0x00, 0x00, 0x00, 0x00, 0x00, 0x00, 0x00, 0x00, 0x00, 0x00,
	0x00, 0x00, 0x00, 0x00, 0x00, 0x00, 0x00, 0x00, 0x00, 0x00, 0x00, 0x00,
	0x00, 0x00, 0x00, 0x00, 0x00, 0x00, 0x00, 0x00, 0x00, 0x00, 0x00, 0x00,
	0x00, 0x00, 0x00, 0x00, 0x00, 0x00, 0x00, 0x00, 0x00, 0x00, 0x00, 0x00,
	0x00, 0x00, 0x00, 0x00, 0x00, 0x00, 0x00, 0x00, 0x00, 0x00, 0x00, 0x00,
	0x00, 0x00, 0x00, 0x00, 0x00, 0x00, 0x00, 0x00, 0x00, 0x00, 0x00, 0x00,
	0x00, 0x00, 0x00, 0x00, 0x00, 0x00, 0x00, 0x00, 0x00, 0x00, 0x00, 0x00,
	0x00, 0x00, 0x00, 0x00, 0x00, 0x00, 0x00, 0x00, 0x00, 0x00, 0x00, 0x00,
	0x00, 0x00, 0x00, 0x00, 0x00, 0x00, 0x00, 0x00, 0x00, 0x00, 0x00, 0x00,
	0x00, 0x00, 0x00, 0x00, 0x00, 0x00, 0x00, 0x00, 0x00, 0x00, 0x00, 0x00,
	0x00, 0x00, 0x00, 0x00, 0x00, 0x00, 0x00, 0x00, 0x00, 0x00, 0x00, 0x00,
	0x00, 0x00, 0x00, 0x00, 0x00, 0x00, 0x00, 0x00, 0x00, 0x00, 0x00, 0x00,
	0x00, 0x00, 0x00, 0x00, 0x00, 0x00, 0x00, 0x00, 0x00, 0x00, 0x00, 0x00,
	0x00, 0x00, 0x00, 0x00, 0x00, 0x00, 0x00, 0x00, 0x00, 0x00, 0x00, 0x00,
	0x00, 0x00, 0x00, 0x00, 0x00, 0x00, 0x00, 0x00, 0x00, 0x00, 0x00, 0x00,
	0x00, 0x00, 0x00, 0x00, 0x00, 0x00, 0x00, 0x00, 0x00, 0x00, 0x00, 0x00,
	0x00, 0x00, 0x00, 0x00, 0x00, 0x00, 0x00, 0x00, 0x00, 0x00, 0x00, 0x00,
	0x00, 0x00, 0x00, 0x00, 0x00, 0x00, 0x00, 0x00, 0x00, 0x00, 0x00, 0x00,
	0x00, 0x00, 0x00, 0x00, 0x00, 0x00, 0x00, 0x00, 0x00, 0x00, 0x00, 0x00,
	0x00, 0x00, 0x00, 0x00, 0x00, 0x00, 0x00, 0x00, 0x00, 0x00, 0x00, 0x00,
	0x00, 0x00, 0x00, 0x00, 0x00, 0x00, 0x00, 0x00, 0x00, 0xff, 0xff, 0xf0,
	0xff, 0xff, 0xf0, 0xff, 0xff, 0xf0, 0xff, 0xff, 0xf0, 0x00, 0x00, 0x00,
	0x00, 0x00, 0x00, 0x00, 0x00, 0x00, 0x00, 0x00, 0x00, 0x00, 0x00, 0x00,
	0x00, 0x00, 0x00, 0x00, 0x00, 0x00, 0x3f, 0x00, 0x00, 0x0f, 0x80, 0x00,
	0x07, 0x80, 0x00, 0x03, 0xc0, 0x00, 0x01, 0xe0, 0x00, 0x00, 0xf0, 0x00,
	0x00, 0x78, 0x00, 0x00, 0x00, 0x00, 0x00, 0x00, 0x00, 0x00, 0x00, 0x00,
	0x00, 0x00, 0x00, 0x00, 0x00, 0x00, 0x00, 0x00, 0x00, 0x00, 0x00, 0x00,
	0x00, 0x00, 0x00, 0x00, 0x00, 0x00, 0x00, 0x00, 0x00, 0x00, 0x00, 0x00,
	0x00, 0x00, 0x00, 0x00, 0x00, 0x00, 0x00, 0x00, 0x00, 0x00, 0x00, 0x00,
	0x00, 0x00, 0x00, 0x00, 0x00, 0x00, 0x00, 0x00, 0x00, 0x00, 0x00, 0x00,
	0x00, 0x00, 0x00, 0x00, 0x00, 0x00, 0x00, 0x00, 0x00, 0x00, 0x00, 0x00,
	0x00, 0x00, 0x00, 0x00, 0x00, 0x00, 0x00, 0x00, 0x00, 0x00, 0x00, 0x00,
	0x00, 0x00, 0x00, 0x00, 0x00, 0x00, 0x00, 0x00, 0x00, 0x00, 0x00, 0x00,
	0x00, 0x00, 0x00, 0x00, 0x00, 0x00, 0x00, 0x00, 0x00, 0x00, 0x00, 0x00,
	0x00, 0x00, 0x00, 0x00, 0x00, 0x00, 0x00, 0x00, 0x00, 0x00, 0x00, 0x00,
	0x00, 0x00, 0x00, 0x00, 0x00, 0x00, 0x00, 0x00, 0x00, 0x00, 0x00, 0x00,
	0x00, 0x00, 0x00, 0x00, 0x00, 0x00, 0x00, 0x00, 0x00, 0x00, 0x00, 0x00,
	0x00, 0x00, 0x00, 0x00, 0x00, 0x00, 0x00, 0x00, 0x00, 0x00, 0x00, 0x00,
	0x00, 0x00, 0x00, 0x00, 0x00, 0x00, 0x00, 0x00, 0x00, 0x00, 0x00, 0x00,
	0x00, 0xff, 0xc0, 0x00, 0x07, 0xff, 0xf0, 0x00, 0x0f, 0xff, 0xfc, 0x00,
	0x0f, 0xff, 0xfe, 0x00, 0x0f, 0xff, 0xfe, 0x00, 0x0f, 0x01, 0xfe, 0x00,
	0x08, 0x00, 0x7f, 0x00, 0x00, 0x00, 0x7f, 0x00, 0x00, 0xff, 0xff, 0x00,
	0x07, 0xff, 0xff, 0x00, 0x0f, 0xff, 0xff, 0x00, 0x1f, 0xff, 0xff, 0x00,
	0x1f, 0xe0, 0x7f, 0x00, 0x3f, 0x80, 0x7f, 0x00, 0x3f, 0x80, 0x7f, 0x00,
	0x3f, 0x80, 0xff, 0x00, 0x3f, 0x80, 0xff, 0x00, 0x3f, 0xc3, 0xff, 0x00,
	0x3f, 0xff, 0xff, 0x00, 0x1f, 0xff, 0xff, 0x00, 0x0f, 0xff, 0x7f, 0x00,
	0x07, 0xfe, 0x7f, 0x00, 0x01, 0xf8, 0x7f, 0x00, 0x00, 0x00, 0x00, 0x00,
	0x00, 0x00, 0x00, 0x00, 0x00, 0x00, 0x00, 0x00, 0x00, 0x00, 0x00, 0x00,
	0x00, 0x00, 0x00, 0x00, 0x00, 0x00, 0x00, 0x00, 0x00, 0x00, 0x00, 0x00,
	0x00, 0x00, 0x00, 0x00, 0x00, 0x00, 0x00, 0x00, 0x00, 0x00, 0x00, 0x00,
	0x00, 0x00, 0x00, 0x00, 0x00, 0x00, 0x00, 0x00, 0x00, 0x00, 0x00, 0x00,
	0x00, 0x00, 0x00, 0x00, 0x00, 0x00, 0x00, 0x00, 0x00, 0x00, 0x00, 0x00,
	0x00, 0x00, 0x00, 0x00, 0x00, 0x00, 0x00, 0x00, 0x1f, 0xc0, 0x00, 0x00,
	0x1f, 0xc0, 0x00, 0x00, 0x1f, 0xc0, 0x00, 0x00, 0x1f, 0xc0, 0x00, 0x00,
	0x1f, 0xc0, 0x00, 0x00, 0x1f, 0xc0, 0x00, 0x00, 0x1f, 0xc0, 0x00, 0x00,
	0x1f, 0xc3, 0xf0, 0x00, 0x1f, 0xcf, 0xfc, 0x00, 0x1f, 0xdf, 0xfe, 0x00,
	0x1f, 0xff, 0xff, 0x00, 0x1f, 0xff, 0xff, 0x00, 0x1f, 0xf0, 0x7f, 0x80,
	0x1f, 0xe0, 0x3f, 0x80, 0x1f, 0xe0, 0x3f, 0xc0, 0x1f, 0xc0, 0x1f, 0xc0,
	0x1f, 0xc0, 0x1f, 0xc0, 0x1f, 0xc0, 0x1f, 0xc0, 0x1f, 0xc0, 0x1f, 0xc0,
	0x1f, 0xc0, 0x1f, 0xc0, 0x1f, 0xc0, 0x1f, 0xc0, 0x1f, 0xc0, 0x1f, 0xc0,
	0x1f, 0xe0, 0x3f, 0xc0, 0x1f, 0xe0, 0x3f, 0x80, 0x1f, 0xf0, 0x7f, 0x80,
	0x1f, 0xff, 0xff, 0x00, 0x1f, 0xff, 0xff, 0x00, 0x1f, 0xff, 0xfe, 0x00,
	0x1f, 0xcf, 0xfc, 0x00, 0x1f, 0xc3, 0xf0, 0x00, 0x00, 0x00, 0x00, 0x00,
	0x00, 0x00, 0x00, 0x00, 0x00, 0x00, 0x00, 0x00, 0x00, 0x00, 0x00, 0x00,
	0x00, 0x00, 0x00, 0x00, 0x00, 0x00, 0x00, 0x00, 0x00, 0x00, 0x00, 0x00,
	0x00, 0x00, 0x00, 0x00, 0x00, 0x00, 0x00, 0x00, 0x00, 0x00, 0x00, 0x00,
	0x00, 0x00, 0x00, 0x00, 0x00, 0x00, 0x00, 0x00, 0x00, 0x00, 0x00, 0x00,
	0x00, 0x00, 0x00, 0x00, 0x00, 0x00, 0x00, 0x00, 0x00, 0x00, 0x00, 0x00,
	0x00, 0x00, 0x00, 0x00, 0x00, 0x00, 0x00, 0x00, 0x00, 0x00, 0x00, 0x00,
	0x00, 0x00, 0x00, 0x00, 0x00, 0x00, 0x00, 0x00, 0x00, 0x00, 0x3f, 0xe0,
	0x01, 0xff, 0xf8, 0x03, 0xff, 0xf8, 0x07, 0xff, 0xf8, 0x0f, 0xff, 0xf8,
	0x1f, 0xf0, 0x38, 0x1f, 0xe0, 0x08, 0x1f, 0xc0, 0x00, 0x3f, 0x80, 0x00,
	0x3f, 0x80, 0x00, 0x3f, 0x80, 0x00, 0x3f, 0x80, 0x00, 0x3f, 0x80, 0x00,
	0x3f, 0x80, 0x00, 0x3f, 0xc0, 0x00, 0x1f, 0xc0, 0x00, 0x1f, 0xe0, 0x08,
	0x1f, 0xf0, 0x38, 0x0f, 0xff, 0xf8, 0x07, 0xff, 0xf8, 0x03, 0xff, 0xf8,
	0x01, 0xff, 0xf8, 0x00, 0x3f, 0xe0, 0x00, 0x00, 0x00, 0x00, 0x00, 0x00,
	0x00, 0x00, 0x00, 0x00, 0x00, 0x00, 0x00, 0x00, 0x00, 0x00, 0x00, 0x00,
	0x00, 0x00, 0x00, 0x00, 0x00, 0x00, 0x00, 0x00, 0x00, 0x00, 0x00, 0x00,
	0x00, 0x00, 0x00, 0x00, 0x00, 0x00, 0x00, 0x00, 0x00, 0x00, 0x00, 0x00,
	0x00, 0x00, 0x00, 0x00, 0x00, 0x00, 0x00, 0x00, 0x00, 0x00, 0x00, 0x00,
	0x00, 0x00, 0x00, 0x00, 0x00, 0x00, 0x00, 0x00, 0x00, 0x00, 0x3f, 0x80,
	0x00, 0x00, 0x3f, 0x80, 0x00, 0x00, 0x3f, 0x80, 0x00, 0x00, 0x3f, 0x80,
	0x00, 0x00, 0x3f, 0x80, 0x00, 0x00, 0x3f, 0x80, 0x00, 0x00, 0x3f, 0x80,
	0x00, 0xfc, 0x3f, 0x80, 0x03, 0xff, 0x3f, 0x80, 0x07, 0xff, 0xbf, 0x80,
	0x0f, 0xff, 0xff, 0x80, 0x0f, 0xff, 0xff, 0x80, 0x1f, 0xe0, 0xff, 0x80,
	0x1f, 0xc0, 0x7f, 0x80, 0x3f, 0xc0, 0x7f, 0x80, 0x3f, 0x80, 0x3f, 0x80,
	0x3f, 0x80, 0x3f, 0x80, 0x3f, 0x80, 0x3f, 0x80, 0x3f, 0x80, 0x3f, 0x80,
	0x3f, 0x80, 0x3f, 0x80, 0x3f, 0x80, 0x3f, 0x80, 0x3f, 0x80, 0x3f, 0x80,
	0x3f, 0xc0, 0x7f, 0x80, 0x1f, 0xc0, 0x7f, 0x80, 0x1f, 0xe0, 0xff, 0x80,
	0x0f, 0xff, 0xff, 0x80, 0x0f, 0xff, 0xff, 0x80, 0x07, 0xff, 0xbf, 0x80,
	0x03, 0xff, 0x3f, 0x80, 0x00, 0xfc, 0x3f, 0x80, 0x00, 0x00, 0x00, 0x00,
	0x00, 0x00, 0x00, 0x00, 0x00, 0x00, 0x00, 0x00, 0x00, 0x00, 0x00, 0x00,
	0x00, 0x00, 0x00, 0x00, 0x00, 0x00, 0x00, 0x00, 0x00, 0x00, 0x00, 0x00,
	0x00, 0x00, 0x00, 0x00, 0x00, 0x00, 0x00, 0x00, 0x00, 0x00, 0x00, 0x00,
	0x00, 0x00, 0x00, 0x00, 0x00, 0x00, 0x00, 0x00, 0x00, 0x00, 0x00, 0x00,
	0x00, 0x00, 0x00, 0x00, 0x00, 0x00, 0x00, 0x00, 0x00, 0x00, 0x00, 0x00,
	0x00, 0x00, 0x00, 0x00, 0x00, 0x00, 0x00, 0x00, 0x00, 0x00, 0x00, 0x00,
	0x00, 0x00, 0x00, 0x00, 0x00, 0x00, 0x00, 0x00, 0x00, 0x00, 0x00, 0x00,
	0x00, 0x00, 0x00, 0x00, 0x00, 0x00, 0x00, 0x00, 0x00, 0x00, 0x00, 0x00,
	0x00, 0x3f, 0xc0, 0x00, 0x01, 0xff, 0xf0, 0x00, 0x03, 0xff, 0xf8, 0x00,
	0x07, 0xff, 0xfc, 0x00, 0x0f, 0xff, 0xfe, 0x00, 0x1f, 0xe0, 0xff, 0x00,
	0x1f, 0xc0, 0x7f, 0x00, 0x1f, 0xc0, 0x3f, 0x80, 0x3f, 0x80, 0x3f, 0x80,
	0x3f, 0xff, 0xff, 0x80, 0x3f, 0xff, 0xff, 0x80, 0x3f, 0xff, 0xff, 0x80,
	0x3f, 0xff, 0xff, 0x80, 0x3f, 0x80, 0x00, 0x00, 0x3f, 0x80, 0x00, 0x00,
	0x3f, 0xc0, 0x01, 0x00, 0x1f, 0xc0, 0x07, 0x00, 0x1f, 0xf0, 0x1f, 0x00,
	0x0f, 0xff, 0xff, 0x00, 0x07, 0xff, 0xff, 0x00, 0x03, 0xff, 0xfe, 0x00,
	0x01, 0xff, 0xf8, 0x00, 0x00, 0x3f, 0xc0, 0x00, 0x00, 0x00, 0x00, 0x00,
	0x00, 0x00, 0x00, 0x00, 0x00, 0x00, 0x00, 0x00, 0x00, 0x00, 0x00, 0x00,
	0x00, 0x00, 0x00, 0x00, 0x00, 0x00, 0x00, 0x00, 0x00, 0x00, 0x00, 0x00,
	0x00, 0x00, 0x00, 0x00, 0x00, 0x00, 0x00, 0x00, 0x00, 0x00, 0x00, 0x00,
	0x00, 0x00, 0x00, 0x00, 0x00, 0x00, 0x00, 0x00, 0x00, 0x00, 0x00, 0x00,
	0x00, 0x00, 0x00, 0x00, 0x00, 0x00, 0x00, 0x00, 0x00, 0x00, 0x00, 0x00,
	0x00, 0xff, 0x80, 0x03, 0xff, 0x80, 0x07, 0xff, 0x80, 0x07, 0xff, 0x80,
	0x0f, 0xff, 0x80, 0x0f, 0xf0, 0x00, 0x0f, 0xe0, 0x00, 0x0f, 0xe0, 0x00,
	0x7f, 0xff, 0x80, 0x7f, 0xff, 0x80, 0x7f, 0xff, 0x80, 0x7f, 0xff, 0x80,
	0x7f, 0xff, 0x80, 0x0f, 0xe0, 0x00, 0x0f, 0xe0, 0x00, 0x0f, 0xe0, 0x00,
	0x0f, 0xe0, 0x00, 0x0f, 0xe0, 0x00, 0x0f, 0xe0, 0x00, 0x0f, 0xe0, 0x00,
	0x0f, 0xe0, 0x00, 0x0f, 0xe0, 0x00, 0x0f, 0xe0, 0x00, 0x0f, 0xe0, 0x00,
	0x0f, 0xe0, 0x00, 0x0f, 0xe0, 0x00, 0x0f, 0xe0, 0x00, 0x0f, 0xe0, 0x00,
	0x0f, 0xe0, 0x00, 0x0f, 0xe0, 0x00, 0x00, 0x00, 0x00, 0x00, 0x00, 0x00,
	0x00, 0x00, 0x00, 0x00, 0x00, 0x00, 0x00, 0x00, 0x00, 0x00, 0x00, 0x00,
	0x00, 0x00, 0x00, 0x00, 0x00, 0x00, 0x00, 0x00, 0x00, 0x00, 0x00, 0x00,
	0x00, 0x00, 0x00, 0x00, 0x00, 0x00, 0x00, 0x00, 0x00, 0x00, 0x00, 0x00,
	0x00, 0x00, 0x00, 0x00, 0x00, 0x00, 0x00, 0x00, 0x00, 0x00, 0x00, 0x00,
	0x00, 0x00, 0x00, 0x00, 0x00, 0x00, 0x00, 0x00, 0x00, 0x00, 0x00, 0x00,
	0x00, 0x00, 0x00, 0x00, 0x00, 0x00, 0x00, 0x00, 0x00, 0x00, 0x00, 0x00,
	0x00, 0x00, 0x00, 0x00, 0x00, 0x00, 0x00, 0x00, 0x00, 0x00, 0x00, 0x00,
	0x00, 0xfc, 0x00, 0x00, 0x03, 0xff, 0x3f, 0x80, 0x07, 0xff, 0xbf, 0x80,
	0x0f, 0xff, 0xff, 0x80, 0x0f, 0xff, 0xff, 0x80, 0x1f, 0xe1, 0xff, 0x80,
	0x1f, 0xc0, 0x7f, 0x80, 0x3f, 0xc0, 0x7f, 0x80, 0x3f, 0x80, 0x3f, 0x80,
	0x3f, 0x80, 0x3f, 0x80, 0x3f, 0x80, 0x3f, 0x80, 0x3f, 0x80, 0x3f, 0x80,
	0x3f, 0x80, 0x3f, 0x80, 0x3f, 0x80, 0x3f, 0x80, 0x3f, 0x80, 0x3f, 0x80,
	0x3f, 0xc0, 0x7f, 0x80, 0x1f, 0xc0, 0x7f, 0x80, 0x1f, 0xe1, 0xff, 0x80,
	0x0f, 0xff, 0xff, 0x80, 0x0f, 0xff, 0xff, 0x80, 0x07, 0xff, 0xbf, 0x80,
	0x03, 0xff, 0x3f, 0x80, 0x00, 0xfc, 0x3f, 0x80, 0x00, 0x00, 0x3f, 0x80,
	0x00, 0x00, 0x7f, 0x80, 0x04, 0x00, 0xff, 0x00, 0x07, 0x01, 0xff, 0x00,
	0x07, 0xff, 0xfe, 0x00, 0x07, 0xff, 0xfc, 0x00, 0x07, 0xff, 0xf8, 0x00,
	0x03, 0xff, 0xf0, 0x00, 0x00, 0x7f, 0x80, 0x00, 0x00, 0x00, 0x00, 0x00,
	0x00, 0x00, 0x00, 0x00, 0x00, 0x00, 0x00, 0x00, 0x00, 0x00, 0x00, 0x00,
	0x00, 0x00, 0x00, 0x00, 0x00, 0x00, 0x00, 0x00, 0x00, 0x00, 0x00, 0x00,
	0x00, 0x00, 0x00, 0x00, 0x00, 0x00, 0x00, 0x00, 0x1f, 0xc0, 0x00, 0x00,
	0x1f, 0xc0, 0x00, 0x00, 0x1f, 0xc0, 0x00, 0x00, 0x1f, 0xc0, 0x00, 0x00,
	0x1f, 0xc0, 0x00, 0x00, 0x1f, 0xc0, 0x00, 0x00, 0x1f, 0xc0, 0x00, 0x00,
	0x1f, 0xc3, 0xf0, 0x00, 0x1f, 0xc7, 0xfc, 0x00, 0x1f, 0xdf, 0xfe, 0x00,
	0x1f, 0xff, 0xff, 0x00, 0x1f, 0xff, 0xff, 0x00, 0x1f, 0xf8, 0xff, 0x80,
	0x1f, 0xf0, 0x7f, 0x80, 0x1f, 0xe0, 0x3f, 0x80, 0x1f, 0xc0, 0x3f, 0x80,
	0x1f, 0xc0, 0x3f, 0x80, 0x1f, 0xc0, 0x3f, 0x80, 0x1f, 0xc0, 0x3f, 0x80,
	0x1f, 0xc0, 0x3f, 0x80, 0x1f, 0xc0, 0x3f, 0x80, 0x1f, 0xc0, 0x3f, 0x80,
	0x1f, 0xc0, 0x3f, 0x80, 0x1f, 0xc0, 0x3f, 0x80, 0x1f, 0xc0, 0x3f, 0x80,
	0x1f, 0xc0, 0x3f, 0x80, 0x1f, 0xc0, 0x3f, 0x80, 0x1f, 0xc0, 0x3f, 0x80,
	0x1f, 0xc0, 0x3f, 0x80, 0x1f, 0xc0, 0x3f, 0x80, 0x00, 0x00, 0x00, 0x00,
	0x00, 0x00, 0x00, 0x00, 0x00, 0x00, 0x00, 0x00, 0x00, 0x00, 0x00, 0x00,
	0x00, 0x00, 0x00, 0x00, 0x00, 0x00, 0x00, 0x00, 0x00, 0x00, 0x00, 0x00,
	0x00, 0x00, 0x00, 0x00, 0x00, 0x00, 0x00, 0x00, 0x00, 0x00, 0x00, 0x00,
	0x00, 0x00, 0x00, 0x00, 0x00, 0x00, 0x00, 0x00, 0x00, 0x00, 0x00, 0x00,
	0x00, 0x00, 0x00, 0x00, 0x1f, 0xc0, 0x1f, 0xc0, 0x1f, 0xc0, 0x1f, 0xc0,
	0x1f, 0xc0, 0x00, 0x00, 0x00, 0x00, 0x00, 0x00, 0x1f, 0xc0, 0x1f, 0xc0,
	0x1f, 0xc0, 0x1f, 0xc0, 0x1f, 0xc0, 0x1f, 0xc0, 0x1f, 0xc0, 0x1f, 0xc0,
	0x1f, 0xc0, 0x1f, 0xc0, 0x1f, 0xc0, 0x1f, 0xc0, 0x1f, 0xc0, 0x1f, 0xc0,
	0x1f, 0xc0, 0x1f, 0xc0, 0x1f, 0xc0, 0x1f, 0xc0, 0x1f, 0xc0, 0x1f, 0xc0,
	0x1f, 0xc0, 0x1f, 0xc0, 0x00, 0x00, 0x00, 0x00, 0x00, 0x00, 0x00, 0x00,
	0x00, 0x00, 0x00, 0x00, 0x00, 0x00, 0x00, 0x00, 0x00, 0x00, 0x00, 0x00,
	0x00, 0x00, 0x00, 0x00, 0x00, 0x00, 0x00, 0x00, 0x00, 0x00, 0x00, 0x00,
	0x00, 0x00, 0x00, 0x00, 0x1f, 0xc0, 0x1f, 0xc0, 0x1f, 0xc0, 0x1f, 0xc0,
	0x1f, 0xc0, 0x00, 0x00, 0x00, 0x00, 0x00, 0x00, 0x1f, 0xc0, 0x1f, 0xc0,
	0x1f, 0xc0, 0x1f, 0xc0, 0x1f, 0xc0, 0x1f, 0xc0, 0x1f, 0xc0, 0x1f, 0xc0,
	0x1f, 0xc0, 0x1f, 0xc0, 0x1f, 0xc0, 0x1f, 0xc0, 0x1f, 0xc0, 0x1f, 0xc0,
	0x1f, 0xc0, 0x1f, 0xc0, 0x1f, 0xc0, 0x1f, 0xc0, 0x1f, 0xc0, 0x1f, 0xc0,
	0x1f, 0xc0, 0x1f, 0xc0, 0x1f, 0xc0, 0x1f, 0xc0, 0x1f, 0xc0, 0x3f, 0x80,
	0xff, 0x80, 0xff, 0x80, 0xff, 0x00, 0xfe, 0x00, 0xf8, 0x00, 0x00, 0x00,
	0x00, 0x00, 0x00, 0x00, 0x00, 0x00, 0x00, 0x00, 0x00, 0x00, 0x00, 0x00,
	0x00, 0x00, 0x00, 0x00, 0x00, 0x00, 0x00, 0x00, 0x00, 0x00, 0x00, 0x00,
	0x00, 0x00, 0x00, 0x00, 0x00, 0x00, 0x00, 0x00, 0x1f, 0xc0, 0x00, 0x00,
	0x1f, 0xc0, 0x00, 0x00, 0x1f, 0xc0, 0x00, 0x00, 0x1f, 0xc0, 0x00, 0x00,
	0x1f, 0xc0, 0x00, 0x00, 0x1f, 0xc0, 0x00, 0x00, 0x1f, 0xc0, 0x00, 0x00,
	0x1f, 0xc0, 0x00, 0x00, 0x1f, 0xc0, 0x7f, 0x80, 0x1f, 0xc0, 0xff, 0x00,
	0x1f, 0xc1, 0xfe, 0x00, 0x1f, 0xc1, 0xfc, 0x00, 0x1f, 0xc3, 0xf8, 0x00,
	0x1f, 0xc7, 0xf0, 0x00, 0x1f, 0xcf, 0xe0, 0x00, 0x1f, 0xdf, 0xc0, 0x00,
	0x1f, 0xff, 0x80, 0x00, 0x1f, 0xff, 0x00, 0x00, 0x1f, 0xff, 0x00, 0x00,
	0x1f, 0xff, 0x80, 0x00, 0x1f, 0xff, 0xc0, 0x00, 0x1f, 0xdf, 0xe0, 0x00,
	0x1f, 0xcf, 0xf0, 0x00, 0x1f, 0xcf, 0xf8, 0x00, 0x1f, 0xc7, 0xfc, 0x00,
	0x1f, 0xc3, 0xfe, 0x00, 0x1f, 0xc1, 0xff, 0x00, 0x1f, 0xc0, 0xff, 0x80,
	0x1f, 0xc0, 0x7f, 0xc0, 0x1f, 0xc0, 0x3f, 0xe0, 0x00, 0x00, 0x00, 0x00,
	0x00, 0x00, 0x00, 0x00, 0x00, 0x00, 0x00, 0x00, 0x00, 0x00, 0x00, 0x00,
	0x00, 0x00, 0x00, 0x00, 0x00, 0x00, 0x00, 0x00, 0x00, 0x00, 0x00, 0x00,
	0x00, 0x00, 0x00, 0x00, 0x00, 0x00, 0x00, 0x00, 0x00, 0x00, 0x00, 0x00,
	0x00, 0x00, 0x00, 0x00, 0x00, 0x00, 0x00, 0x00, 0x00, 0x00, 0x00, 0x00,
	0x00, 0x00, 0x00, 0x00, 0x1f, 0xc0, 0x1f, 0xc0, 0x1f, 0xc0, 0x1f, 0xc0,
	0x1f, 0xc0, 0x1f, 0xc0, 0x1f, 0xc0, 0x1f, 0xc0, 0x1f, 0xc0, 0x1f, 0xc0,
	0x1f, 0xc0, 0x1f, 0xc0, 0x1f, 0xc0, 0x1f, 0xc0, 0x1f, 0xc0, 0x1f, 0xc0,
	0x1f, 0xc0, 0x1f, 0xc0, 0x1f, 0xc0, 0x1f, 0xc0, 0x1f, 0xc0, 0x1f, 0xc0,
	0x1f, 0xc0, 0x1f, 0xc0, 0x1f, 0xc0, 0x1f, 0xc0, 0x1f, 0xc0, 0x1f, 0xc0,
	0x1f, 0xc0, 0x1f, 0xc0, 0x00, 0x00, 0x00, 0x00, 0x00, 0x00, 0x00, 0x00,
	0x00, 0x00, 0x00, 0x00, 0x00, 0x00, 0x00, 0x00, 0x00, 0x00, 0x00, 0x00,
	0x00, 0x00, 0x00, 0x00, 0x00, 0x00, 0x00, 0x00, 0x00, 0x00, 0x00, 0x00,
	0x00, 0x00, 0x00, 0x00, 0x00, 0x00, 0x00, 0x00, 0x00, 0x00, 0x00, 0x00,
	0x00, 0x00, 0x00, 0x00, 0x00, 0x00, 0x00, 0x00, 0x00, 0x00, 0x00, 0x00,
	0x00, 0x00, 0x00, 0x00, 0x00, 0x00, 0x00, 0x00, 0x00, 0x00, 0x00, 0x00,
	0x00, 0x00, 0x00, 0x00, 0x00, 0x00, 0x00, 0x00, 0x00, 0x00, 0x00, 0x00,
	0x00, 0x00, 0x00, 0x00, 0x00, 0x00, 0x00, 0x00, 0x00, 0x00, 0x00, 0x00,
	0x00, 0x00, 0x00, 0x00, 0x00, 0x00, 0x00, 0x00, 0x00, 0x00, 0x00, 0x00,
	0x00, 0x00, 0x00, 0x00, 0x00, 0x00, 0x00, 0x03, 0xe0, 0x0f, 0x80, 0x00,
	0x1f, 0xcf, 0xf8, 0x3f, 0xe0, 0x00, 0x1f, 0xdf, 0xfc, 0x7f, 0xf0, 0x00,
	0x1f, 0xff, 0xfe, 0xff, 0xf8, 0x00, 0x1f, 0xff, 0xff, 0xff, 0xf8, 0x00,
	0x1f, 0xf0, 0xff, 0xc3, 0xfc, 0x00, 0x1f, 0xe0, 0x7f, 0x81, 0xfc, 0x00,
	0x1f, 0xe0, 0x7f, 0x81, 0xfc, 0x00, 0x1f, 0xc0, 0x7f, 0x01, 0xfc, 0x00,
	0x1f, 0xc0, 0x7f, 0x01, 0xfc, 0x00, 0x1f, 0xc0, 0x7f, 0x01, 0xfc, 0x00,
	0x1f, 0xc0, 0x7f, 0x01, 0xfc, 0x00, 0x1f, 0xc0, 0x7f, 0x01, 0xfc, 0x00,
	0x1f, 0xc0, 0x7f, 0x01, 0xfc, 0x00, 0x1f, 0xc0, 0x7f, 0x01, 0xfc, 0x00,
	0x1f, 0xc0, 0x7f, 0x01, 0xfc, 0x00, 0x1f, 0xc0, 0x7f, 0x01, 0xfc, 0x00,
	0x1f, 0xc0, 0x7f, 0x01, 0xfc, 0x00, 0x1f, 0xc0, 0x7f, 0x01, 0xfc, 0x00,
	0x1f, 0xc0, 0x7f, 0x01, 0xfc, 0x00, 0x1f, 0xc0, 0x7f, 0x01, 0xfc, 0x00,
	0x1f, 0xc0, 0x7f, 0x01, 0xfc, 0x00, 0x1f, 0xc0, 0x7f, 0x01, 0xfc, 0x00,
	0x00, 0x00, 0x00, 0x00, 0x00, 0x00, 0x00, 0x00, 0x00, 0x00, 0x00, 0x00,
	0x00, 0x00, 0x00, 0x00, 0x00, 0x00, 0x00, 0x00, 0x00, 0x00, 0x00, 0x00,
	0x00, 0x00, 0x00, 0x00, 0x00, 0x00, 0x00, 0x00, 0x00, 0x00, 0x00, 0x00,
	0x00, 0x00, 0x00, 0x00, 0x00, 0x00, 0x00, 0x00, 0x00, 0x00, 0x00, 0x00,
	0x00, 0x00, 0x00, 0x00, 0x00, 0x00, 0x00, 0x00, 0x00, 0x00, 0x00, 0x00,
	0x00, 0x00, 0x00, 0x00, 0x00, 0x00, 0x00, 0x00, 0x00, 0x00, 0x00, 0x00,
	0x00, 0x00, 0x00, 0x00, 0x00, 0x00, 0x00, 0x00, 0x00, 0x00, 0x00, 0x00,
	0x00, 0x00, 0x00, 0x00, 0x00, 0x00, 0x00, 0x00, 0x00, 0x00, 0x00, 0x00,
	0x00, 0x00, 0x00, 0x00, 0x00, 0x00, 0x00, 0x00, 0x00, 0x00, 0x00, 0x00,
	0x00, 0x00, 0x00, 0x00, 0x00, 0x00, 0x00, 0x00, 0x00, 0x00, 0x00, 0x00,
	0x00, 0x03, 0xf0, 0x00, 0x1f, 0xc7, 0xfc, 0x00, 0x1f, 0xdf, 0xfe, 0x00,
	0x1f, 0xff, 0xff, 0x00, 0x1f, 0xff, 0xff, 0x00, 0x1f, 0xf8, 0xff, 0x80,
	0x1f, 0xf0, 0x7f, 0x80, 0x1f, 0xe0, 0x3f, 0x80, 0x1f, 0xc0, 0x3f, 0x80,
	0x1f, 0xc0, 0x3f, 0x80, 0x1f, 0xc0, 0x3f, 0x80, 0x1f, 0xc0, 0x3f, 0x80,
	0x1f, 0xc0, 0x3f, 0x80, 0x1f, 0xc0, 0x3f, 0x80, 0x1f, 0xc0, 0x3f, 0x80,
	0x1f, 0xc0, 0x3f, 0x80, 0x1f, 0xc0, 0x3f, 0x80, 0x1f, 0xc0, 0x3f, 0x80,
	0x1f, 0xc0, 0x3f, 0x80, 0x1f, 0xc0, 0x3f, 0x80, 0x1f, 0xc0, 0x3f, 0x80,
	0x1f, 0xc0, 0x3f, 0x80, 0x1f, 0xc0, 0x3f, 0x80, 0x00, 0x00, 0x00, 0x00,
	0x00, 0x00, 0x00, 0x00, 0x00, 0x00, 0x00, 0x00, 0x00, 0x00, 0x00, 0x00,
	0x00, 0x00, 0x00, 0x00, 0x00, 0x00, 0x00, 0x00, 0x00, 0x00, 0x00, 0x00,
	0x00, 0x00, 0x00, 0x00, 0x00, 0x00, 0x00, 0x00, 0x00, 0x00, 0x00, 0x00,
	0x00, 0x00, 0x00, 0x00, 0x00, 0x00, 0x00, 0x00, 0x00, 0x00, 0x00, 0x00,
	0x00, 0x00, 0x00, 0x00, 0x00, 0x00, 0x00, 0x00, 0x00, 0x00, 0x00, 0x00,
	0x00, 0x00, 0x00, 0x00, 0x00, 0x00, 0x00, 0x00, 0x00, 0x00, 0x00, 0x00,
	0x00, 0x00, 0x00, 0x00, 0x00, 0x00, 0x00, 0x00, 0x00, 0x00, 0x00, 0x00,
	0x00, 0x00, 0x00, 0x00, 0x00, 0x00, 0x00, 0x00, 0x00, 0x00, 0x00, 0x00,
	0x00, 0x3f, 0xc0, 0x00, 0x01, 0xff, 0xf8, 0x00, 0x03, 0xff, 0xfc, 0x00,
	0x07, 0xff, 0xfe, 0x00, 0x0f, 0xff, 0xff, 0x00, 0x1f, 0xf0, 0xff, 0x80,
	0x1f, 0xc0, 0x3f, 0x80, 0x1f, 0xc0, 0x3f, 0x80, 0x3f, 0x80, 0x1f, 0xc0,
	0x3f, 0x80, 0x1f, 0xc0, 0x3f, 0x80, 0x1f, 0xc0, 0x3f, 0x80, 0x1f, 0xc0,
	0x3f, 0x80, 0x1f, 0xc0, 0x3f, 0x80, 0x1f, 0xc0, 0x3f, 0x80, 0x1f, 0xc0,
	0x3f, 0xc0, 0x3f, 0x80, 0x1f, 0xc0, 0x3f, 0x80, 0x1f, 0xf0, 0xff, 0x80,
	0x0f, 0xff, 0xff, 0x00, 0x07, 0xff, 0xfe, 0x00, 0x03, 0xff, 0xfc, 0x00,
	0x01, 0xff, 0xf8, 0x00, 0x00, 0x3f, 0xc0, 0x00, 0x00, 0x00, 0x00, 0x00,
	0x00, 0x00, 0x00, 0x00, 0x00, 0x00, 0x00, 0x00, 0x00, 0x00, 0x00, 0x00,
	0x00, 0x00, 0x00, 0x00, 0x00, 0x00, 0x00, 0x00, 0x00, 0x00, 0x00, 0x00,
	0x00, 0x00, 0x00, 0x00, 0x00, 0x00, 0x00, 0x00, 0x00, 0x00, 0x00, 0x00,
	0x00, 0x00, 0x00, 0x00, 0x00, 0x00, 0x00, 0x00, 0x00, 0x00, 0x00, 0x00,
	0x00, 0x00, 0x00, 0x00, 0x00, 0x00, 0x00, 0x00, 0x00, 0x00, 0x00, 0x00,
	0x00, 0x00, 0x00, 0x00, 0x00, 0x00, 0x00, 0x00, 0x00, 0x00, 0x00, 0x00,
	0x00, 0x00, 0x00, 0x00, 0x00, 0x00, 0x00, 0x00, 0x00, 0x00, 0x00, 0x00,
	0x00, 0x00, 0x00, 0x00, 0x00, 0x00, 0x00, 0x00, 0x00, 0x00, 0x00, 0x00,
	0x00, 0x03, 0xf0, 0x00, 0x1f, 0xcf, 0xfc, 0x00, 0x1f, 0xdf, 0xfe, 0x00,
	0x1f, 0xff, 0xff, 0x00, 0x1f, 0xff, 0xff, 0x00, 0x1f, 0xf0, 0x7f, 0x80,
	0x1f, 0xe0, 0x3f, 0x80, 0x1f, 0xe0, 0x3f, 0xc0, 0x1f, 0xc0, 0x1f, 0xc0,
	0x1f, 0xc0, 0x1f, 0xc0, 0x1f, 0xc0, 0x1f, 0xc0, 0x1f, 0xc0, 0x1f, 0xc0,
	0x1f, 0xc0, 0x1f, 0xc0, 0x1f, 0xc0, 0x1f, 0xc0, 0x1f, 0xc0, 0x1f, 0xc0,
	0x1f, 0xe0, 0x3f, 0xc0, 0x1f, 0xe0, 0x3f, 0x80, 0x1f, 0xf0, 0x7f, 0x80,
	0x1f, 0xff, 0xff, 0x00, 0x1f, 0xff, 0xff, 0x00, 0x1f, 0xdf, 0xfe, 0x00,
	0x1f, 0xcf, 0xfc, 0x00, 0x1f, 0xc3, 0xf0, 0x00, 0x1f, 0xc0, 0x00, 0x00,
	0x1f, 0xc0, 0x00, 0x00, 0x1f, 0xc0, 0x00, 0x00, 0x1f, 0xc0, 0x00, 0x00,
	0x1f, 0xc0, 0x00, 0x00, 0x1f, 0xc0, 0x00, 0x00, 0x1f, 0xc0, 0x00, 0x00,
	0x1f, 0xc0, 0x00, 0x00, 0x00, 0x00, 0x00, 0x00, 0x00, 0x00, 0x00, 0x00,
	0x00, 0x00, 0x00, 0x00, 0x00, 0x00, 0x00, 0x00, 0x00, 0x00, 0x00, 0x00,
	0x00, 0x00, 0x00, 0x00, 0x00, 0x00, 0x00, 0x00, 0x00, 0x00, 0x00, 0x00,
	0x00, 0x00, 0x00, 0x00, 0x00, 0x00, 0x00, 0x00, 0x00, 0x00, 0x00, 0x00,
	0x00, 0x00, 0x00, 0x00, 0x00, 0x00, 0x00, 0x00, 0x00, 0x00, 0x00, 0x00,
	0x00, 0x00, 0x00, 0x00, 0x00, 0x00, 0x00, 0x00, 0x00, 0x00, 0x00, 0x00,
	0x00, 0xfc, 0x00, 0x00, 0x03, 0xff, 0x3f, 0x80, 0x07, 0xff, 0xbf, 0x80,
	0x0f, 0xff, 0xff, 0x80, 0x0f, 0xff, 0xff, 0x80, 0x1f, 0xe0, 0xff, 0x80,
	0x1f, 0xc0, 0x7f, 0x80, 0x3f, 0xc0, 0x7f, 0x80, 0x3f, 0x80, 0x3f, 0x80,
	0x3f, 0x80, 0x3f, 0x80, 0x3f, 0x80, 0x3f, 0x80, 0x3f, 0x80, 0x3f, 0x80,
	0x3f, 0x80, 0x3f, 0x80, 0x3f, 0x80, 0x3f, 0x80, 0x3f, 0x80, 0x3f, 0x80,
	0x3f, 0xc0, 0x7f, 0x80, 0x1f, 0xc0, 0x7f, 0x80, 0x1f, 0xe0, 0xff, 0x80,
	0x0f, 0xff, 0xff, 0x80, 0x0f, 0xff, 0xff, 0x80, 0x07, 0xff, 0xbf, 0x80,
	0x03, 0xff, 0x3f, 0x80, 0x00, 0xfc, 0x3f, 0x80, 0x00, 0x00, 0x3f, 0x80,
	0x00, 0x00, 0x3f, 0x80, 0x00, 0x00, 0x3f, 0x80, 0x00, 0x00, 0x3f, 0x80,
	0x00, 0x00, 0x3f, 0x80, 0x00, 0x00, 0x3f, 0x80, 0x00, 0x00, 0x3f, 0x80,
	0x00, 0x00, 0x3f, 0x80, 0x00, 0x00, 0x00, 0x00, 0x00, 0x00, 0x00, 0x00,
	0x00, 0x00, 0x00, 0x00, 0x00, 0x00, 0x00, 0x00, 0x00, 0x00, 0x00, 0x00,
	0x00, 0x00, 0x00, 0x00, 0x00, 0x00, 0x00, 0x00, 0x00, 0x00, 0x00, 0x00,
	0x00, 0x00, 0x00, 0x00, 0x00, 0x00, 0x00, 0x00, 0x00, 0x00, 0x00, 0x00,
	0x00, 0x00, 0x00, 0x00, 0x00, 0x00, 0x00, 0x00, 0x00, 0x00, 0x03, 0xe0,
	0x1f, 0xcf, 0xe0, 0x1f, 0xdf, 0xe0, 0x1f, 0xff, 0xe0, 0x1f, 0xff, 0xe0,
	0x1f, 0xf8, 0x20, 0x1f, 0xf0, 0x00, 0x1f, 0xe0, 0x00, 0x1f, 0xe0, 0x00,
	0x1f, 0xc0, 0x00, 0x1f, 0xc0, 0x00, 0x1f, 0xc0, 0x00, 0x1f, 0xc0, 0x00,
	0x1f, 0xc0, 0x00, 0x1f, 0xc0, 0x00, 0x1f, 0xc0, 0x00, 0x1f, 0xc0, 0x00,
	0x1f, 0xc0, 0x00, 0x1f, 0xc0, 0x00, 0x1f, 0xc0, 0x00, 0x1f, 0xc0, 0x00,
	0x1f, 0xc0, 0x00, 0x1f, 0xc0, 0x00, 0x00, 0x00, 0x00, 0x00, 0x00, 0x00,
	0x00, 0x00, 0x00, 0x00, 0x00, 0x00, 0x00, 0x00, 0x00, 0x00, 0x00, 0x00,
	0x00, 0x00, 0x00, 0x00, 0x00, 0x00, 0x00, 0x00, 0x00, 0x00, 0x00, 0x00,
	0x00, 0x00, 0x00, 0x00, 0x00, 0x00, 0x00, 0x00, 0x00, 0x00, 0x00, 0x00,
	0x00, 0x00, 0x00, 0x00, 0x00, 0x00, 0x00, 0x00, 0x00, 0x00, 0x00, 0x00,
	0x00, 0x00, 0x00, 0x00, 0x00, 0x00, 0x00, 0x00, 0x00, 0x00, 0x00, 0x00,
	0x00, 0x00, 0x00, 0x00, 0x00, 0x00, 0x00, 0x00, 0x00, 0x01, 0xff, 0x00,
	0x07, 0xff, 0xf0, 0x1f, 0xff, 0xf8, 0x1f, 0xff, 0xf8, 0x3f, 0xff, 0xf8,
	0x3f, 0x80, 0xf8, 0x3f, 0x00, 0x08, 0x3f, 0x00, 0x00, 0x3f, 0x80, 0x00,
	0x3f, 0xff, 0x00, 0x1f, 0xff, 0xe0, 0x0f, 0xff, 0xf0, 0x07, 0xff, 0xf8,
	0x00, 0x7f, 0xfc, 0x00, 0x01, 0xfc, 0x00, 0x00, 0xfc, 0x20, 0x00, 0xfc,
	0x3e, 0x01, 0xfc, 0x3f, 0xff, 0xfc, 0x3f, 0xff, 0xf8, 0x3f, 0xff, 0xf0,
	0x1f, 0xff, 0xe0, 0x01, 0xff, 0x80, 0x00, 0x00, 0x00, 0x00, 0x00, 0x00,
	0x00, 0x00, 0x00, 0x00, 0x00, 0x00, 0x00, 0x00, 0x00, 0x00, 0x00, 0x00,
	0x00, 0x00, 0x00, 0x00, 0x00, 0x00, 0x00, 0x00, 0x00, 0x00, 0x00, 0x00,
	0x00, 0x00, 0x00, 0x00, 0x00, 0x00, 0x00, 0x00, 0x00, 0x00, 0x00, 0x00,
	0x00, 0x00, 0x00, 0x00, 0x00, 0x00, 0x00, 0x00, 0x00, 0x00, 0x00, 0x00,
	0x00, 0x00, 0x00, 0x00, 0x00, 0x00, 0x0f, 0xe0, 0x00, 0x0f, 0xe0, 0x00,
	0x0f, 0xe0, 0x00, 0x0f, 0xe0, 0x00, 0x0f, 0xe0, 0x00, 0x0f, 0xe0, 0x00,
	0x7f, 0xff, 0xc0, 0x7f, 0xff, 0xc0, 0x7f, 0xff, 0xc0, 0x7f, 0xff, 0xc0,
	0x7f, 0xff, 0xc0, 0x0f, 0xe0, 0x00, 0x0f, 0xe0, 0x00, 0x0f, 0xe0, 0x00,
	0x0f, 0xe0, 0x00, 0x0f, 0xe0, 0x00, 0x0f, 0xe0, 0x00, 0x0f, 0xe0, 0x00,
	0x0f, 0xe0, 0x00, 0x0f, 0xe0, 0x00, 0x0f, 0xe0, 0x00, 0x0f, 0xe0, 0x00,
	0x0f, 0xf0, 0x00, 0x0f, 0xff, 0xc0, 0x07, 0xff, 0xc0, 0x07, 0xff, 0xc0,
	0x03, 0xff, 0xc0, 0x00, 0xff, 0xc0, 0x00, 0x00, 0x00, 0x00, 0x00, 0x00,
	0x00, 0x00, 0x00, 0x00, 0x00, 0x00, 0x00, 0x00, 0x00, 0x00, 0x00, 0x00,
	0x00, 0x00, 0x00, 0x00, 0x00, 0x00, 0x00, 0x00, 0x00, 0x00, 0x00, 0x00,
	0x00, 0x00, 0x00, 0x00, 0x00, 0x00, 0x00, 0x00, 0x00, 0x00, 0x00, 0x00,
	0x00, 0x00, 0x00, 0x00, 0x00, 0x00, 0x00, 0x00, 0x00, 0x00, 0x00, 0x00,
	0x00, 0x00, 0x00, 0x00, 0x00, 0x00, 0x00, 0x00, 0x00, 0x00, 0x00, 0x00,
	0x00, 0x00, 0x00, 0x00, 0x00, 0x00, 0x00, 0x00, 0x00, 0x00, 0x00, 0x00,
	0x00, 0x00, 0x00, 0x00, 0x00, 0x00, 0x00, 0x00, 0x00, 0x00, 0x00, 0x00,
	0x00, 0x00, 0x00, 0x00, 0x1f, 0xc0, 0x3f, 0x80, 0x1f, 0xc0, 0x3f, 0x80,
	0x1f, 0xc0, 0x3f, 0x80, 0x1f, 0xc0, 0x3f, 0x80, 0x1f, 0xc0, 0x3f, 0x80,
	0x1f, 0xc0, 0x3f, 0x80, 0x1f, 0xc0, 0x3f, 0x80, 0x1f, 0xc0, 0x3f, 0x80,
	0x1f, 0xc0, 0x3f, 0x80, 0x1f, 0xc0, 0x3f, 0x80, 0x1f, 0xc0, 0x3f, 0x80,
	0x1f, 0xc0, 0x3f, 0x80, 0x1f, 0xc0, 0x3f, 0x80, 0x1f, 0xc0, 0x3f, 0x80,
	0x1f, 0xc0, 0x7f, 0x80, 0x1f, 0xe0, 0x7f, 0x80, 0x1f, 0xe1, 0xff, 0x80,
	0x0f, 0xff, 0xff, 0x80, 0x0f, 0xff, 0xff, 0x80, 0x07, 0xff, 0xbf, 0x80,
	0x03, 0xfe, 0x3f, 0x80, 0x00, 0xfc, 0x3f, 0x80, 0x00, 0x00, 0x00, 0x00,
	0x00, 0x00, 0x00, 0x00, 0x00, 0x00, 0x00, 0x00, 0x00, 0x00, 0x00, 0x00,
	0x00, 0x00, 0x00, 0x00, 0x00, 0x00, 0x00, 0x00, 0x00, 0x00, 0x00, 0x00,
	0x00, 0x00, 0x00, 0x00, 0x00, 0x00, 0x00, 0x00, 0x00, 0x00, 0x00, 0x00,
	0x00, 0x00, 0x00, 0x00, 0x00, 0x00, 0x00, 0x00, 0x00, 0x00, 0x00, 0x00,
	0x00, 0x00, 0x00, 0x00, 0x00, 0x00, 0x00, 0x00, 0x00, 0x00, 0x00, 0x00,
	0x00, 0x00, 0x00, 0x00, 0x00, 0x00, 0x00, 0x00, 0x00, 0x00, 0x00, 0x00,
	0x00, 0x00, 0x00, 0x00, 0x00, 0x00, 0x00, 0x00, 0x00, 0x00, 0x00, 0x00,
	0x00, 0x00, 0x00, 0x00, 0x00, 0x00, 0x00, 0x00, 0x00, 0x00, 0x00, 0x00,
	0x00, 0x00, 0x00, 0x00, 0x7f, 0x00, 0x1f, 0xc0, 0x3f, 0x80, 0x3f, 0x80,
	0x3f, 0x80, 0x3f, 0x80, 0x3f, 0x80, 0x3f, 0x80, 0x1f, 0xc0, 0x7f, 0x00,
	0x1f, 0xc0, 0x7f, 0x00, 0x0f, 0xc0, 0x7e, 0x00, 0x0f, 0xe0, 0xfe, 0x00,
	0x0f, 0xe0, 0xfe, 0x00, 0x07, 0xe0, 0xfc, 0x00, 0x07, 0xf1, 0xfc, 0x00,
	0x03, 0xf1, 0xf8, 0x00, 0x03, 0xfb, 0xf8, 0x00, 0x03, 0xfb, 0xf8, 0x00,
	0x01, 0xfb, 0xf0, 0x00, 0x01, 0xff, 0xf0, 0x00, 0x01, 0xff, 0xf0, 0x00,
	0x00, 0xff, 0xe0, 0x00, 0x00, 0xff, 0xe0, 0x00, 0x00, 0x7f, 0xc0, 0x00,
	0x00, 0x7f, 0xc0, 0x00, 0x00, 0x7f, 0xc0, 0x00, 0x00, 0x00, 0x00, 0x00,
	0x00, 0x00, 0x00, 0x00, 0x00, 0x00, 0x00, 0x00, 0x00, 0x00, 0x00, 0x00,
	0x00, 0x00, 0x00, 0x00, 0x00, 0x00, 0x00, 0x00, 0x00, 0x00, 0x00, 0x00,
	0x00, 0x00, 0x00, 0x00, 0x00, 0x00, 0x00, 0x00, 0x00, 0x00, 0x00, 0x00,
	0x00, 0x00, 0x00, 0x00, 0x00, 0x00, 0x00, 0x00, 0x00, 0x00, 0x00, 0x00,
	0x00, 0x00, 0x00, 0x00, 0x00, 0x00, 0x00, 0x00, 0x00, 0x00, 0x00, 0x00,
	0x00, 0x00, 0x00, 0x00, 0x00, 0x00, 0x00, 0x00, 0x00, 0x00, 0x00, 0x00,
	0x00, 0x00, 0x00, 0x00, 0x00, 0x00, 0x00, 0x00, 0x00, 0x00, 0x00, 0x00,
	0x00, 0x00, 0x00, 0x00, 0x00, 0x00, 0x00, 0x00, 0x00, 0x00, 0x00, 0x00,
	0x00, 0x00, 0x00, 0x00, 0x00, 0x00, 0x00, 0x00, 0x00, 0x00, 0x00, 0x00,
	0x00, 0x00, 0x00, 0x00, 0x00, 0x00, 0x00, 0x00, 0x7f, 0x01, 0xf8, 0x0f,
	0xe0, 0x7f, 0x01, 0xf8, 0x0f, 0xe0, 0x3f, 0x03, 0xfc, 0x0f, 0xc0, 0x3f,
	0x83, 0xfc, 0x1f, 0xc0, 0x3f, 0x83, 0xfc, 0x1f, 0xc0, 0x3f, 0x83, 0xfc,
	0x1f, 0xc0, 0x1f, 0x83, 0xfc, 0x1f, 0x80, 0x1f, 0xc7, 0xfe, 0x3f, 0x80,
	0x1f, 0xc7, 0xfe, 0x3f, 0x80, 0x1f, 0xc7, 0x9e, 0x3f, 0x80, 0x0f, 0xc7,
	0x9e, 0x3f, 0x00, 0x0f, 0xef, 0x9f, 0x7f, 0x00, 0x0f, 0xef, 0x9f, 0x7f,
	0x00, 0x07, 0xef, 0x0f, 0x7e, 0x00, 0x07, 0xef, 0x0f, 0x7e, 0x00, 0x07,
	0xff, 0x0f, 0xfe, 0x00, 0x07, 0xff, 0x0f, 0xfe, 0x00, 0x03, 0xfe, 0x07,
	0xfc, 0x00, 0x03, 0xfe, 0x07, 0xfc, 0x00, 0x03, 0xfe, 0x07, 0xfc, 0x00,
	0x03, 0xfe, 0x07, 0xfc, 0x00, 0x01, 0xfc, 0x03, 0xf8, 0x00, 0x00, 0x00,
	0x00, 0x00, 0x00, 0x00, 0x00, 0x00, 0x00, 0x00, 0x00, 0x00, 0x00, 0x00,
	0x00, 0x00, 0x00, 0x00, 0x00, 0x00, 0x00, 0x00, 0x00, 0x00, 0x00, 0x00,
	0x00, 0x00, 0x00, 0x00, 0x00, 0x00, 0x00, 0x00, 0x00, 0x00, 0x00, 0x00,
	0x00, 0x00, 0x00, 0x00, 0x00, 0x00, 0x00, 0x00, 0x00, 0x00, 0x00, 0x00,
	0x00, 0x00, 0x00, 0x00, 0x00, 0x00, 0x00, 0x00, 0x00, 0x00, 0x00, 0x00,
	0x00, 0x00, 0x00, 0x00, 0x00, 0x00, 0x00, 0x00, 0x00, 0x00, 0x00, 0x00,
	0x00, 0x00, 0x00, 0x00, 0x00, 0x00, 0x00, 0x00, 0x00, 0x00, 0x00, 0x00,
	0x00, 0x00, 0x00, 0x00, 0x00, 0x00, 0x00, 0x00, 0x00, 0x00, 0x00, 0x00,
	0x00, 0x00, 0x00, 0x00, 0x00, 0x00, 0x00, 0x00, 0x00, 0x00, 0x00, 0x00,
	0x00, 0x00, 0x00, 0x00, 0x7f, 0x80, 0x3f, 0xc0, 0x3f, 0xc0, 0x7f, 0x80,
	0x1f, 0xe0, 0xff, 0x00, 0x0f, 0xe0, 0xfe, 0x00, 0x0f, 0xf1, 0xfe, 0x00,
	0x07, 0xfb, 0xfc, 0x00, 0x03, 0xff, 0xf8, 0x00, 0x01, 0xff, 0xf0, 0x00,
	0x00, 0xff, 0xe0, 0x00, 0x00, 0xff, 0xe0, 0x00, 0x00, 0x7f, 0xc0, 0x00,
	0x00, 0x7f, 0xc0, 0x00, 0x00, 0xff, 0xe0, 0x00, 0x01, 0xff, 0xf0, 0x00,
	0x01, 0xff, 0xf8, 0x00, 0x03, 0xfb, 0xf8, 0x00, 0x07, 0xf1, 0xfc, 0x00,
	0x0f, 0xf1, 0xfe, 0x00, 0x0f, 0xe0, 0xfe, 0x00, 0x1f, 0xc0, 0x7f, 0x00,
	0x3f, 0xc0, 0x7f, 0x80, 0x7f, 0x80, 0x3f, 0xc0, 0x00, 0x00, 0x00, 0x00,
	0x00, 0x00, 0x00, 0x00, 0x00, 0x00, 0x00, 0x00, 0x00, 0x00, 0x00, 0x00,
	0x00, 0x00, 0x00, 0x00, 0x00, 0x00, 0x00, 0x00, 0x00, 0x00, 0x00, 0x00,
	0x00, 0x00, 0x00, 0x00, 0x00, 0x00, 0x00, 0x00, 0x00, 0x00, 0x00, 0x00,
	0x00, 0x00, 0x00, 0x00, 0x00, 0x00, 0x00, 0x00, 0x00, 0x00, 0x00, 0x00,
	0x00, 0x00, 0x00, 0x00, 0x00, 0x00, 0x00, 0x00, 0x00, 0x00, 0x00, 0x00,
	0x00, 0x00, 0x00, 0x00, 0x00, 0x00, 0x00, 0x00, 0x00, 0x00, 0x00, 0x00,
	0x00, 0x00, 0x00, 0x00, 0x00, 0x00, 0x00, 0x00, 0x00, 0x00, 0x00, 0x00,
	0x00, 0x00, 0x00, 0x00, 0x00, 0x00, 0x00, 0x00, 0x00, 0x00, 0x00, 0x00,
	0x00, 0x00, 0x00, 0x00, 0xfe, 0x00, 0x3f, 0x80, 0x7f, 0x00, 0x7f, 0x00,
	0x7f, 0x00, 0x7f, 0x00, 0x7f, 0x00, 0x7f, 0x00, 0x3f, 0x80, 0xfe, 0x00,
	0x3f, 0x80, 0xfe, 0x00, 0x1f, 0xc0, 0xfe, 0x00, 0x1f, 0xc1, 0xfc, 0x00,
	0x0f, 0xc1, 0xfc, 0x00, 0x0f, 0xe1, 0xf8, 0x00, 0x0f, 0xe3, 0xf8, 0x00,
	0x07, 0xf3, 0xf8, 0x00, 0x07, 0xf3, 0xf0, 0x00, 0x03, 0xf7, 0xf0, 0x00,
	0x03, 0xff, 0xe0, 0x00, 0x01, 0xff, 0xe0, 0x00, 0x01, 0xff, 0xe0, 0x00,
	0x00, 0xff, 0xc0, 0x00, 0x00, 0xff, 0xc0, 0x00, 0x00, 0xff, 0xc0, 0x00,
	0x00, 0x7f, 0x80, 0x00, 0x00, 0x7f, 0x80, 0x00, 0x00, 0x3f, 0x00, 0x00,
	0x00, 0x3f, 0x00, 0x00, 0x00, 0x7f, 0x00, 0x00, 0x00, 0xfe, 0x00, 0x00,
	0x0f, 0xfe, 0x00, 0x00, 0x0f, 0xfc, 0x00, 0x00, 0x0f, 0xf8, 0x00, 0x00,
	0x0f, 0xf0, 0x00, 0x00, 0x0f, 0xe0, 0x00, 0x00, 0x00, 0x00, 0x00, 0x00,
	0x00, 0x00, 0x00, 0x00, 0x00, 0x00, 0x00, 0x00, 0x00, 0x00, 0x00, 0x00,
	0x00, 0x00, 0x00, 0x00, 0x00, 0x00, 0x00, 0x00, 0x00, 0x00, 0x00, 0x00,
	0x00, 0x00, 0x00, 0x00, 0x00, 0x00, 0x00, 0x00, 0x00, 0x00, 0x00, 0x00,
	0x00, 0x00, 0x00, 0x00, 0x00, 0x00, 0x00, 0x00, 0x00, 0x00, 0x00, 0x00,
	0x3f, 0xff, 0xfc, 0x3f, 0xff, 0xfc, 0x3f, 0xff, 0xfc, 0x3f, 0xff, 0xfc,
	0x3f, 0xff, 0xfc, 0x00, 0x07, 0xf8, 0x00, 0x0f, 0xf0, 0x00, 0x1f, 0xe0,
	0x00, 0x3f, 0xc0, 0x00, 0x7f, 0x80, 0x00, 0xff, 0x00, 0x01, 0xfe, 0x00,
	0x03, 0xfc, 0x00, 0x07, 0xf8, 0x00, 0x0f, 0xf0, 0x00, 0x1f, 0xe0, 0x00,
	0x1f, 0xc0, 0x00, 0x3f, 0xff, 0xfc, 0x3f, 0xff, 0xfc, 0x3f, 0xff, 0xfc,
	0x3f, 0xff, 0xfc, 0x3f, 0xff, 0xfc, 0x00, 0x00, 0x00, 0x00, 0x00, 0x00,
	0x00, 0x00, 0x00, 0x00, 0x00, 0x00, 0x00, 0x00, 0x00, 0x00, 0x00, 0x00,
	0x00, 0x00, 0x00, 0x00, 0x00, 0x00, 0x00, 0x00, 0x00, 0x00, 0x00, 0x00,
	0x00, 0x00, 0x00, 0x00, 0x00, 0x00, 0x00, 0x00, 0x00, 0x00, 0x00, 0x00,
	0x00, 0x00, 0x00, 0x00, 0x00, 0x00, 0x00, 0x00, 0x00, 0x00, 0x00, 0x00,
	0x00, 0x00, 0x00, 0x00, 0x00, 0x00, 0x00, 0x00, 0x00, 0x01, 0xff, 0x00,
	0x00, 0x07, 0xff, 0x00, 0x00, 0x0f, 0xff, 0x00, 0x00, 0x0f, 0xff, 0x00,
	0x00, 0x1f, 0xe0, 0x00, 0x00, 0x1f, 0xc0, 0x00, 0x00, 0x1f, 0xc0, 0x00,
	0x00, 0x1f, 0xc0, 0x00, 0x00, 0x1f, 0xc0, 0x00, 0x00, 0x1f, 0xc0, 0x00,
	0x00, 0x1f, 0xc0, 0x00, 0x00, 0x1f, 0xc0, 0x00, 0x00, 0x1f, 0xc0, 0x00,
	0x00, 0x1f, 0xc0, 0x00, 0x00, 0x3f, 0xc0, 0x00, 0x00, 0x7f, 0x80, 0x00,
	0x07, 0xff, 0x80, 0x00, 0x07, 0xfe, 0x00, 0x00, 0x07, 0xff, 0x00, 0x00,
	0x07, 0xff, 0x80, 0x00, 0x00, 0x7f, 0x80, 0x00, 0x00, 0x3f, 0xc0, 0x00,
	0x00, 0x1f, 0xc0, 0x00, 0x00, 0x1f, 0xc0, 0x00, 0x00, 0x1f, 0xc0, 0x00,
	0x00, 0x1f, 0xc0, 0x00, 0x00, 0x1f, 0xc0, 0x00, 0x00, 0x1f, 0xc0, 0x00,
	0x00, 0x1f, 0xc0, 0x00, 0x00, 0x1f, 0xc0, 0x00, 0x00, 0x1f, 0xc0, 0x00,
	0x00, 0x1f, 0xe0, 0x00, 0x00, 0x1f, 0xe0, 0x00, 0x00, 0x0f, 0xff, 0x00,
	0x00, 0x0f, 0xff, 0x00, 0x00, 0x07, 0xff, 0x00, 0x00, 0x01, 0xff, 0x00,
	0x00, 0x00, 0x00, 0x00, 0x00, 0x00, 0x00, 0x00, 0x00, 0x00, 0x00, 0x00,
	0x00, 0x00, 0x00, 0x00, 0x00, 0x00, 0x00, 0x00, 0x00, 0x00, 0x00, 0x00,
	0x00, 0x00, 0x07, 0xc0, 0x07, 0xc0, 0x07, 0xc0, 0x07, 0xc0, 0x07, 0xc0,
	0x07, 0xc0, 0x07, 0xc0, 0x07, 0xc0, 0x07, 0xc0, 0x07, 0xc0, 0x07, 0xc0,
	0x07, 0xc0, 0x07, 0xc0, 0x07, 0xc0, 0x07, 0xc0, 0x07, 0xc0, 0x07, 0xc0,
	0x07, 0xc0, 0x07, 0xc0, 0x07, 0xc0, 0x07, 0xc0, 0x07, 0xc0, 0x07, 0xc0,
	0x07, 0xc0, 0x07, 0xc0, 0x07, 0xc0, 0x07, 0xc0, 0x07, 0xc0, 0x07, 0xc0,
	0x07, 0xc0, 0x07, 0xc0, 0x07, 0xc0, 0x07, 0xc0, 0x07, 0xc0, 0x07, 0xc0,
	0x07, 0xc0, 0x07, 0xc0, 0x07, 0xc0, 0x07, 0xc0, 0x07, 0xc0, 0x00, 0x00,
	0x00, 0x00, 0x00, 0x00, 0x00, 0x00, 0x00, 0x00, 0x00, 0x00, 0x00, 0x00,
	0x00, 0x00, 0x00, 0x00, 0x00, 0x00, 0x00, 0x00, 0x00, 0x00, 0x00, 0x00,
	0x00, 0x00, 0x00, 0x00, 0x00, 0x00, 0x00, 0x00, 0x07, 0xfc, 0x00, 0x00,
	0x07, 0xff, 0x00, 0x00, 0x07, 0xff, 0x80, 0x00, 0x07, 0xff, 0x80, 0x00,
	0x00, 0x3f, 0xc0, 0x00, 0x00, 0x1f, 0xc0, 0x00, 0x00, 0x1f, 0xc0, 0x00,
	0x00, 0x1f, 0xc0, 0x00, 0x00, 0x1f, 0xc0, 0x00, 0x00, 0x1f, 0xc0, 0x00,
	0x00, 0x1f, 0xc0, 0x00, 0x00, 0x1f, 0xc0, 0x00, 0x00, 0x1f, 0xc0, 0x00,
	0x00, 0x1f, 0xc0, 0x00, 0x00, 0x1f, 0xe0, 0x00, 0x00, 0x0f, 0xf0, 0x00,
	0x00, 0x0f, 0xff, 0x00, 0x00, 0x03, 0xff, 0x00, 0x00, 0x07, 0xff, 0x00,
	0x00, 0x0f, 0xff, 0x00, 0x00, 0x0f, 0xf0, 0x00, 0x00, 0x1f, 0xe0, 0x00,
	0x00, 0x1f, 0xc0, 0x00, 0x00, 0x1f, 0xc0, 0x00, 0x00, 0x1f, 0xc0, 0x00,
	0x00, 0x1f, 0xc0, 0x00, 0x00, 0x1f, 0xc0, 0x00, 0x00, 0x1f, 0xc0, 0x00,
	0x00, 0x1f, 0xc0, 0x00, 0x00, 0x1f, 0xc0, 0x00, 0x00, 0x1f, 0xc0, 0x00,
	0x00, 0x3f, 0xc0, 0x00, 0x00, 0x7f, 0xc0, 0x00, 0x07, 0xff, 0x80, 0x00,
	0x07, 0xff, 0x80, 0x00, 0x07, 0xff, 0x00, 0x00, 0x07, 0xfc, 0x00, 0x00,
	0x00, 0x00, 0x00, 0x00, 0x00, 0x00, 0x00, 0x00, 0x00, 0x00, 0x00, 0x00,
	0x00, 0x00, 0x00, 0x00, 0x00, 0x00, 0x00, 0x00, 0x00, 0x00, 0x00, 0x00,
	0x00, 0x00, 0x00, 0x00, 0x00, 0x00, 0x00, 0x00, 0x00, 0x00, 0x00, 0x00,
	0x00, 0x00, 0x00, 0x00, 0x00, 0x00, 0x00, 0x00, 0x00, 0x00, 0x00, 0x00,
	0x00, 0x00, 0x00, 0x00, 0x00, 0x00, 0x00, 0x00, 0x00, 0x00, 0x00, 0x00,
	0x00, 0x00, 0x00, 0x00, 0x00, 0x00, 0x00, 0x00, 0x00, 0x00, 0x00, 0x00,
	0x00, 0x00, 0x00, 0x00, 0x00, 0x00, 0x00, 0x00, 0x00, 0x00, 0x00, 0x00,
	0x00, 0x00, 0x00, 0x00, 0x00, 0x00, 0x00, 0x00, 0x00, 0x00, 0x00, 0x00,
	0x00, 0x00, 0x00, 0x00, 0x00, 0x00, 0x00, 0x00, 0x00, 0x00, 0x00, 0x00,
	0x00, 0x00, 0x00, 0x00, 0x00, 0x00, 0x00, 0x00, 0x00, 0x00, 0xfc, 0x00,
	0x08, 0x00, 0x03, 0xff, 0x80, 0x38, 0x00, 0x07, 0xff, 0xe0, 0x78, 0x00,
	0x0f, 0xff, 0xff, 0xf8, 0x00, 0x0f, 0xff, 0xff, 0xf8, 0x00, 0x0f, 0x03,
	0xff, 0xf0, 0x00, 0x0c, 0x00, 0xff, 0xe0, 0x00, 0x08, 0x00, 0x1f, 0x80,
	0x00, 0x00, 0x00, 0x00, 0x00, 0x00, 0x00, 0x00, 0x00, 0x00, 0x00, 0x00,
	0x00, 0x00, 0x00, 0x00, 0x00, 0x00, 0x00, 0x00, 0x00, 0x00, 0x00, 0x00,
	0x00, 0x00, 0x00, 0x00, 0x00, 0x00, 0x00, 0x00, 0x00, 0x00, 0x00, 0x00,
	0x00, 0x00, 0x00, 0x00, 0x00, 0x00, 0x00, 0x00, 0x00, 0x00, 0x00, 0x00,
	0x00, 0x00, 0x00, 0x00, 0x00, 0x00, 0x00, 0x00, 0x00, 0x00, 0x00, 0x00,
	0x00, 0x00, 0x00, 0x00, 0x00, 0x00, 0x00, 0x00, 0x00, 0x00, 0x00, 0x00,
	0x00, 0x00, 0x00, 0x00, 0x00, 0x00, 0x00, 0x00, 0x00, 0x00, 0x00, 0x00,
	0x00, 0x00, 0x00, 0x00, 0x00, 0x00, 0x00, 0x00, 0x00, 0x00, 0x00, 0x00,
	0x00, 0x00, 0x00, 0x00, 0x00, 0x00, 0x00, 0x00, 0x00, 0x00, 0x00, 0x00,
	0x00, 0x00, 0x00, 0x00, 0x00, 0x00, 0x00, 0x00, 0x00, 0x00, 0x00, 0x00,
	0x00, 0x00, 0x00, 0x00, 0x00, 0x00, 0x00, 0x00, 0x00, 0x00, 0x00, 0x00,
	0x00, 0x00, 0x00, 0x00, 0x00, 0x00, 0x00, 0x00, 0x00, 0x00, 0x00, 0x00,
	0x00, 0x00, 0x00, 0x00, 0x00, 0x00, 0x00, 0x00, 0x00, 0x00, 0x00, 0x00,
	0x00, 0x00, 0x00, 0x00, 0x00, 0x00, 0x00, 0x00, 0x00, 0x00, 0x00, 0x00,
	0x00, 0x00, 0x00, 0x00, 0x00, 0x00, 0x00, 0x00, 0x00, 0x00, 0x00, 0x00,
	0x00, 0x00, 0x00, 0x00, 0x00, 0x00, 0x00, 0x00, 0x00, 0x00, 0x00, 0x00,
	0x00, 0x00, 0x00, 0x00, 0x00, 0x00, 0x00, 0x00, 0x00, 0x00, 0x00, 0x00,
	0x00, 0x00, 0x00, 0x00, 0x00, 0x00, 0x00, 0x00, 0x00, 0x00, 0x00, 0x00,
	0x00, 0x00, 0x00, 0x00, 0x00, 0x00, 0x00, 0x00, 0x00, 0x00, 0x00, 0x00,
	0x00, 0x00, 0x00, 0x00, 0x00, 0x00, 0x00, 0x00, 0x00, 0x00, 0x00, 0x00,
	0x03, 0xf8, 0x00, 0x03, 0xf8, 0x00, 0x03, 0xf8, 0x00, 0x03, 0xf8, 0x00,
	0x03, 0xf8, 0x00, 0x03, 0xf8, 0x00, 0x03, 0xf8, 0x00, 0x00, 0x00, 0x00,
	0x00, 0x00, 0x00, 0x00, 0x00, 0x00, 0x01, 0xf0, 0x00, 0x01, 0xf0, 0x00,
	0x01, 0xf0, 0x00, 0x01, 0xf0, 0x00, 0x03, 0xf8, 0x00, 0x03, 0xf8, 0x00,
	0x03, 0xf8, 0x00, 0x03, 0xf8, 0x00, 0x03, 0xf8, 0x00, 0x03, 0xf8, 0x00,
	0x03, 0xf8, 0x00, 0x03, 0xf8, 0x00, 0x03, 0xf8, 0x00, 0x03, 0xf8, 0x00,
	0x03, 0xf8, 0x00, 0x03, 0xf8, 0x00, 0x03, 0xf8, 0x00, 0x03, 0xf8, 0x00,
	0x03, 0xf8, 0x00, 0x00, 0x00, 0x00, 0x00, 0x00, 0x00, 0x00, 0x00, 0x00,
	0x00, 0x00, 0x00, 0x00, 0x00, 0x00, 0x00, 0x00, 0x00, 0x00, 0x00, 0x00,
	0x00, 0x00, 0x00, 0x00, 0x00, 0x00, 0x00, 0x00, 0x00, 0x00, 0x00, 0x00,
	0x00, 0x00, 0x00, 0x00, 0x00, 0x00, 0x00, 0x00, 0x00, 0x00, 0x00, 0x00,
	0x00, 0x07, 0x00, 0x00, 0x00, 0x07, 0x00, 0x00, 0x00, 0x07, 0x00, 0x00,
	0x00, 0x07, 0x00, 0x00, 0x00, 0x07, 0x00, 0x00, 0x00, 0x07, 0x00, 0x00,
	0x00, 0x1f, 0xf0, 0x00, 0x00, 0xff, 0xfc, 0x00, 0x01, 0xff, 0xfc, 0x00,
	0x03, 0xff, 0xfc, 0x00, 0x07, 0xff, 0xfc, 0x00, 0x0f, 0xff, 0x1c, 0x00,
	0x0f, 0xf7, 0x04, 0x00, 0x1f, 0xe7, 0x00, 0x00, 0x1f, 0xc7, 0x00, 0x00,
	0x1f, 0xc7, 0x00, 0x00, 0x1f, 0xc7, 0x00, 0x00, 0x1f, 0xc7, 0x00, 0x00,
	0x1f, 0xc7, 0x00, 0x00, 0x1f, 0xc7, 0x00, 0x00, 0x1f, 0xc7, 0x00, 0x00,
	0x0f, 0xe7, 0x00, 0x00, 0x0f, 0xf7, 0x04, 0x00, 0x0f, 0xff, 0x1c, 0x00,
	0x07, 0xff, 0xfc, 0x00, 0x03, 0xff, 0xfc, 0x00, 0x01, 0xff, 0xfc, 0x00,
	0x00, 0xff, 0xfc, 0x00, 0x00, 0x1f, 0xf0, 0x00, 0x00, 0x07, 0x00, 0x00,
	0x00, 0x07, 0x00, 0x00, 0x00, 0x07, 0x00, 0x00, 0x00, 0x07, 0x00, 0x00,
	0x00, 0x07, 0x00, 0x00, 0x00, 0x07, 0x00, 0x00, 0x00, 0x00, 0x00, 0x00,
	0x00, 0x00, 0x00, 0x00, 0x00, 0x00, 0x00, 0x00, 0x00, 0x00, 0x00, 0x00,
	0x00, 0x00, 0x00, 0x00, 0x00, 0x00, 0x00, 0x00, 0x00, 0x00, 0x00, 0x00,
	0x00, 0x00, 0x00, 0x00, 0x00, 0x00, 0x00, 0x00, 0x00, 0x00, 0x00, 0x00,
	0x00, 0x00, 0x00, 0x00, 0x00, 0x00, 0x00, 0x00, 0x00, 0x07, 0xfe, 0x00,
	0x00, 0x1f, 0xff, 0x80, 0x00, 0x3f, 0xff, 0x80, 0x00, 0x7f, 0xff, 0x80,
	0x00, 0xff, 0xff, 0x80, 0x00, 0xff, 0x03, 0x80, 0x01, 0xfe, 0x00, 0x80,
	0x01, 0xfc, 0x00, 0x00, 0x01, 0xfc, 0x00, 0x00, 0x01, 0xfc, 0x00, 0x00,
	0x01, 0xfc, 0x00, 0x00, 0x01, 0xfc, 0x00, 0x00, 0x01, 0xfc, 0x00, 0x00,
	0x01, 0xfc, 0x00, 0x00, 0x1f, 0xff, 0xf8, 0x00, 0x1f, 0xff, 0xf8, 0x00,
	0x1f, 0xff, 0xf8, 0x00, 0x1f, 0xff, 0xf8, 0x00, 0x1f, 0xff, 0xf8, 0x00,
	0x01, 0xfc, 0x00, 0x00, 0x01, 0xfc, 0x00, 0x00, 0x01, 0xfc, 0x00, 0x00,
	0x01, 0xfc, 0x00, 0x00, 0x01, 0xfc, 0x00, 0x00, 0x01, 0xfc, 0x00, 0x00,
	0x1f, 0xff, 0xff, 0x80, 0x1f, 0xff, 0xff, 0x80, 0x1f, 0xff, 0xff, 0x80,
	0x1f, 0xff, 0xff, 0x80, 0x1f, 0xff, 0xff, 0x80, 0x00, 0x00, 0x00, 0x00,
	0x00, 0x00, 0x00, 0x00, 0x00, 0x00, 0x00, 0x00, 0x00, 0x00, 0x00, 0x00,
	0x00, 0x00, 0x00, 0x00, 0x00, 0x00, 0x00, 0x00, 0x00, 0x00, 0x00, 0x00,
	0x00, 0x00, 0x00, 0x00, 0x00, 0x00, 0x00, 0x00, 0x00, 0x00, 0x00, 0x00,
	0x00, 0x00, 0x00, 0x00, 0x00, 0x00, 0x00, 0x00, 0x00, 0x00, 0x00, 0x00,
	0x00, 0x00, 0x00, 0x00, 0x00, 0x00, 0x00, 0x00, 0x00, 0x00, 0x00, 0x00,
	0x00, 0x00, 0x00, 0x00, 0x00, 0x00, 0x00, 0x00, 0x00, 0x00, 0x00, 0x00,
	0x00, 0x00, 0x00, 0x00, 0x00, 0x00, 0x00, 0x00, 0x00, 0x00, 0x00, 0x00,
	0x00, 0x00, 0x00, 0x00, 0x08, 0x00, 0x0c, 0x00, 0x1c, 0x00, 0x1e, 0x00,
	0x3c, 0x00, 0x3e, 0x00, 0x7e, 0x7f, 0x3f, 0x00, 0x3f, 0xff, 0xfe, 0x00,
	0x1f, 0xff, 0xf8, 0x00, 0x07, 0xff, 0xf0, 0x00, 0x07, 0xc1, 0xf0, 0x00,
	0x0f, 0x80, 0xf8, 0x00, 0x0f, 0x00, 0x78, 0x00, 0x0f, 0x00, 0x78, 0x00,
	0x0f, 0x00, 0x78, 0x00, 0x0f, 0x00, 0x78, 0x00, 0x0f, 0x00, 0x78, 0x00,
	0x0f, 0x80, 0xf8, 0x00, 0x07, 0xc1, 0xf0, 0x00, 0x07, 0xff, 0xf0, 0x00,
	0x0f, 0xff, 0xfc, 0x00, 0x3f, 0xff, 0xfe, 0x00, 0x7e, 0x7f, 0x3f, 0x00,
	0x7c, 0x00, 0x1e, 0x00, 0x1c, 0x00, 0x1c, 0x00, 0x08, 0x00, 0x08, 0x00,
	0x00, 0x00, 0x00, 0x00, 0x00, 0x00, 0x00, 0x00, 0x00, 0x00, 0x00, 0x00,
	0x00, 0x00, 0x00, 0x00, 0x00, 0x00, 0x00, 0x00, 0x00, 0x00, 0x00, 0x00,
	0x00, 0x00, 0x00, 0x00, 0x00, 0x00, 0x00, 0x00, 0x00, 0x00, 0x00, 0x00,
	0x00, 0x00, 0x00, 0x00, 0x00, 0x00, 0x00, 0x00, 0x00, 0x00, 0x00, 0x00,
	0x00, 0x00, 0x00, 0x00, 0x00, 0x00, 0x00, 0x00, 0x00, 0x00, 0x00, 0x00,
	0x00, 0x00, 0x00, 0x00, 0x00, 0x00, 0x00, 0x00, 0x00, 0x00, 0x00, 0x00,
	0x00, 0x00, 0x00, 0x00, 0x00, 0x00, 0x00, 0x00, 0x00, 0x00, 0x00, 0x00,
	0xff, 0x00, 0x1f, 0xe0, 0x7f, 0x80, 0x3f, 0xc0, 0x3f, 0xc0, 0x7f, 0x80,
	0x3f, 0xc0, 0x7f, 0x80, 0x1f, 0xe0, 0xff, 0x00, 0x0f, 0xf0, 0xfe, 0x00,
	0x0f, 0xf1, 0xfe, 0x00, 0x07, 0xfb, 0xfc, 0x00, 0x03, 0xfb, 0xf8, 0x00,
	0x03, 0xff, 0xf8, 0x00, 0x7f, 0xff, 0xff, 0xc0, 0x7f, 0xff, 0xff, 0xc0,
	0x7f, 0xff, 0xff, 0xc0, 0x7f, 0xff, 0xff, 0xc0, 0x00, 0x7f, 0xc0, 0x00,
	0x00, 0x3f, 0x80, 0x00, 0x00, 0x3f, 0x80, 0x00, 0x7f, 0xff, 0xff, 0xc0,
	0x7f, 0xff, 0xff, 0xc0, 0x7f, 0xff, 0xff, 0xc0, 0x7f, 0xff, 0xff, 0xc0,
	0x00, 0x3f, 0x80, 0x00, 0x00, 0x3f, 0x80, 0x00, 0x00, 0x3f, 0x80, 0x00,
	0x00, 0x3f, 0x80, 0x00, 0x00, 0x3f, 0x80, 0x00, 0x00, 0x3f, 0x80, 0x00,
	0x00, 0x3f, 0x80, 0x00, 0x00, 0x3f, 0x80, 0x00, 0x00, 0x00, 0x00, 0x00,
	0x00, 0x00, 0x00, 0x00, 0x00, 0x00, 0x00, 0x00, 0x00, 0x00, 0x00, 0x00,
	0x00, 0x00, 0x00, 0x00, 0x00, 0x00, 0x00, 0x00, 0x00, 0x00, 0x00, 0x00,
	0x00, 0x00, 0x00, 0x00, 0x00, 0x00, 0x00, 0x00, 0x00, 0x00, 0x00, 0x00,
	0x00, 0x00, 0x00, 0x00, 0x00, 0x00, 0x00, 0x00, 0x00, 0x00, 0x00, 0x00,
	0x00, 0x00, 0x00, 0x00, 0x00, 0x00, 0x00, 0x00, 0x07, 0xc0, 0x07, 0xc0,
	0x07, 0xc0, 0x07, 0xc0, 0x07, 0xc0, 0x07, 0xc0, 0x07, 0xc0, 0x07, 0xc0,
	0x07, 0xc0, 0x07, 0xc0, 0x07, 0xc0, 0x07, 0xc0, 0x07, 0xc0, 0x07, 0xc0,
	0x07, 0xc0, 0x00, 0x00, 0x00, 0x00, 0x00, 0x00, 0x00, 0x00, 0x00, 0x00,
	0x07, 0xc0, 0x07, 0xc0, 0x07, 0xc0, 0x07, 0xc0, 0x07, 0xc0, 0x07, 0xc0,
	0x07, 0xc0, 0x07, 0xc0, 0x07, 0xc0, 0x07, 0xc0, 0x07, 0xc0, 0x07, 0xc0,
	0x07, 0xc0, 0x07, 0xc0, 0x07, 0xc0, 0x00, 0x00, 0x00, 0x00, 0x00, 0x00,
	0x00, 0x00, 0x00, 0x00, 0x00, 0x00, 0x00, 0x00, 0x00, 0x00, 0x00, 0x00,
	0x00, 0x00, 0x00, 0x00, 0x00, 0x00, 0x00, 0x00, 0x00, 0x00, 0x00, 0x00,
	0x01, 0xff, 0x00, 0x07, 0xff, 0xc0, 0x0f, 0xff, 0xc0, 0x0f, 0xff, 0xc0,
	0x1f, 0xc1, 0xc0, 0x1f, 0x80, 0x40, 0x1f, 0x80, 0x00, 0x1f, 0xc0, 0x00,
	0x1f, 0xf0, 0x00, 0x0f, 0xfc, 0x00, 0x0f, 0xff, 0x00, 0x0f, 0xff, 0xc0,
	0x1f, 0xff, 0xe0, 0x3f, 0xbf, 0xf0, 0x7e, 0x07, 0xf0, 0x7c, 0x03, 0xf0,
	0x7c, 0x00, 0xf0, 0x7c, 0x00, 0xf0, 0x7e, 0x00, 0xf0, 0x7f, 0x81, 0xf0,
	0x3f, 0xf3, 0xf0, 0x1f, 0xff, 0xe0, 0x0f, 0xff, 0xc0, 0x07, 0xff, 0x80,
	0x00, 0xff, 0xc0, 0x00, 0x3f, 0xe0, 0x00, 0x0f, 0xe0, 0x00, 0x07, 0xe0,
	0x10, 0x07, 0xe0, 0x1e, 0x0f, 0xe0, 0x1f, 0xff, 0xc0, 0x1f, 0xff, 0xc0,
	0x1f, 0xff, 0x00, 0x03, 0xfc, 0x00, 0x00, 0x00, 0x00, 0x00, 0x00, 0x00,
	0x00, 0x00, 0x00, 0x00, 0x00, 0x00, 0x00, 0x00, 0x00, 0x00, 0x00, 0x00,
	0x00, 0x00, 0x00, 0x00, 0x00, 0x00, 0x00, 0x00, 0x00, 0x00, 0x00, 0x00,
	0x00, 0x00, 0x00, 0x00, 0x00, 0x00, 0x00, 0x00, 0x00, 0x0f, 0x8f, 0x80,
	0x0f, 0x8f, 0x80, 0x0f, 0x8f, 0x80, 0x0f, 0x8f, 0x80, 0x0f, 0x8f, 0x80,
	0x00, 0x00, 0x00, 0x00, 0x00, 0x00, 0x00, 0x00, 0x00, 0x00, 0x00, 0x00,
	0x00, 0x00, 0x00, 0x00, 0x00, 0x00, 0x00, 0x00, 0x00, 0x00, 0x00, 0x00,
	0x00, 0x00, 0x00, 0x00, 0x00, 0x00, 0x00, 0x00, 0x00, 0x00, 0x00, 0x00,
	0x00, 0x00, 0x00, 0x00, 0x00, 0x00, 0x00, 0x00, 0x00, 0x00, 0x00, 0x00,
	0x00, 0x00, 0x00, 0x00, 0x00, 0x00, 0x00, 0x00, 0x00, 0x00, 0x00, 0x00,
	0x00, 0x00, 0x00, 0x00, 0x00, 0x00, 0x00, 0x00, 0x00, 0x00, 0x00, 0x00,
	0x00, 0x00, 0x00, 0x00, 0x00, 0x00, 0x00, 0x00, 0x00, 0x00, 0x00, 0x00,
	0x00, 0x00, 0x00, 0x00, 0x00, 0x00, 0x00, 0x00, 0x00, 0x00, 0x00, 0x00,
	0x00, 0x00, 0x00, 0x00, 0x00, 0x00, 0x00, 0x00, 0x00, 0x00, 0x00, 0x00,
	0x00, 0x00, 0x00, 0x00, 0x00, 0x00, 0x00, 0x00, 0x00, 0x00, 0x00, 0x00,
	0x00, 0x00, 0x00, 0x00, 0x00, 0x00, 0x00, 0x00, 0x00, 0x00, 0x00, 0x00,
	0x00, 0x00, 0x00, 0x00, 0x00, 0x00, 0x00, 0x00, 0x00, 0x00, 0x00, 0x00,
	0x00, 0x00, 0x00, 0x00, 0x00, 0x00, 0x00, 0x00, 0x00, 0x00, 0x00, 0x7f,
	0x00, 0x00, 0x00, 0x03, 0xff, 0xe0, 0x00, 0x00, 0x0f, 0xff, 0xf8, 0x00,
	0x00, 0x1f, 0x80, 0xfc, 0x00, 0x00, 0x3e, 0x00, 0x3e, 0x00, 0x00, 0x78,
	0x00, 0x0f, 0x00, 0x00, 0xf0, 0x00, 0x07, 0x80, 0x00, 0xe0, 0x3f, 0x83,
	0x80, 0x01, 0xe0, 0xff, 0xc3, 0xc0, 0x01, 0xc1, 0xff, 0xc1, 0xc0, 0x01,
	0xc3, 0xff, 0xc1, 0xc0, 0x03, 0x83, 0xe0, 0x40, 0xe0, 0x03, 0x87, 0xc0,
	0x00, 0xe0, 0x03, 0x87, 0x80, 0x00, 0xe0, 0x03, 0x87, 0x80, 0x00, 0xe0,
	0x03, 0x87, 0x80, 0x00, 0xe0, 0x03, 0x87, 0xc0, 0x00, 0xe0, 0x03, 0x83,
	0xe0, 0x40, 0xe0, 0x03, 0xc3, 0xff, 0xc1, 0xc0, 0x01, 0xc1, 0xff, 0xc1,
	0xc0, 0x01, 0xe0, 0xff, 0xc3, 0xc0, 0x00, 0xe0, 0x3f, 0x83, 0x80, 0x00,
	0xf0, 0x00, 0x07, 0x80, 0x00, 0x78, 0x00, 0x0f, 0x00, 0x00, 0x3e, 0x00,
	0x3e, 0x00, 0x00, 0x1f, 0x80, 0xfc, 0x00, 0x00, 0x0f, 0xff, 0xf8, 0x00,
	0x00, 0x03, 0xff, 0xe0, 0x00, 0x00, 0x00, 0x7f, 0x80, 0x00, 0x00, 0x00,
	0x00, 0x00, 0x00, 0x00, 0x00, 0x00, 0x00, 0x00, 0x00, 0x00, 0x00, 0x00,
	0x00, 0x00, 0x00, 0x00, 0x00, 0x00, 0x00, 0x00, 0x00, 0x00, 0x00, 0x00,
	0x00, 0x00, 0x00, 0x00, 0x00, 0x00, 0x00, 0x00, 0x00, 0x00, 0x00, 0x00,
	0x00, 0x00, 0x00, 0x00, 0x00, 0x00, 0x00, 0x00, 0x00, 0x00, 0x00, 0x00,
	0x00, 0x00, 0x00, 0x00, 0x00, 0x00, 0x00, 0x00, 0x00, 0x00, 0x00, 0x00,
	0x00, 0x00, 0x00, 0x00, 0x00, 0x00, 0x00, 0x00, 0x00, 0x00, 0x00, 0x00,
	0x03, 0xfc, 0x00, 0x0f, 0xff, 0x80, 0x0f, 0xff, 0xc0, 0x0c, 0x07, 0xc0,
	0x00, 0x07, 0xe0, 0x00, 0x03, 0xe0, 0x01, 0xff, 0xe0, 0x07, 0xff, 0xe0,
	0x0f, 0xff, 0xe0, 0x1f, 0x83, 0xe0, 0x1f, 0x07, 0xe0, 0x1f, 0x07, 0xe0,
	0x1f, 0x8f, 0xe0, 0x1f, 0xff, 0xe0, 0x0f, 0xfb, 0xe0, 0x03, 0xe3, 0xe0,
	0x00, 0x00, 0x00, 0x00, 0x00, 0x00, 0x1f, 0xff, 0xe0, 0x1f, 0xff, 0xe0,
	0x1f, 0xff, 0xe0, 0x1f, 0xff, 0xe0, 0x00, 0x00, 0x00, 0x00, 0x00, 0x00,
	0x00, 0x00, 0x00, 0x00, 0x00, 0x00, 0x00, 0x00, 0x00, 0x00, 0x00, 0x00,
	0x00, 0x00, 0x00, 0x00, 0x00, 0x00, 0x00, 0x00, 0x00, 0x00, 0x00, 0x00,
	0x00, 0x00, 0x00, 0x00, 0x00, 0x00, 0x00, 0x00, 0x00, 0x00, 0x00, 0x00,
	0x00, 0x00, 0x00, 0x00, 0x00, 0x00, 0x00, 0x00, 0x00, 0x00, 0x00, 0x00,
	0x00, 0x00, 0x00, 0x00, 0x00, 0x00, 0x00, 0x00, 0x00, 0x00, 0x00, 0x00,
	0x00, 0x00, 0x00, 0x00, 0x00, 0x00, 0x00, 0x00, 0x00, 0x00, 0x00, 0x00,
	0x00, 0x00, 0x00, 0x00, 0x00, 0x00, 0x00, 0x00, 0x00, 0x00, 0x00, 0x00,
	0x00, 0x00, 0x00, 0x00, 0x00, 0x00, 0x00, 0x00, 0x00, 0x00, 0x00, 0x00,
	0x00, 0x00, 0x00, 0x00, 0x00, 0x00, 0x00, 0x00, 0x00, 0x00, 0x00, 0x00,
	0x00, 0x00, 0x00, 0x00, 0x00, 0x00, 0x00, 0x00, 0x00, 0x08, 0x02, 0x00,
	0x00, 0x18, 0x06, 0x00, 0x00, 0x38, 0x0e, 0x00, 0x00, 0xf8, 0x3e, 0x00,
	0x01, 0xf8, 0x7e, 0x00, 0x07, 0xf1, 0xfc, 0x00, 0x0f, 0xe3, 0xf0, 0x00,
	0x1f, 0x87, 0xe0, 0x00, 0x1f, 0x07, 0xc0, 0x00, 0x1f, 0x07, 0xc0, 0x00,
	0x1f, 0x87, 0xe0, 0x00, 0x0f, 0xe3, 0xf0, 0x00, 0x07, 0xf1, 0xfc, 0x00,
	0x01, 0xf8, 0x7e, 0x00, 0x00, 0xf8, 0x3e, 0x00, 0x00, 0x78, 0x1e, 0x00,
	0x00, 0x18, 0x06, 0x00, 0x00, 0x08, 0x02, 0x00, 0x00, 0x00, 0x00, 0x00,
	0x00, 0x00, 0x00, 0x00, 0x00, 0x00, 0x00, 0x00, 0x00, 0x00, 0x00, 0x00,
	0x00, 0x00, 0x00, 0x00, 0x00, 0x00, 0x00, 0x00, 0x00, 0x00, 0x00, 0x00,
	0x00, 0x00, 0x00, 0x00, 0x00, 0x00, 0x00, 0x00, 0x00, 0x00, 0x00, 0x00,
	0x00, 0x00, 0x00, 0x00, 0x00, 0x00, 0x00, 0x00, 0x00, 0x00, 0x00, 0x00,
	0x00, 0x00, 0x00, 0x00, 0x00, 0x00, 0x00, 0x00, 0x00, 0x00, 0x00, 0x00,
	0x00, 0x00, 0x00, 0x00, 0x00, 0x00, 0x00, 0x00, 0x00, 0x00, 0x00, 0x00,
	0x00, 0x00, 0x00, 0x00, 0x00, 0x00, 0x00, 0x00, 0x00, 0x00, 0x00, 0x00,
	0x00, 0x00, 0x00, 0x00, 0x00, 0x00, 0x00, 0x00, 0x00, 0x00, 0x00, 0x00,
	0x00, 0x00, 0x00, 0x00, 0x00, 0x00, 0x00, 0x00, 0x00, 0x00, 0x00, 0x00,
	0x00, 0x00, 0x00, 0x00, 0x00, 0x00, 0x00, 0x00, 0x00, 0x00, 0x00, 0x00,
	0x00, 0x00, 0x00, 0x00, 0x00, 0x00, 0x00, 0x00, 0x00, 0x00, 0x00, 0x00,
	0x00, 0x00, 0x00, 0x00, 0x00, 0x00, 0x00, 0x00, 0x00, 0x00, 0x00, 0x00,
	0x00, 0x00, 0x00, 0x00, 0x0f, 0xff, 0xff, 0xf8, 0x00, 0x0f, 0xff, 0xff,
	0xf8, 0x00, 0x0f, 0xff, 0xff, 0xf8, 0x00, 0x0f, 0xff, 0xff, 0xf8, 0x00,
	0x0f, 0xff, 0xff, 0xf8, 0x00, 0x00, 0x00, 0x00, 0xf8, 0x00, 0x00, 0x00,
	0x00, 0xf8, 0x00, 0x00, 0x00, 0x00, 0xf8, 0x00, 0x00, 0x00, 0x00, 0xf8,
	0x00, 0x00, 0x00, 0x00, 0xf8, 0x00, 0x00, 0x00, 0x00, 0xf8, 0x00, 0x00,
	0x00, 0x00, 0xf8, 0x00, 0x00, 0x00, 0x00, 0x00, 0x00, 0x00, 0x00, 0x00,
	0x00, 0x00, 0x00, 0x00, 0x00, 0x00, 0x00, 0x00, 0x00, 0x00, 0x00, 0x00,
	0x00, 0x00, 0x00, 0x00, 0x00, 0x00, 0x00, 0x00, 0x00, 0x00, 0x00, 0x00,
	0x00, 0x00, 0x00, 0x00, 0x00, 0x00, 0x00, 0x00, 0x00, 0x00, 0x00, 0x00,
	0x00, 0x00, 0x00, 0x00, 0x00, 0x00, 0x00, 0x00, 0x00, 0x00, 0x00, 0x00,
	0x00, 0x00, 0x00, 0x00, 0x00, 0x00, 0x00, 0x00, 0x00, 0x00, 0x00, 0x00,
	0x00, 0x00, 0x00, 0x00, 0x00, 0x00, 0x00, 0x00, 0x00, 0x00, 0x00, 0x00,
	0x00, 0x00, 0x00, 0x00, 0x00, 0x00, 0x00, 0x00, 0x00, 0x00, 0x00, 0x00,
	0x00, 0x00, 0x00, 0x00, 0x00, 0x00, 0x00, 0x00, 0x00, 0x00, 0x00, 0x00,
	0x00, 0x00, 0x00, 0x00, 0x00, 0x00, 0x00, 0x00, 0x00, 0x00, 0x00, 0x00,
	0x00, 0x00, 0x00, 0x00, 0x00, 0x00, 0x00, 0x00, 0x00, 0x00, 0x00, 0x7f,
	0x00, 0x00, 0x00, 0x03, 0xff, 0xe0, 0x00, 0x00, 0x0f, 0xff, 0xf8, 0x00,
	0x00, 0x1f, 0x80, 0xfc, 0x00, 0x00, 0x3e, 0x00, 0x3e, 0x00, 0x00, 0x78,
	0x00, 0x0f, 0x00, 0x00, 0xf0, 0x00, 0x07, 0x80, 0x00, 0xe1, 0xff, 0x03,
	0x80, 0x01, 0xe1, 0xff, 0xc3, 0xc0, 0x01, 0xc1, 0xff, 0xe1, 0xc0, 0x01,
	0xc1, 0xe3, 0xe1, 0xc0, 0x03, 0x81, 0xe1, 0xe0, 0xe0, 0x03, 0x81, 0xe3,
	0xe0, 0xe0, 0x03, 0x81, 0xff, 0xc0, 0xe0, 0x03, 0x81, 0xff, 0xc0, 0xe0,
	0x03, 0x81, 0xff, 0x00, 0xe0, 0x03, 0x81, 0xef, 0x80, 0xe0, 0x03, 0x81,
	0xe7, 0xc0, 0xe0, 0x03, 0xc1, 0xe3, 0xc1, 0xc0, 0x01, 0xc1, 0xe3, 0xe1,
	0xc0, 0x01, 0xe1, 0xe1, 0xe3, 0xc0, 0x00, 0xe1, 0xe0, 0xf3, 0x80, 0x00,
	0xf0, 0x00, 0x07, 0x80, 0x00, 0x78, 0x00, 0x0f, 0x00, 0x00, 0x3e, 0x00,
	0x3e, 0x00, 0x00, 0x1f, 0x80, 0xfc, 0x00, 0x00, 0x0f, 0xff, 0xf8, 0x00,
	0x00, 0x03, 0xff, 0xe0, 0x00, 0x00, 0x00, 0x7f, 0x80, 0x00, 0x00, 0x00,
	0x00, 0x00, 0x00, 0x00, 0x00, 0x00, 0x00, 0x00, 0x00, 0x00, 0x00, 0x00,
	0x00, 0x00, 0x00, 0x00, 0x00, 0x00, 0x00, 0x00, 0x00, 0x00, 0x00, 0x00,
	0x00, 0x00, 0x00, 0x00, 0x00, 0x00, 0x00, 0x00, 0x00, 0x00, 0x00, 0x00,
	0x00, 0x00, 0x00, 0x00, 0x00, 0x00, 0x00, 0x00, 0x00, 0x00, 0x00, 0x00,
	0x00, 0x00, 0x00, 0x00, 0x00, 0x00, 0x00, 0x00, 0x00, 0x00, 0x00, 0x00,
	0x00, 0x00, 0x00, 0x00, 0x00, 0x00, 0x00, 0x00, 0x00, 0x00, 0x00, 0x00,
	0x0f, 0xff, 0x00, 0x0f, 0xff, 0x00, 0x0f, 0xff, 0x00, 0x0f, 0xff, 0x00,
	0x00, 0x00, 0x00, 0x00, 0x00, 0x00, 0x00, 0x00, 0x00, 0x00, 0x00, 0x00,
	0x00, 0x00, 0x00, 0x00, 0x00, 0x00, 0x00, 0x00, 0x00, 0x00, 0x00, 0x00,
	0x00, 0x00, 0x00, 0x00, 0x00, 0x00, 0x00, 0x00, 0x00, 0x00, 0x00, 0x00,
	0x00, 0x00, 0x00, 0x00, 0x00, 0x00, 0x00, 0x00, 0x00, 0x00, 0x00, 0x00,
	0x00, 0x00, 0x00, 0x00, 0x00, 0x00, 0x00, 0x00, 0x00, 0x00, 0x00, 0x00,
	0x00, 0x00, 0x00, 0x00, 0x00, 0x00, 0x00, 0x00, 0x00, 0x00, 0x00, 0x00,
	0x00, 0x00, 0x00, 0x00, 0x00, 0x00, 0x00, 0x00, 0x00, 0x00, 0x00, 0x00,
	0x00, 0x00, 0x00, 0x00, 0x00, 0x00, 0x00, 0x00, 0x00, 0x00, 0x00, 0x00,
	0x00, 0x00, 0x00, 0x00, 0x00, 0x00, 0x00, 0x00, 0x00, 0x00, 0x00, 0x00,
	0x00, 0x00, 0x00, 0x00, 0x00, 0x00, 0x00, 0x00, 0x00, 0x00, 0x00, 0x00,
	0x00, 0x00, 0x00, 0x00, 0x00, 0x00, 0x00, 0x00, 0x00, 0x00, 0x00, 0x00,
	0x01, 0xf0, 0x00, 0x07, 0xfc, 0x00, 0x0f, 0xfe, 0x00, 0x0f, 0x1e, 0x00,
	0x1e, 0x0f, 0x00, 0x1c, 0x07, 0x00, 0x1c, 0x07, 0x00, 0x1c, 0x07, 0x00,
	0x1e, 0x0f, 0x00, 0x0f, 0x1e, 0x00, 0x0f, 0xfe, 0x00, 0x07, 0xfc, 0x00,
	0x01, 0xf0, 0x00, 0x00, 0x00, 0x00, 0x00, 0x00, 0x00, 0x00, 0x00, 0x00,
	0x00, 0x00, 0x00, 0x00, 0x00, 0x00, 0x00, 0x00, 0x00, 0x00, 0x00, 0x00,
	0x00, 0x00, 0x00, 0x00, 0x00, 0x00, 0x00, 0x00, 0x00, 0x00, 0x00, 0x00,
	0x00, 0x00, 0x00, 0x00, 0x00, 0x00, 0x00, 0x00, 0x00, 0x00, 0x00, 0x00,
	0x00, 0x00, 0x00, 0x00, 0x00, 0x00, 0x00, 0x00, 0x00, 0x00, 0x00, 0x00,
	0x00, 0x00, 0x00, 0x00, 0x00, 0x00, 0x00, 0x00, 0x00, 0x00, 0x00, 0x00,
	0x00, 0x00, 0x00, 0x00, 0x00, 0x00, 0x00, 0x00, 0x00, 0x00, 0x00, 0x00,
	0x00, 0x00, 0x00, 0x00, 0x00, 0x00, 0x00, 0x00, 0x00, 0x00, 0x00, 0x00,
	0x00, 0x00, 0x00, 0x00, 0x00, 0x00, 0x00, 0x00, 0x00, 0x00, 0x00, 0x00,
	0x00, 0x00, 0x00, 0x00, 0x00, 0x00, 0x00, 0x00, 0x00, 0x00, 0x00, 0x00,
	0x00, 0x00, 0x00, 0x00, 0x00, 0x00, 0x00, 0x00, 0x00, 0x00, 0x00, 0x00,
	0x00, 0x00, 0x00, 0x00, 0x00, 0x00, 0x00, 0x00, 0x00, 0x00, 0x00, 0x00,
	0x00, 0x00, 0x00, 0x00, 0x00, 0x00, 0x03, 0xe0, 0x00, 0x00, 0x00, 0x03,
	0xe0, 0x00, 0x00, 0x00, 0x03, 0xe0, 0x00, 0x00, 0x00, 0x03, 0xe0, 0x00,
	0x00, 0x00, 0x03, 0xe0, 0x00, 0x00, 0x00, 0x03, 0xe0, 0x00, 0x00, 0x00,
	0x03, 0xe0, 0x00, 0x00, 0x0f, 0xff, 0xff, 0xf8, 0x00, 0x0f, 0xff, 0xff,
	0xf8, 0x00, 0x0f, 0xff, 0xff, 0xf8, 0x00, 0x0f, 0xff, 0xff, 0xf8, 0x00,
	0x0f, 0xff, 0xff, 0xf8, 0x00, 0x00, 0x03, 0xe0, 0x00, 0x00, 0x00, 0x03,
	0xe0, 0x00, 0x00, 0x00, 0x03, 0xe0, 0x00, 0x00, 0x00, 0x03, 0xe0, 0x00,
	0x00, 0x00, 0x03, 0xe0, 0x00, 0x00, 0x00, 0x03, 0xe0, 0x00, 0x00, 0x00,
	0x03, 0xe0, 0x00, 0x00, 0x00, 0x00, 0x00, 0x00, 0x00, 0x0f, 0xff, 0xff,
	0xf8, 0x00, 0x0f, 0xff, 0xff, 0xf8, 0x00, 0x0f, 0xff, 0xff, 0xf8, 0x00,
	0x0f, 0xff, 0xff, 0xf8, 0x00, 0x0f, 0xff, 0xff, 0xf8, 0x00, 0x00, 0x00,
	0x00, 0x00, 0x00, 0x00, 0x00, 0x00, 0x00, 0x00, 0x00, 0x00, 0x00, 0x00,
	0x00, 0x00, 0x00, 0x00, 0x00, 0x00, 0x00, 0x00, 0x00, 0x00, 0x00, 0x00,
	0x00, 0x00, 0x00, 0x00, 0x00, 0x00, 0x00, 0x00, 0x00, 0x00, 0x00, 0x00,
	0x00, 0x00, 0x00, 0x00, 0x00, 0x00, 0x00, 0x00, 0x00, 0x00, 0x00, 0x00,
	0x00, 0x00, 0x00, 0x00, 0x00, 0x00, 0x00, 0x00, 0x00, 0x00, 0x00, 0x00,
	0x00, 0x00, 0x00, 0x00, 0x00, 0x00, 0x00, 0x00, 0x00, 0x00, 0x00, 0x00,
	0x0f, 0xf0, 0x00, 0x3f, 0xf8, 0x00, 0x3f, 0xfc, 0x00, 0x38, 0x7e, 0x00,
	0x20, 0x3e, 0x00, 0x00, 0x3e, 0x00, 0x00, 0x3e, 0x00, 0x00, 0x7c, 0x00,
	0x00, 0xfc, 0x00, 0x01, 0xf8, 0x00, 0x03, 0xf0, 0x00, 0x07, 0xe0, 0x00,
	0x0f, 0x80, 0x00, 0x1f, 0x00, 0x00, 0x3f, 0xfe, 0x00, 0x3f, 0xfe, 0x00,
	0x3f, 0xfe, 0x00, 0x00, 0x00, 0x00, 0x00, 0x00, 0x00, 0x00, 0x00, 0x00,
	0x00, 0x00, 0x00, 0x00, 0x00, 0x00, 0x00, 0x00, 0x00, 0x00, 0x00, 0x00,
	0x00, 0x00, 0x00, 0x00, 0x00, 0x00, 0x00, 0x00, 0x00, 0x00, 0x00, 0x00,
	0x00, 0x00, 0x00, 0x00, 0x00, 0x00, 0x00, 0x00, 0x00, 0x00, 0x00, 0x00,
	0x00, 0x00, 0x00, 0x00, 0x00, 0x00, 0x00, 0x00, 0x00, 0x00, 0x00, 0x00,
	0x00, 0x00, 0x00, 0x00, 0x00, 0x00, 0x00, 0x00, 0x00, 0x00, 0x00, 0x00,
	0x00, 0x00, 0x00, 0x00, 0x00, 0x00, 0x00, 0x00, 0x00, 0x00, 0x00, 0x00,
	0x00, 0x00, 0x00, 0x00, 0x00, 0x00, 0x00, 0x00, 0x00, 0x00, 0x00, 0x00,
	0x0f, 0xf8, 0x00, 0x1f, 0xfe, 0x00, 0x1f, 0xff, 0x00, 0x18, 0x3f, 0x00,
	0x00, 0x1f, 0x00, 0x00, 0x3f, 0x00, 0x07, 0xfe, 0x00, 0x07, 0xf8, 0x00,
	0x07, 0xfe, 0x00, 0x00, 0x3e, 0x00, 0x00, 0x1f, 0x00, 0x00, 0x1f, 0x00,
	0x00, 0x1f, 0x00, 0x30, 0x3f, 0x00, 0x3f, 0xfe, 0x00, 0x3f, 0xfc, 0x00,
	0x1f, 0xf0, 0x00, 0x00, 0x00, 0x00, 0x00, 0x00, 0x00, 0x00, 0x00, 0x00,
	0x00, 0x00, 0x00, 0x00, 0x00, 0x00, 0x00, 0x00, 0x00, 0x00, 0x00, 0x00,
	0x00, 0x00, 0x00, 0x00, 0x00, 0x00, 0x00, 0x00, 0x00, 0x00, 0x00, 0x00,
	0x00, 0x00, 0x00, 0x00, 0x00, 0x00, 0x00, 0x00, 0x00, 0x00, 0x00, 0x00,
	0x00, 0x00, 0x00, 0x00, 0x00, 0x00, 0x00, 0x00, 0x00, 0x00, 0x00, 0x00,
	0x00, 0x00, 0x00, 0x00, 0x00, 0x00, 0x00, 0x00, 0x00, 0x00, 0x00, 0x00,
	0x00, 0x00, 0x00, 0x00, 0x00, 0x00, 0x00, 0x00, 0x00, 0x00, 0x00, 0x00,
	0x00, 0x00, 0x00, 0x00, 0x00, 0x00, 0x00, 0x0f, 0xc0, 0x00, 0x1f, 0x00,
	0x00, 0x1e, 0x00, 0x00, 0x3c, 0x00, 0x00, 0x78, 0x00, 0x00, 0xf0, 0x00,
	0x01, 0xe0, 0x00, 0x00, 0x00, 0x00, 0x00, 0x00, 0x00, 0x00, 0x00, 0x00,
	0x00, 0x00, 0x00, 0x00, 0x00, 0x00, 0x00, 0x00, 0x00, 0x00, 0x00, 0x00,
	0x00, 0x00, 0x00, 0x00, 0x00, 0x00, 0x00, 0x00, 0x00, 0x00, 0x00, 0x00,
	0x00, 0x00, 0x00, 0x00, 0x00, 0x00, 0x00, 0x00, 0x00, 0x00, 0x00, 0x00,
	0x00, 0x00, 0x00, 0x00, 0x00, 0x00, 0x00, 0x00, 0x00, 0x00, 0x00, 0x00,
	0x00, 0x00, 0x00, 0x00, 0x00, 0x00, 0x00, 0x00, 0x00, 0x00, 0x00, 0x00,
	0x00, 0x00, 0x00, 0x00, 0x00, 0x00, 0x00, 0x00, 0x00, 0x00, 0x00, 0x00,
	0x00, 0x00, 0x00, 0x00, 0x00, 0x00, 0x00, 0x00, 0x00, 0x00, 0x00, 0x00,
	0x00, 0x00, 0x00, 0x00, 0x00, 0x00, 0x00, 0x00, 0x00, 0x00, 0x00, 0x00,
	0x00, 0x00, 0x00, 0x00, 0x00, 0x00, 0x00, 0x00, 0x00, 0x00, 0x00, 0x00,
	0x00, 0x00, 0x00, 0x00, 0x00, 0x00, 0x00, 0x00, 0x00, 0x00, 0x00, 0x00,
	0x00, 0x00, 0x00, 0x00, 0x00, 0x00, 0x00, 0x00, 0x00, 0x00, 0x00, 0x00,
	0x00, 0x00, 0x00, 0x00, 0x00, 0x00, 0x00, 0x00, 0x00, 0x00, 0x00, 0x00,
	0x00, 0x00, 0x00, 0x00, 0x00, 0x00, 0x00, 0x00, 0x00, 0x00, 0x00, 0x00,
	0x00, 0x00, 0x00, 0x00, 0x1f, 0xc0, 0x3f, 0x80, 0x1f, 0xc0, 0x3f, 0x80,
	0x1f, 0xc0, 0x3f, 0x80, 0x1f, 0xc0, 0x3f, 0x80, 0x1f, 0xc0, 0x3f, 0x80,
	0x1f, 0xc0, 0x3f, 0x80, 0x1f, 0xc0, 0x3f, 0x80, 0x1f, 0xc0, 0x3f, 0x80,
	0x1f, 0xc0, 0x3f, 0x80, 0x1f, 0xc0, 0x3f, 0x80, 0x1f, 0xc0, 0x3f, 0x80,
	0x1f, 0xc0, 0x3f, 0x80, 0x1f, 0xc0, 0x3f, 0x80, 0x1f, 0xc0, 0x3f, 0x80,
	0x1f, 0xc0, 0x3f, 0x80, 0x1f, 0xe0, 0x7f, 0x80, 0x1f, 0xf0, 0xff, 0x80,
	0x1f, 0xff, 0xff, 0xf0, 0x1f, 0xff, 0xff, 0xf0, 0x1f, 0xff, 0xef, 0xf0,
	0x1f, 0xff, 0xcf, 0xf0, 0x1f, 0xdf, 0x83, 0xe0, 0x1f, 0xc0, 0x00, 0x00,
	0x1f, 0xc0, 0x00, 0x00, 0x1f, 0xc0, 0x00, 0x00, 0x1f, 0xc0, 0x00, 0x00,
	0x1f, 0xc0, 0x00, 0x00, 0x1f, 0xc0, 0x00, 0x00, 0x1f, 0xc0, 0x00, 0x00,
	0x1f, 0xc0, 0x00, 0x00, 0x00, 0x00, 0x00, 0x00, 0x00, 0x00, 0x00, 0x00,
	0x00, 0x00, 0x00, 0x00, 0x00, 0x00, 0x00, 0x00, 0x00, 0x00, 0x00, 0x00,
	0x00, 0x00, 0x00, 0x00, 0x00, 0x00, 0x00, 0x00, 0x00, 0x00, 0x00, 0x00,
	0x00, 0x00, 0x00, 0x00, 0x00, 0x00, 0x00, 0x00, 0x00, 0x00, 0x00, 0x00,
	0x00, 0xff, 0xfe, 0x00, 0x03, 0xff, 0xfe, 0x00, 0x07, 0xff, 0xfe, 0x00,
	0x0f, 0xfe, 0x1e, 0x00, 0x0f, 0xfe, 0x1e, 0x00, 0x1f, 0xfe, 0x1e, 0x00,
	0x1f, 0xfe, 0x1e, 0x00, 0x1f, 0xfe, 0x1e, 0x00, 0x1f, 0xfe, 0x1e, 0x00,
	0x1f, 0xfe, 0x1e, 0x00, 0x1f, 0xfe, 0x1e, 0x00, 0x0f, 0xfe, 0x1e, 0x00,
	0x0f, 0xfe, 0x1e, 0x00, 0x07, 0xfe, 0x1e, 0x00, 0x03, 0xfe, 0x1e, 0x00,
	0x00, 0x7e, 0x1e, 0x00, 0x00, 0x1e, 0x1e, 0x00, 0x00, 0x1e, 0x1e, 0x00,
	0x00, 0x1e, 0x1e, 0x00, 0x00, 0x1e, 0x1e, 0x00, 0x00, 0x1e, 0x1e, 0x00,
	0x00, 0x1e, 0x1e, 0x00, 0x00, 0x1e, 0x1e, 0x00, 0x00, 0x1e, 0x1e, 0x00,
	0x00, 0x1e, 0x1e, 0x00, 0x00, 0x1e, 0x1e, 0x00, 0x00, 0x1e, 0x1e, 0x00,
	0x00, 0x1e, 0x1e, 0x00, 0x00, 0x1e, 0x1e, 0x00, 0x00, 0x1e, 0x1e, 0x00,
	0x00, 0x1e, 0x1e, 0x00, 0x00, 0x1e, 0x1e, 0x00, 0x00, 0x1e, 0x1e, 0x00,
	0x00, 0x00, 0x00, 0x00, 0x00, 0x00, 0x00, 0x00, 0x00, 0x00, 0x00, 0x00,
	0x00, 0x00, 0x00, 0x00, 0x00, 0x00, 0x00, 0x00, 0x00, 0x00, 0x00, 0x00,
	0x00, 0x00, 0x00, 0x00, 0x00, 0x00, 0x00, 0x00, 0x00, 0x00, 0x00, 0x00,
	0x00, 0x00, 0x00, 0x00, 0x00, 0x00, 0x00, 0x00, 0x00, 0x00, 0x00, 0x00,
	0x00, 0x00, 0x00, 0x00, 0x00, 0x00, 0x00, 0x00, 0x00, 0x00, 0x00, 0x00,
	0x00, 0x00, 0x00, 0x00, 0x0f, 0xe0, 0x0f, 0xe0, 0x0f, 0xe0, 0x0f, 0xe0,
	0x0f, 0xe0, 0x0f, 0xe0, 0x0f, 0xe0, 0x0f, 0xe0, 0x00, 0x00, 0x00, 0x00,
	0x00, 0x00, 0x00, 0x00, 0x00, 0x00, 0x00, 0x00, 0x00, 0x00, 0x00, 0x00,
	0x00, 0x00, 0x00, 0x00, 0x00, 0x00, 0x00, 0x00, 0x00, 0x00, 0x00, 0x00,
	0x00, 0x00, 0x00, 0x00, 0x00, 0x00, 0x00, 0x00, 0x00, 0x00, 0x00, 0x00,
	0x00, 0x00, 0x00, 0x00, 0x00, 0x00, 0x00, 0x00, 0x00, 0x00, 0x00, 0x00,
	0x00, 0x00, 0x00, 0x00, 0x00, 0x00, 0x00, 0x00, 0x00, 0x00, 0x00, 0x00,
	0x00, 0x00, 0x00, 0x00, 0x00, 0x00, 0x00, 0x00, 0x00, 0x00, 0x00, 0x00,
	0x00, 0x00, 0x00, 0x00, 0x00, 0x00, 0x00, 0x00, 0x00, 0x00, 0x00, 0x00,
	0x00, 0x00, 0x00, 0x00, 0x00, 0x00, 0x00, 0x00, 0x00, 0x00, 0x00, 0x00,
	0x00, 0x00, 0x00, 0x00, 0x00, 0x00, 0x00, 0x00, 0x00, 0x00, 0x00, 0x00,
	0x00, 0x00, 0x00, 0x00, 0x00, 0x00, 0x00, 0x00, 0x00, 0x00, 0x00, 0x00,
	0x00, 0x00, 0x00, 0x00, 0x00, 0x00, 0x00, 0x00, 0x00, 0x00, 0x00, 0x00,
	0x00, 0x00, 0x00, 0x00, 0x00, 0x00, 0x00, 0x00, 0x00, 0x00, 0x00, 0x00,
	0x00, 0x00, 0x00, 0x00, 0x00, 0x00, 0x00, 0x30, 0x00, 0x00, 0x38, 0x00,
	0x00, 0x1c, 0x00, 0x00, 0x1c, 0x00, 0x04, 0x3c, 0x00, 0x07, 0xfc, 0x00,
	0x07, 0xf8, 0x00, 0x03, 0xf0, 0x00, 0x00, 0x00, 0x00, 0x00, 0x00, 0x00,
	0x00, 0x00, 0x00, 0x00, 0x00, 0x00, 0x00, 0x00, 0x00, 0x00, 0x00, 0x00,
	0x00, 0x00, 0x00, 0x00, 0x00, 0x00, 0x00, 0x00, 0x00, 0x00, 0x00, 0x00,
	0x07, 0xe0, 0x00, 0x1f, 0xe0, 0x00, 0x1f, 0xe0, 0x00, 0x19, 0xe0, 0x00,
	0x01, 0xe0, 0x00, 0x01, 0xe0, 0x00, 0x01, 0xe0, 0x00, 0x01, 0xe0, 0x00,
	0x01, 0xe0, 0x00, 0x01, 0xe0, 0x00, 0x01, 0xe0, 0x00, 0x01, 0xe0, 0x00,
	0x01, 0xe0, 0x00, 0x01, 0xe0, 0x00, 0x1f, 0xfe, 0x00, 0x1f, 0xfe, 0x00,
	0x1f, 0xfe, 0x00, 0x00, 0x00, 0x00, 0x00, 0x00, 0x00, 0x00, 0x00, 0x00,
	0x00, 0x00, 0x00, 0x00, 0x00, 0x00, 0x00, 0x00, 0x00, 0x00, 0x00, 0x00,
	0x00, 0x00, 0x00, 0x00, 0x00, 0x00, 0x00, 0x00, 0x00, 0x00, 0x00, 0x00,
	0x00, 0x00, 0x00, 0x00, 0x00, 0x00, 0x00, 0x00, 0x00, 0x00, 0x00, 0x00,
	0x00, 0x00, 0x00, 0x00, 0x00, 0x00, 0x00, 0x00, 0x00, 0x00, 0x00, 0x00,
	0x00, 0x00, 0x00, 0x00, 0x00, 0x00, 0x00, 0x00, 0x00, 0x00, 0x00, 0x00,
	0x00, 0x00, 0x00, 0x00, 0x00, 0x00, 0x00, 0x00, 0x00, 0x00, 0x00, 0x00,
	0x00, 0x00, 0x00, 0x00, 0x00, 0x00, 0x00, 0x00, 0x00, 0x00, 0x00, 0x00,
	0x01, 0xfe, 0x00, 0x07, 0xff, 0x80, 0x0f, 0xff, 0xc0, 0x1f, 0x8f, 0xe0,
	0x1f, 0x87, 0xe0, 0x3f, 0x03, 0xf0, 0x3f, 0x03, 0xf0, 0x3f, 0x03, 0xf0,
	0x3f, 0x03, 0xf0, 0x3f, 0x03, 0xf0, 0x3f, 0x03, 0xf0, 0x1f, 0x87, 0xe0,
	0x1f, 0x87, 0xe0, 0x0f, 0xff, 0xc0, 0x07, 0xff, 0x80, 0x01, 0xfe, 0x00,
	0x00, 0x00, 0x00, 0x00, 0x00, 0x00, 0x1f, 0xff, 0xe0, 0x1f, 0xff, 0xe0,
	0x1f, 0xff, 0xe0, 0x1f, 0xff, 0xe0, 0x00, 0x00, 0x00, 0x00, 0x00, 0x00,
	0x00, 0x00, 0x00, 0x00, 0x00, 0x00, 0x00, 0x00, 0x00, 0x00, 0x00, 0x00,
	0x00, 0x00, 0x00, 0x00, 0x00, 0x00, 0x00, 0x00, 0x00, 0x00, 0x00, 0x00,
	0x00, 0x00, 0x00, 0x00, 0x00, 0x00, 0x00, 0x00, 0x00, 0x00, 0x00, 0x00,
	0x00, 0x00, 0x00, 0x00, 0x00, 0x00, 0x00, 0x00, 0x00, 0x00, 0x00, 0x00,
	0x00, 0x00, 0x00, 0x00, 0x00, 0x00, 0x00, 0x00, 0x00, 0x00, 0x00, 0x00,
	0x00, 0x00, 0x00, 0x00, 0x00, 0x00, 0x00, 0x00, 0x00, 0x00, 0x00, 0x00,
	0x00, 0x00, 0x00, 0x00, 0x00, 0x00, 0x00, 0x00, 0x00, 0x00, 0x00, 0x00,
	0x00, 0x00, 0x00, 0x00, 0x00, 0x00, 0x00, 0x00, 0x00, 0x00, 0x00, 0x00,
	0x00, 0x00, 0x00, 0x00, 0x00, 0x00, 0x00, 0x00, 0x00, 0x00, 0x00, 0x00,
	0x00, 0x00, 0x00, 0x00, 0x00, 0x00, 0x00, 0x00, 0x08, 0x02, 0x00, 0x00,
	0x0c, 0x03, 0x00, 0x00, 0x0e, 0x03, 0x80, 0x00, 0x0f, 0x83, 0xe0, 0x00,
	0x0f, 0xc3, 0xf0, 0x00, 0x07, 0xf1, 0xfc, 0x00, 0x01, 0xf8, 0xfe, 0x00,
	0x00, 0xfc, 0x3f, 0x00, 0x00, 0x7c, 0x1f, 0x00, 0x00, 0x7c, 0x1f, 0x00,
	0x00, 0xfc, 0x3f, 0x00, 0x01, 0xf8, 0xfe, 0x00, 0x07, 0xf1, 0xfc, 0x00,
	0x0f, 0xc3, 0xf0, 0x00, 0x0f, 0x83, 0xe0, 0x00, 0x0f, 0x03, 0xc0, 0x00,
	0x0c, 0x03, 0x00, 0x00, 0x08, 0x02, 0x00, 0x00, 0x00, 0x00, 0x00, 0x00,
	0x00, 0x00, 0x00, 0x00, 0x00, 0x00, 0x00, 0x00, 0x00, 0x00, 0x00, 0x00,
	0x00, 0x00, 0x00, 0x00, 0x00, 0x00, 0x00, 0x00, 0x00, 0x00, 0x00, 0x00,
	0x00, 0x00, 0x00, 0x00, 0x00, 0x00, 0x00, 0x00, 0x00, 0x00, 0x00, 0x00,
	0x00, 0x00, 0x00, 0x00, 0x00, 0x00, 0x00, 0x00, 0x00, 0x00, 0x00, 0x00,
	0x00, 0x00, 0x00, 0x00, 0x00, 0x00, 0x00, 0x00, 0x00, 0x00, 0x00, 0x00,
	0x00, 0x00, 0x00, 0x00, 0x00, 0x00, 0x00, 0x00, 0x00, 0x00, 0x00, 0x00,
	0x00, 0x00, 0x00, 0x00, 0x00, 0x00, 0x00, 0x00, 0x00, 0x00, 0x00, 0x00,
	0x00, 0x00, 0x00, 0x00, 0x00, 0x00, 0x00, 0x00, 0x00, 0x00, 0x00, 0x00,
	0x07, 0xe0, 0x00, 0x0f, 0x80, 0x00, 0x1f, 0xe0, 0x00, 0x0f, 0x00, 0x00,
	0x1f, 0xe0, 0x00, 0x1e, 0x00, 0x00, 0x19, 0xe0, 0x00, 0x3e, 0x00, 0x00,
	0x01, 0xe0, 0x00, 0x3c, 0x00, 0x00, 0x01, 0xe0, 0x00, 0x7c, 0x00, 0x00,
	0x01, 0xe0, 0x00, 0x78, 0x00, 0x00, 0x01, 0xe0, 0x00, 0xf0, 0x00, 0x00,
	0x01, 0xe0, 0x01, 0xf0, 0x00, 0x00, 0x01, 0xe0, 0x01, 0xe0, 0x00, 0x00,
	0x01, 0xe0, 0x03, 0xe0, 0x00, 0x00, 0x01, 0xe0, 0x07, 0xc0, 0x00, 0x00,
	0x01, 0xe0, 0x07, 0x80, 0x00, 0x00, 0x01, 0xe0, 0x0f, 0x80, 0x00, 0x00,
	0x1f, 0xfe, 0x0f, 0x03, 0xe0, 0x00, 0x1f, 0xfe, 0x1e, 0x07, 0xe0, 0x00,
	0x1f, 0xfe, 0x3e, 0x0f, 0xe0, 0x00, 0x00, 0x00, 0x3c, 0x0f, 0xe0, 0x00,
	0x00, 0x00, 0x7c, 0x1d, 0xe0, 0x00, 0x00, 0x00, 0xf8, 0x39, 0xe0, 0x00,
	0x00, 0x00, 0xf0, 0x71, 0xe0, 0x00, 0x00, 0x01, 0xf0, 0x71, 0xe0, 0x00,
	0x00, 0x01, 0xe0, 0xe1, 0xe0, 0x00, 0x00, 0x03, 0xc1, 0xc1, 0xe0, 0x00,
	0x00, 0x07, 0xc1, 0xff, 0xfc, 0x00, 0x00, 0x07, 0x81, 0xff, 0xfc, 0x00,
	0x00, 0x0f, 0x81, 0xff, 0xfc, 0x00, 0x00, 0x0f, 0x00, 0x01, 0xe0, 0x00,
	0x00, 0x1e, 0x00, 0x01, 0xe0, 0x00, 0x00, 0x3e, 0x00, 0x01, 0xe0, 0x00,
	0x00, 0x00, 0x00, 0x00, 0x00, 0x00, 0x00, 0x00, 0x00, 0x00, 0x00, 0x00,
	0x00, 0x00, 0x00, 0x00, 0x00, 0x00, 0x00, 0x00, 0x00, 0x00, 0x00, 0x00,
	0x00, 0x00, 0x00, 0x00, 0x00, 0x00, 0x00, 0x00, 0x00, 0x00, 0x00, 0x00,
	0x00, 0x00, 0x00, 0x00, 0x00, 0x00, 0x00, 0x00, 0x00, 0x00, 0x00, 0x00,
	0x00, 0x00, 0x00, 0x00, 0x00, 0x00, 0x00, 0x00, 0x00, 0x00, 0x00, 0x00,
	0x00, 0x00, 0x00, 0x00, 0x00, 0x00, 0x00, 0x00, 0x00, 0x00, 0x00, 0x00,
	0x00, 0x00, 0x00, 0x00, 0x00, 0x00, 0x00, 0x00, 0x00, 0x00, 0x00, 0x00,
	0x00, 0x00, 0x00, 0x00, 0x00, 0x00, 0x00, 0x00, 0x00, 0x00, 0x00, 0x00,
	0x00, 0x00, 0x00, 0x00, 0x00, 0x00, 0x00, 0x00, 0x00, 0x00, 0x00, 0x00,
	0x07, 0xe0, 0x00, 0x0f, 0x80, 0x00, 0x1f, 0xe0, 0x00, 0x0f, 0x00, 0x00,
	0x1f, 0xe0, 0x00, 0x1e, 0x00, 0x00, 0x19, 0xe0, 0x00, 0x3e, 0x00, 0x00,
	0x01, 0xe0, 0x00, 0x3c, 0x00, 0x00, 0x01, 0xe0, 0x00, 0x7c, 0x00, 0x00,
	0x01, 0xe0, 0x00, 0x78, 0x00, 0x00, 0x01, 0xe0, 0x00, 0xf0, 0x00, 0x00,
	0x01, 0xe0, 0x01, 0xf0, 0x00, 0x00, 0x01, 0xe0, 0x01, 0xe0, 0x00, 0x00,
	0x01, 0xe0, 0x03, 0xe0, 0x00, 0x00, 0x01, 0xe0, 0x07, 0xc0, 0x00, 0x00,
	0x01, 0xe0, 0x07, 0x80, 0x00, 0x00, 0x01, 0xe0, 0x0f, 0x8f, 0xf0, 0x00,
	0x1f, 0xfe, 0x0f, 0x3f, 0xf8, 0x00, 0x1f, 0xfe, 0x1e, 0x3f, 0xfc, 0x00,
	0x1f, 0xfe, 0x3e, 0x38, 0x7e, 0x00, 0x00, 0x00, 0x3c, 0x20, 0x3e, 0x00,
	0x00, 0x00, 0x7c, 0x00, 0x3e, 0x00, 0x00, 0x00, 0xf8, 0x00, 0x3e, 0x00,
	0x00, 0x00, 0xf0, 0x00, 0x7c, 0x00, 0x00, 0x01, 0xf0, 0x00, 0xfc, 0x00,
	0x00, 0x01, 0xe0, 0x01, 0xf8, 0x00, 0x00, 0x03, 0xc0, 0x03, 0xf0, 0x00,
	0x00, 0x07, 0xc0, 0x07, 0xe0, 0x00, 0x00, 0x07, 0x80, 0x0f, 0x80, 0x00,
	0x00, 0x0f, 0x80, 0x1f, 0x00, 0x00, 0x00, 0x0f, 0x00, 0x3f, 0xfe, 0x00,
	0x00, 0x1e, 0x00, 0x3f, 0xfe, 0x00, 0x00, 0x3e, 0x00, 0x3f, 0xfe, 0x00,
	0x00, 0x00, 0x00, 0x00, 0x00, 0x00, 0x00, 0x00, 0x00, 0x00, 0x00, 0x00,
	0x00, 0x00, 0x00, 0x00, 0x00, 0x00, 0x00, 0x00, 0x00, 0x00, 0x00, 0x00,
	0x00, 0x00, 0x00, 0x00, 0x00, 0x00, 0x00, 0x00, 0x00, 0x00, 0x00, 0x00,
	0x00, 0x00, 0x00, 0x00, 0x00, 0x00, 0x00, 0x00, 0x00, 0x00, 0x00, 0x00,
	0x00, 0x00, 0x00, 0x00, 0x00, 0x00, 0x00, 0x00, 0x00, 0x00, 0x00, 0x00,
	0x00, 0x00, 0x00, 0x00, 0x00, 0x00, 0x00, 0x00, 0x00, 0x00, 0x00, 0x00,
	0x00, 0x00, 0x00, 0x00, 0x00, 0x00, 0x00, 0x00, 0x00, 0x00, 0x00, 0x00,
	0x00, 0x00, 0x00, 0x00, 0x00, 0x00, 0x00, 0x00, 0x00, 0x00, 0x00, 0x00,
	0x00, 0x00, 0x00, 0x00, 0x00, 0x00, 0x00, 0x00, 0x00, 0x00, 0x00, 0x00,
	0x0f, 0xf8, 0x00, 0x0f, 0x80, 0x00, 0x1f, 0xfe, 0x00, 0x0f, 0x00, 0x00,
	0x1f, 0xff, 0x00, 0x1e, 0x00, 0x00, 0x18, 0x3f, 0x00, 0x3e, 0x00, 0x00,
	0x00, 0x1f, 0x00, 0x3c, 0x00, 0x00, 0x00, 0x3f, 0x00, 0x7c, 0x00, 0x00,
	0x07, 0xfe, 0x00, 0x78, 0x00, 0x00, 0x07, 0xf8, 0x00, 0xf0, 0x00, 0x00,
	0x07, 0xfe, 0x01, 0xf0, 0x00, 0x00, 0x00, 0x3e, 0x01, 0xe0, 0x00, 0x00,
	0x00, 0x1f, 0x03, 0xe0, 0x00, 0x00, 0x00, 0x1f, 0x07, 0xc0, 0x00, 0x00,
	0x00, 0x1f, 0x07, 0x80, 0x00, 0x00, 0x30, 0x3f, 0x0f, 0x80, 0x00, 0x00,
	0x3f, 0xfe, 0x0f, 0x03, 0xe0, 0x00, 0x3f, 0xfc, 0x1e, 0x07, 0xe0, 0x00,
	0x1f, 0xf0, 0x3e, 0x0f, 0xe0, 0x00, 0x00, 0x00, 0x3c, 0x0f, 0xe0, 0x00,
	0x00, 0x00, 0x7c, 0x1d, 0xe0, 0x00, 0x00, 0x00, 0xf8, 0x39, 0xe0, 0x00,
	0x00, 0x00, 0xf0, 0x71, 0xe0, 0x00, 0x00, 0x01, 0xf0, 0x71, 0xe0, 0x00,
	0x00, 0x01, 0xe0, 0xe1, 0xe0, 0x00, 0x00, 0x03, 0xc1, 0xc1, 0xe0, 0x00,
	0x00, 0x07, 0xc1, 0xff, 0xfc, 0x00, 0x00, 0x07, 0x81, 0xff, 0xfc, 0x00,
	0x00, 0x0f, 0x81, 0xff, 0xfc, 0x00, 0x00, 0x0f, 0x00, 0x01, 0xe0, 0x00,
	0x00, 0x1e, 0x00, 0x01, 0xe0, 0x00, 0x00, 0x3e, 0x00, 0x01, 0xe0, 0x00,
	0x00, 0x00, 0x00, 0x00, 0x00, 0x00, 0x00, 0x00, 0x00, 0x00, 0x00, 0x00,
	0x00, 0x00, 0x00, 0x00, 0x00, 0x00, 0x00, 0x00, 0x00, 0x00, 0x00, 0x00,
	0x00, 0x00, 0x00, 0x00, 0x00, 0x00, 0x00, 0x00, 0x00, 0x00, 0x00, 0x00,
	0x00, 0x00, 0x00, 0x00, 0x00, 0x00, 0x00, 0x00, 0x00, 0x00, 0x00, 0x00,
	0x00, 0x00, 0x00, 0x00, 0x00, 0x00, 0x00, 0x00, 0x00, 0x00, 0x00, 0x00,
	0x00, 0x00, 0x00, 0x00, 0x00, 0x00, 0x00, 0x00, 0x00, 0x00, 0x00, 0x00,
	0x00, 0x00, 0x00, 0x00, 0x00, 0x00, 0x00, 0x00, 0x00, 0x00, 0x00, 0x00,
	0x00, 0x00, 0x00, 0x00, 0x00, 0x00, 0x00, 0x00, 0x00, 0x00, 0x00, 0x00,
	0x00, 0x00, 0x00, 0x00, 0x00, 0x00, 0x00, 0x00, 0x00, 0x00, 0x00, 0x00,
	0x00, 0x3f, 0x80, 0x00, 0x3f, 0x80, 0x00, 0x3f, 0x80, 0x00, 0x3f, 0x80,
	0x00, 0x3f, 0x80, 0x00, 0x3f, 0x80, 0x00, 0x3f, 0x80, 0x00, 0x00, 0x00,
	0x00, 0x00, 0x00, 0x00, 0x00, 0x00, 0x00, 0x3f, 0x80, 0x00, 0x3f, 0x80,
	0x00, 0x3f, 0x80, 0x00, 0x7f, 0x80, 0x00, 0xff, 0x00, 0x01, 0xfe, 0x00,
	0x03, 0xfc, 0x00, 0x07, 0xf8, 0x00, 0x0f, 0xf0, 0x00, 0x0f, 0xe0, 0x00,
	0x1f, 0xe0, 0x00, 0x1f, 0xc0, 0x00, 0x1f, 0xc0, 0x00, 0x1f, 0xc0, 0x08,
	0x1f, 0xc0, 0x18, 0x1f, 0xe0, 0xf8, 0x0f, 0xff, 0xf8, 0x0f, 0xff, 0xf8,
	0x07, 0xff, 0xf8, 0x03, 0xff, 0xf0, 0x00, 0x7f, 0x80, 0x00, 0x00, 0x00,
	0x00, 0x00, 0x00, 0x00, 0x00, 0x7c, 0x00, 0x00, 0x00, 0x3c, 0x00, 0x00,
	0x00, 0x1e, 0x00, 0x00, 0x00, 0x0f, 0x00, 0x00, 0x00, 0x07, 0x80, 0x00,
	0x00, 0x00, 0x00, 0x00, 0x00, 0x00, 0x00, 0x00, 0x00, 0x00, 0x00, 0x00,
	0x00, 0x1f, 0xf0, 0x00, 0x00, 0x3f, 0xf8, 0x00, 0x00, 0x3f, 0xf8, 0x00,
	0x00, 0x3f, 0xf8, 0x00, 0x00, 0x7f, 0xfc, 0x00, 0x00, 0x7f, 0xfc, 0x00,
	0x00, 0xff, 0xfe, 0x00, 0x00, 0xfe, 0xfe, 0x00, 0x00, 0xfe, 0xfe, 0x00,
	0x01, 0xfe, 0x7f, 0x00, 0x01, 0xfc, 0x7f, 0x00, 0x01, 0xfc, 0x7f, 0x00,
	0x03, 0xf8, 0x3f, 0x80, 0x03, 0xf8, 0x3f, 0x80, 0x07, 0xf8, 0x3f, 0xc0,
	0x07, 0xf0, 0x1f, 0xc0, 0x07, 0xf0, 0x1f, 0xc0, 0x0f, 0xf0, 0x1f, 0xe0,
	0x0f, 0xff, 0xff, 0xe0, 0x0f, 0xff, 0xff, 0xe0, 0x1f, 0xff, 0xff, 0xf0,
	0x1f, 0xff, 0xff, 0xf0, 0x3f, 0xff, 0xff, 0xf8, 0x3f, 0x80, 0x03, 0xf8,
	0x3f, 0x80, 0x03, 0xf8, 0x7f, 0x80, 0x03, 0xfc, 0x7f, 0x00, 0x01, 0xfc,
	0x7f, 0x00, 0x01, 0xfc, 0xff, 0x00, 0x01, 0xfe, 0x00, 0x00, 0x00, 0x00,
	0x00, 0x00, 0x00, 0x00, 0x00, 0x00, 0x00, 0x00, 0x00, 0x00, 0x00, 0x00,
	0x00, 0x00, 0x00, 0x00, 0x00, 0x00, 0x00, 0x00, 0x00, 0x00, 0x00, 0x00,
	0x00, 0x00, 0x00, 0x00, 0x00, 0x00, 0x00, 0x00, 0x00, 0x00, 0x00, 0x00,
	0x00, 0x00, 0x00, 0x00, 0x00, 0x01, 0xf0, 0x00, 0x00, 0x01, 0xe0, 0x00,
	0x00, 0x03, 0xc0, 0x00, 0x00, 0x07, 0x80, 0x00, 0x00, 0x0f, 0x00, 0x00,
	0x00, 0x00, 0x00, 0x00, 0x00, 0x00, 0x00, 0x00, 0x00, 0x00, 0x00, 0x00,
	0x00, 0x1f, 0xf0, 0x00, 0x00, 0x3f, 0xf8, 0x00, 0x00, 0x3f, 0xf8, 0x00,
	0x00, 0x3f, 0xf8, 0x00, 0x00, 0x7f, 0xfc, 0x00, 0x00, 0x7f, 0xfc, 0x00,
	0x00, 0xff, 0xfe, 0x00, 0x00, 0xfe, 0xfe, 0x00, 0x00, 0xfe, 0xfe, 0x00,
	0x01, 0xfe, 0x7f, 0x00, 0x01, 0xfc, 0x7f, 0x00, 0x01, 0xfc, 0x7f, 0x00,
	0x03, 0xf8, 0x3f, 0x80, 0x03, 0xf8, 0x3f, 0x80, 0x07, 0xf8, 0x3f, 0xc0,
	0x07, 0xf0, 0x1f, 0xc0, 0x07, 0xf0, 0x1f, 0xc0, 0x0f, 0xf0, 0x1f, 0xe0,
	0x0f, 0xff, 0xff, 0xe0, 0x0f, 0xff, 0xff, 0xe0, 0x1f, 0xff, 0xff, 0xf0,
	0x1f, 0xff, 0xff, 0xf0, 0x3f, 0xff, 0xff, 0xf8, 0x3f, 0x80, 0x03, 0xf8,
	0x3f, 0x80, 0x03, 0xf8, 0x7f, 0x80, 0x03, 0xfc, 0x7f, 0x00, 0x01, 0xfc,
	0x7f, 0x00, 0x01, 0xfc, 0xff, 0x00, 0x01, 0xfe, 0x00, 0x00, 0x00, 0x00,
	0x00, 0x00, 0x00, 0x00, 0x00, 0x00, 0x00, 0x00, 0x00, 0x00, 0x00, 0x00,
	0x00, 0x00, 0x00, 0x00, 0x00, 0x00, 0x00, 0x00, 0x00, 0x00, 0x00, 0x00,
	0x00, 0x00, 0x00, 0x00, 0x00, 0x00, 0x00, 0x00, 0x00, 0x00, 0x00, 0x00,
	0x00, 0x00, 0x00, 0x00, 0x00, 0x0f, 0xe0, 0x00, 0x00, 0x1f, 0xf0, 0x00,
	0x00, 0x3e, 0xf8, 0x00, 0x00, 0x7c, 0x3c, 0x00, 0x00, 0xf0, 0x1e, 0x00,
	0x00, 0x00, 0x00, 0x00, 0x00, 0x00, 0x00, 0x00, 0x00, 0x00, 0x00, 0x00,
	0x00, 0x1f, 0xf0, 0x00, 0x00, 0x3f, 0xf8, 0x00, 0x00, 0x3f, 0xf8, 0x00,
	0x00, 0x3f, 0xf8, 0x00, 0x00, 0x7f, 0xfc, 0x00, 0x00, 0x7f, 0xfc, 0x00,
	0x00, 0xff, 0xfe, 0x00, 0x00, 0xfe, 0xfe, 0x00, 0x00, 0xfe, 0xfe, 0x00,
	0x01, 0xfe, 0x7f, 0x00, 0x01, 0xfc, 0x7f, 0x00, 0x01, 0xfc, 0x7f, 0x00,
	0x03, 0xf8, 0x3f, 0x80, 0x03, 0xf8, 0x3f, 0x80, 0x07, 0xf8, 0x3f, 0xc0,
	0x07, 0xf0, 0x1f, 0xc0, 0x07, 0xf0, 0x1f, 0xc0, 0x0f, 0xf0, 0x1f, 0xe0,
	0x0f, 0xff, 0xff, 0xe0, 0x0f, 0xff, 0xff, 0xe0, 0x1f, 0xff, 0xff, 0xf0,
	0x1f, 0xff, 0xff, 0xf0, 0x3f, 0xff, 0xff, 0xf8, 0x3f, 0x80, 0x03, 0xf8,
	0x3f, 0x80, 0x03, 0xf8, 0x7f, 0x80, 0x03, 0xfc, 0x7f, 0x00, 0x01, 0xfc,
	0x7f, 0x00, 0x01, 0xfc, 0xff, 0x00, 0x01, 0xfe, 0x00, 0x00, 0x00, 0x00,
	0x00, 0x00, 0x00, 0x00, 0x00, 0x00, 0x00, 0x00, 0x00, 0x00, 0x00, 0x00,
	0x00, 0x00, 0x00, 0x00, 0x00, 0x00, 0x00, 0x00, 0x00, 0x00, 0x00, 0x00,
	0x00, 0x00, 0x00, 0x00, 0x00, 0x00, 0x00, 0x00, 0x00, 0x00, 0x00, 0x00,
	0x00, 0x00, 0x00, 0x00, 0x00, 0x3e, 0x0e, 0x00, 0x00, 0x7f, 0x9e, 0x00,
	0x00, 0xff, 0xfe, 0x00, 0x00, 0xf3, 0xfc, 0x00, 0x00, 0xe0, 0xf8, 0x00,
	0x00, 0x00, 0x00, 0x00, 0x00, 0x00, 0x00, 0x00, 0x00, 0x00, 0x00, 0x00,
	0x00, 0x1f, 0xf0, 0x00, 0x00, 0x3f, 0xf8, 0x00, 0x00, 0x3f, 0xf8, 0x00,
	0x00, 0x3f, 0xf8, 0x00, 0x00, 0x7f, 0xfc, 0x00, 0x00, 0x7f, 0xfc, 0x00,
	0x00, 0xff, 0xfe, 0x00, 0x00, 0xfe, 0xfe, 0x00, 0x00, 0xfe, 0xfe, 0x00,
	0x01, 0xfe, 0x7f, 0x00, 0x01, 0xfc, 0x7f, 0x00, 0x01, 0xfc, 0x7f, 0x00,
	0x03, 0xf8, 0x3f, 0x80, 0x03, 0xf8, 0x3f, 0x80, 0x07, 0xf8, 0x3f, 0xc0,
	0x07, 0xf0, 0x1f, 0xc0, 0x07, 0xf0, 0x1f, 0xc0, 0x0f, 0xf0, 0x1f, 0xe0,
	0x0f, 0xff, 0xff, 0xe0, 0x0f, 0xff, 0xff, 0xe0, 0x1f, 0xff, 0xff, 0xf0,
	0x1f, 0xff, 0xff, 0xf0, 0x3f, 0xff, 0xff, 0xf8, 0x3f, 0x80, 0x03, 0xf8,
	0x3f, 0x80, 0x03, 0xf8, 0x7f, 0x80, 0x03, 0xfc, 0x7f, 0x00, 0x01, 0xfc,
	0x7f, 0x00, 0x01, 0xfc, 0xff, 0x00, 0x01, 0xfe, 0x00, 0x00, 0x00, 0x00,
	0x00, 0x00, 0x00, 0x00, 0x00, 0x00, 0x00, 0x00, 0x00, 0x00, 0x00, 0x00,
	0x00, 0x00, 0x00, 0x00, 0x00, 0x00, 0x00, 0x00, 0x00, 0x00, 0x00, 0x00,
	0x00, 0x00, 0x00, 0x00, 0x00, 0x00, 0x00, 0x00, 0x00, 0x00, 0x00, 0x00,
	0x00, 0x00, 0x00, 0x00, 0x00, 0x7c, 0x7c, 0x00, 0x00, 0x7c, 0x7c, 0x00,
	0x00, 0x7c, 0x7c, 0x00, 0x00, 0x7c, 0x7c, 0x00, 0x00, 0x7c, 0x7c, 0x00,
	0x00, 0x00, 0x00, 0x00, 0x00, 0x00, 0x00, 0x00, 0x00, 0x00, 0x00, 0x00,
	0x00, 0x1f, 0xf0, 0x00, 0x00, 0x3f, 0xf8, 0x00, 0x00, 0x3f, 0xf8, 0x00,
	0x00, 0x3f, 0xf8, 0x00, 0x00, 0x7f, 0xfc, 0x00, 0x00, 0x7f, 0xfc, 0x00,
	0x00, 0xff, 0xfe, 0x00, 0x00, 0xfe, 0xfe, 0x00, 0x00, 0xfe, 0xfe, 0x00,
	0x01, 0xfe, 0x7f, 0x00, 0x01, 0xfc, 0x7f, 0x00, 0x01, 0xfc, 0x7f, 0x00,
	0x03, 0xf8, 0x3f, 0x80, 0x03, 0xf8, 0x3f, 0x80, 0x07, 0xf8, 0x3f, 0xc0,
	0x07, 0xf0, 0x1f, 0xc0, 0x07, 0xf0, 0x1f, 0xc0, 0x0f, 0xf0, 0x1f, 0xe0,
	0x0f, 0xff, 0xff, 0xe0, 0x0f, 0xff, 0xff, 0xe0, 0x1f, 0xff, 0xff, 0xf0,
	0x1f, 0xff, 0xff, 0xf0, 0x3f, 0xff, 0xff, 0xf8, 0x3f, 0x80, 0x03, 0xf8,
	0x3f, 0x80, 0x03, 0xf8, 0x7f, 0x80, 0x03, 0xfc, 0x7f, 0x00, 0x01, 0xfc,
	0x7f, 0x00, 0x01, 0xfc, 0xff, 0x00, 0x01, 0xfe, 0x00, 0x00, 0x00, 0x00,
	0x00, 0x00, 0x00, 0x00, 0x00, 0x00, 0x00, 0x00, 0x00, 0x00, 0x00, 0x00,
	0x00, 0x00, 0x00, 0x00, 0x00, 0x00, 0x00, 0x00, 0x00, 0x00, 0x00, 0x00,
	0x00, 0x00, 0x00, 0x00, 0x00, 0x00, 0x00, 0x00, 0x00, 0x00, 0x00, 0x00,
	0x00, 0x00, 0x00, 0x00, 0x00, 0x07, 0xc0, 0x00, 0x00, 0x0f, 0xe0, 0x00,
	0x00, 0x1f, 0xf0, 0x00, 0x00, 0x3c, 0x78, 0x00, 0x00, 0x38, 0x38, 0x00,
	0x00, 0x38, 0x38, 0x00, 0x00, 0x38, 0x38, 0x00, 0x00, 0x3c, 0x78, 0x00,
	0x00, 0x1f, 0xf0, 0x00, 0x00, 0x3f, 0xf8, 0x00, 0x00, 0x3f, 0xf8, 0x00,
	0x00, 0x3f, 0xf8, 0x00, 0x00, 0x7f, 0xfc, 0x00, 0x00, 0x7f, 0xfc, 0x00,
	0x00, 0x7f, 0xfc, 0x00, 0x00, 0xfe, 0xfe, 0x00, 0x00, 0xfe, 0xfe, 0x00,
	0x01, 0xfe, 0x7f, 0x00, 0x01, 0xfc, 0x7f, 0x00, 0x01, 0xfc, 0x7f, 0x00,
	0x03, 0xf8, 0x3f, 0x80, 0x03, 0xf8, 0x3f, 0x80, 0x07, 0xf8, 0x3f, 0x80,
	0x07, 0xf0, 0x1f, 0xc0, 0x07, 0xf0, 0x1f, 0xc0, 0x0f, 0xf0, 0x1f, 0xe0,
	0x0f, 0xff, 0xff, 0xe0, 0x0f, 0xff, 0xff, 0xe0, 0x1f, 0xff, 0xff, 0xf0,
	0x1f, 0xff, 0xff, 0xf0, 0x3f, 0xff, 0xff, 0xf8, 0x3f, 0xc0, 0x07, 0xf8,
	0x3f, 0x80, 0x03, 0xf8, 0x7f, 0x80, 0x03, 0xfc, 0x7f, 0x80, 0x03, 0xfc,
	0x7f, 0x00, 0x01, 0xfc, 0xff, 0x00, 0x01, 0xfe, 0x00, 0x00, 0x00, 0x00,
	0x00, 0x00, 0x00, 0x00, 0x00, 0x00, 0x00, 0x00, 0x00, 0x00, 0x00, 0x00,
	0x00, 0x00, 0x00, 0x00, 0x00, 0x00, 0x00, 0x00, 0x00, 0x00, 0x00, 0x00,
	0x00, 0x00, 0x00, 0x00, 0x00, 0x00, 0x00, 0x00, 0x00, 0x00, 0x00, 0x00,
	0x00, 0x00, 0x00, 0x00, 0x00, 0x00, 0x00, 0x00, 0x00, 0x00, 0x00, 0x00,
	0x00, 0x00, 0x00, 0x00, 0x00, 0x00, 0x00, 0x00, 0x00, 0x00, 0x00, 0x00,
	0x00, 0x00, 0x00, 0x00, 0x00, 0x00, 0x00, 0x00, 0x00, 0x00, 0x00, 0x00,
	0x00, 0x00, 0x00, 0x00, 0x00, 0x00, 0x00, 0x00, 0x00, 0x00, 0x00, 0x00,
	0x00, 0x00, 0x00, 0x00, 0x00, 0x00, 0x00, 0x0f, 0xff, 0xff, 0xff, 0x00,
	0x00, 0x1f, 0xff, 0xff, 0xff, 0x00, 0x00, 0x1f, 0xff, 0xff, 0xff, 0x00,
	0x00, 0x3f, 0xff, 0xff, 0xff, 0x00, 0x00, 0x3f, 0x9f, 0xff, 0xff, 0x00,
	0x00, 0x7f, 0x1f, 0xe0, 0x00, 0x00, 0x00, 0x7f, 0x1f, 0xe0, 0x00, 0x00,
	0x00, 0x7f, 0x1f, 0xe0, 0x00, 0x00, 0x00, 0xfe, 0x1f, 0xe0, 0x00, 0x00,
	0x00, 0xfe, 0x1f, 0xe0, 0x00, 0x00, 0x01, 0xfc, 0x1f, 0xe0, 0x00, 0x00,
	0x01, 0xfc, 0x1f, 0xe0, 0x00, 0x00, 0x01, 0xfc, 0x1f, 0xff, 0xfe, 0x00,
	0x03, 0xf8, 0x1f, 0xff, 0xfe, 0x00, 0x03, 0xf8, 0x1f, 0xff, 0xfe, 0x00,
	0x07, 0xf8, 0x1f, 0xff, 0xfe, 0x00, 0x07, 0xf0, 0x1f, 0xff, 0xfe, 0x00,
	0x07, 0xff, 0xff, 0xe0, 0x00, 0x00, 0x0f, 0xff, 0xff, 0xe0, 0x00, 0x00,
	0x0f, 0xff, 0xff, 0xe0, 0x00, 0x00, 0x1f, 0xff, 0xff, 0xe0, 0x00, 0x00,
	0x1f, 0xff, 0xff, 0xe0, 0x00, 0x00, 0x1f, 0xc0, 0x1f, 0xe0, 0x00, 0x00,
	0x3f, 0x80, 0x1f, 0xe0, 0x00, 0x00, 0x3f, 0x80, 0x1f, 0xff, 0xff, 0x00,
	0x7f, 0x00, 0x1f, 0xff, 0xff, 0x00, 0x7f, 0x00, 0x1f, 0xff, 0xff, 0x00,
	0x7f, 0x00, 0x1f, 0xff, 0xff, 0x00, 0xfe, 0x00, 0x1f, 0xff, 0xff, 0x00,
	0x00, 0x00, 0x00, 0x00, 0x00, 0x00, 0x00, 0x00, 0x00, 0x00, 0x00, 0x00,
	0x00, 0x00, 0x00, 0x00, 0x00, 0x00, 0x00, 0x00, 0x00, 0x00, 0x00, 0x00,
	0x00, 0x00, 0x00, 0x00, 0x00, 0x00, 0x00, 0x00, 0x00, 0x00, 0x00, 0x00,
	0x00, 0x00, 0x00, 0x00, 0x00, 0x00, 0x00, 0x00, 0x00, 0x00, 0x00, 0x00,
	0x00, 0x00, 0x00, 0x00, 0x00, 0x00, 0x00, 0x00, 0x00, 0x00, 0x00, 0x00,
	0x00, 0x00, 0x00, 0x00, 0x00, 0x00, 0x00, 0x00, 0x00, 0x00, 0x00, 0x00,
	0x00, 0x00, 0x00, 0x00, 0x00, 0x00, 0x00, 0x00, 0x00, 0x00, 0x00, 0x00,
	0x00, 0x00, 0x00, 0x00, 0x00, 0x00, 0x00, 0x00, 0x00, 0x07, 0xfe, 0x00,
	0x00, 0x3f, 0xff, 0xc0, 0x00, 0xff, 0xff, 0xe0, 0x01, 0xff, 0xff, 0xe0,
	0x03, 0xff, 0xff, 0xe0, 0x07, 0xfe, 0x03, 0xe0, 0x0f, 0xfc, 0x00, 0x60,
	0x0f, 0xf0, 0x00, 0x20, 0x1f, 0xf0, 0x00, 0x00, 0x1f, 0xe0, 0x00, 0x00,
	0x1f, 0xe0, 0x00, 0x00, 0x3f, 0xc0, 0x00, 0x00, 0x3f, 0xc0, 0x00, 0x00,
	0x3f, 0xc0, 0x00, 0x00, 0x3f, 0xc0, 0x00, 0x00, 0x3f, 0xc0, 0x00, 0x00,
	0x3f, 0xc0, 0x00, 0x00, 0x3f, 0xc0, 0x00, 0x00, 0x3f, 0xc0, 0x00, 0x00,
	0x3f, 0xe0, 0x00, 0x00, 0x1f, 0xe0, 0x00, 0x00, 0x1f, 0xf0, 0x00, 0x00,
	0x0f, 0xf0, 0x00, 0x20, 0x0f, 0xfc, 0x00, 0x60, 0x07, 0xff, 0x03, 0xe0,
	0x03, 0xff, 0xff, 0xe0, 0x01, 0xff, 0xff, 0xe0, 0x00, 0xff, 0xff, 0xe0,
	0x00, 0x3f, 0xff, 0xc0, 0x00, 0x07, 0xfe, 0x00, 0x00, 0x00, 0x60, 0x00,
	0x00, 0x00, 0x70, 0x00, 0x00, 0x00, 0x38, 0x00, 0x00, 0x00, 0x38, 0x00,
	0x00, 0x08, 0x78, 0x00, 0x00, 0x0f, 0xf8, 0x00, 0x00, 0x0f, 0xf0, 0x00,
	0x00, 0x07, 0xe0, 0x00, 0x00, 0x00, 0x00, 0x00, 0x00, 0x00, 0x00, 0x00,
	0x00, 0x00, 0x00, 0x00, 0x00, 0xf8, 0x00, 0x00, 0x00, 0x78, 0x00, 0x00,
	0x00, 0x3c, 0x00, 0x00, 0x00, 0x1e, 0x00, 0x00, 0x00, 0x0f, 0x00, 0x00,
	0x00, 0x00, 0x00, 0x00, 0x00, 0x00, 0x00, 0x00, 0x00, 0x00, 0x00, 0x00,
	0x0f, 0xff, 0xff, 0x80, 0x0f, 0xff, 0xff, 0x80, 0x0f, 0xff, 0xff, 0x80,
	0x0f, 0xff, 0xff, 0x80, 0x0f, 0xff, 0xff, 0x80, 0x0f, 0xf0, 0x00, 0x00,
	0x0f, 0xf0, 0x00, 0x00, 0x0f, 0xf0, 0x00, 0x00, 0x0f, 0xf0, 0x00, 0x00,
	0x0f, 0xf0, 0x00, 0x00, 0x0f, 0xf0, 0x00, 0x00, 0x0f, 0xf0, 0x00, 0x00,
	0x0f, 0xff, 0xff, 0x00, 0x0f, 0xff, 0xff, 0x00, 0x0f, 0xff, 0xff, 0x00,
	0x0f, 0xff, 0xff, 0x00, 0x0f, 0xff, 0xff, 0x00, 0x0f, 0xf0, 0x00, 0x00,
	0x0f, 0xf0, 0x00, 0x00, 0x0f, 0xf0, 0x00, 0x00, 0x0f, 0xf0, 0x00, 0x00,
	0x0f, 0xf0, 0x00, 0x00, 0x0f, 0xf0, 0x00, 0x00, 0x0f, 0xf0, 0x00, 0x00,
	0x0f, 0xff, 0xff, 0x80, 0x0f, 0xff, 0xff, 0x80, 0x0f, 0xff, 0xff, 0x80,
	0x0f, 0xff, 0xff, 0x80, 0x0f, 0xff, 0xff, 0x80, 0x00, 0x00, 0x00, 0x00,
	0x00, 0x00, 0x00, 0x00, 0x00, 0x00, 0x00, 0x00, 0x00, 0x00, 0x00, 0x00,
	0x00, 0x00, 0x00, 0x00, 0x00, 0x00, 0x00, 0x00, 0x00, 0x00, 0x00, 0x00,
	0x00, 0x00, 0x00, 0x00, 0x00, 0x00, 0x00, 0x00, 0x00, 0x00, 0x00, 0x00,
	0x00, 0x00, 0x00, 0x00, 0x00, 0x03, 0xe0, 0x00, 0x00, 0x03, 0xc0, 0x00,
	0x00, 0x07, 0x80, 0x00, 0x00, 0x0f, 0x00, 0x00, 0x00, 0x1e, 0x00, 0x00,
	0x00, 0x00, 0x00, 0x00, 0x00, 0x00, 0x00, 0x00, 0x00, 0x00, 0x00, 0x00,
	0x0f, 0xff, 0xff, 0x80, 0x0f, 0xff, 0xff, 0x80, 0x0f, 0xff, 0xff, 0x80,
	0x0f, 0xff, 0xff, 0x80, 0x0f, 0xff, 0xff, 0x80, 0x0f, 0xf0, 0x00, 0x00,
	0x0f, 0xf0, 0x00, 0x00, 0x0f, 0xf0, 0x00, 0x00, 0x0f, 0xf0, 0x00, 0x00,
	0x0f, 0xf0, 0x00, 0x00, 0x0f, 0xf0, 0x00, 0x00, 0x0f, 0xf0, 0x00, 0x00,
	0x0f, 0xff, 0xff, 0x00, 0x0f, 0xff, 0xff, 0x00, 0x0f, 0xff, 0xff, 0x00,
	0x0f, 0xff, 0xff, 0x00, 0x0f, 0xff, 0xff, 0x00, 0x0f, 0xf0, 0x00, 0x00,
	0x0f, 0xf0, 0x00, 0x00, 0x0f, 0xf0, 0x00, 0x00, 0x0f, 0xf0, 0x00, 0x00,
	0x0f, 0xf0, 0x00, 0x00, 0x0f, 0xf0, 0x00, 0x00, 0x0f, 0xf0, 0x00, 0x00,
	0x0f, 0xff, 0xff, 0x80, 0x0f, 0xff, 0xff, 0x80, 0x0f, 0xff, 0xff, 0x80,
	0x0f, 0xff, 0xff, 0x80, 0x0f, 0xff, 0xff, 0x80, 0x00, 0x00, 0x00, 0x00,
	0x00, 0x00, 0x00, 0x00, 0x00, 0x00, 0x00, 0x00, 0x00, 0x00, 0x00, 0x00,
	0x00, 0x00, 0x00, 0x00, 0x00, 0x00, 0x00, 0x00, 0x00, 0x00, 0x00, 0x00,
	0x00, 0x00, 0x00, 0x00, 0x00, 0x00, 0x00, 0x00, 0x00, 0x00, 0x00, 0x00,
	0x00, 0x00, 0x00, 0x00, 0x00, 0x1f, 0xc0, 0x00, 0x00, 0x3f, 0xe0, 0x00,
	0x00, 0x7d, 0xf0, 0x00, 0x00, 0xf8, 0xf8, 0x00, 0x01, 0xe0, 0x3c, 0x00,
	0x00, 0x00, 0x00, 0x00, 0x00, 0x00, 0x00, 0x00, 0x00, 0x00, 0x00, 0x00,
	0x0f, 0xff, 0xff, 0x80, 0x0f, 0xff, 0xff, 0x80, 0x0f, 0xff, 0xff, 0x80,
	0x0f, 0xff, 0xff, 0x80, 0x0f, 0xff, 0xff, 0x80, 0x0f, 0xf0, 0x00, 0x00,
	0x0f, 0xf0, 0x00, 0x00, 0x0f, 0xf0, 0x00, 0x00, 0x0f, 0xf0, 0x00, 0x00,
	0x0f, 0xf0, 0x00, 0x00, 0x0f, 0xf0, 0x00, 0x00, 0x0f, 0xf0, 0x00, 0x00,
	0x0f, 0xff, 0xff, 0x00, 0x0f, 0xff, 0xff, 0x00, 0x0f, 0xff, 0xff, 0x00,
	0x0f, 0xff, 0xff, 0x00, 0x0f, 0xff, 0xff, 0x00, 0x0f, 0xf0, 0x00, 0x00,
	0x0f, 0xf0, 0x00, 0x00, 0x0f, 0xf0, 0x00, 0x00, 0x0f, 0xf0, 0x00, 0x00,
	0x0f, 0xf0, 0x00, 0x00, 0x0f, 0xf0, 0x00, 0x00, 0x0f, 0xf0, 0x00, 0x00,
	0x0f, 0xff, 0xff, 0x80, 0x0f, 0xff, 0xff, 0x80, 0x0f, 0xff, 0xff, 0x80,
	0x0f, 0xff, 0xff, 0x80, 0x0f, 0xff, 0xff, 0x80, 0x00, 0x00, 0x00, 0x00,
	0x00, 0x00, 0x00, 0x00, 0x00, 0x00, 0x00, 0x00, 0x00, 0x00, 0x00, 0x00,
	0x00, 0x00, 0x00, 0x00, 0x00, 0x00, 0x00, 0x00, 0x00, 0x00, 0x00, 0x00,
	0x00, 0x00, 0x00, 0x00, 0x00, 0x00, 0x00, 0x00, 0x00, 0x00, 0x00, 0x00,
	0x00, 0x00, 0x00, 0x00, 0x00, 0xf8, 0xf8, 0x00, 0x00, 0xf8, 0xf8, 0x00,
	0x00, 0xf8, 0xf8, 0x00, 0x00, 0xf8, 0xf8, 0x00, 0x00, 0xf8, 0xf8, 0x00,
	0x00, 0x00, 0x00, 0x00, 0x00, 0x00, 0x00, 0x00, 0x00, 0x00, 0x00, 0x00,
	0x0f, 0xff, 0xff, 0x80, 0x0f, 0xff, 0xff, 0x80, 0x0f, 0xff, 0xff, 0x80,
	0x0f, 0xff, 0xff, 0x80, 0x0f, 0xff, 0xff, 0x80, 0x0f, 0xf0, 0x00, 0x00,
	0x0f, 0xf0, 0x00, 0x00, 0x0f, 0xf0, 0x00, 0x00, 0x0f, 0xf0, 0x00, 0x00,
	0x0f, 0xf0, 0x00, 0x00, 0x0f, 0xf0, 0x00, 0x00, 0x0f, 0xf0, 0x00, 0x00,
	0x0f, 0xff, 0xff, 0x00, 0x0f, 0xff, 0xff, 0x00, 0x0f, 0xff, 0xff, 0x00,
	0x0f, 0xff, 0xff, 0x00, 0x0f, 0xff, 0xff, 0x00, 0x0f, 0xf0, 0x00, 0x00,
	0x0f, 0xf0, 0x00, 0x00, 0x0f, 0xf0, 0x00, 0x00, 0x0f, 0xf0, 0x00, 0x00,
	0x0f, 0xf0, 0x00, 0x00, 0x0f, 0xf0, 0x00, 0x00, 0x0f, 0xf0, 0x00, 0x00,
	0x0f, 0xff, 0xff, 0x80, 0x0f, 0xff, 0xff, 0x80, 0x0f, 0xff, 0xff, 0x80,
	0x0f, 0xff, 0xff, 0x80, 0x0f, 0xff, 0xff, 0x80, 0x00, 0x00, 0x00, 0x00,
	0x00, 0x00, 0x00, 0x00, 0x00, 0x00, 0x00, 0x00, 0x00, 0x00, 0x00, 0x00,
	0x00, 0x00, 0x00, 0x00, 0x00, 0x00, 0x00, 0x00, 0x00, 0x00, 0x00, 0x00,
	0x00, 0x00, 0x00, 0x00, 0x00, 0x00, 0x00, 0x00, 0x00, 0x00, 0x00, 0x00,
	0x00, 0x00, 0x7c, 0x00, 0x3c, 0x00, 0x1e, 0x00, 0x0f, 0x00, 0x07, 0x80,
	0x00, 0x00, 0x00, 0x00, 0x00, 0x00, 0x0f, 0xf0, 0x0f, 0xf0, 0x0f, 0xf0,
	0x0f, 0xf0, 0x0f, 0xf0, 0x0f, 0xf0, 0x0f, 0xf0, 0x0f, 0xf0, 0x0f, 0xf0,
	0x0f, 0xf0, 0x0f, 0xf0, 0x0f, 0xf0, 0x0f, 0xf0, 0x0f, 0xf0, 0x0f, 0xf0,
	0x0f, 0xf0, 0x0f, 0xf0, 0x0f, 0xf0, 0x0f, 0xf0, 0x0f, 0xf0, 0x0f, 0xf0,
	0x0f, 0xf0, 0x0f, 0xf0, 0x0f, 0xf0, 0x0f, 0xf0, 0x0f, 0xf0, 0x0f, 0xf0,
	0x0f, 0xf0, 0x0f, 0xf0, 0x00, 0x00, 0x00, 0x00, 0x00, 0x00, 0x00, 0x00,
	0x00, 0x00, 0x00, 0x00, 0x00, 0x00, 0x00, 0x00, 0x00, 0x00, 0x00, 0x00,
	0x00, 0x00, 0x01, 0xf0, 0x01, 0xe0, 0x03, 0xc0, 0x07, 0x80, 0x0f, 0x00,
	0x00, 0x00, 0x00, 0x00, 0x00, 0x00, 0x0f, 0xf0, 0x0f, 0xf0, 0x0f, 0xf0,
	0x0f, 0xf0, 0x0f, 0xf0, 0x0f, 0xf0, 0x0f, 0xf0, 0x0f, 0xf0, 0x0f, 0xf0,
	0x0f, 0xf0, 0x0f, 0xf0, 0x0f, 0xf0, 0x0f, 0xf0, 0x0f, 0xf0, 0x0f, 0xf0,
	0x0f, 0xf0, 0x0f, 0xf0, 0x0f, 0xf0, 0x0f, 0xf0, 0x0f, 0xf0, 0x0f, 0xf0,
	0x0f, 0xf0, 0x0f, 0xf0, 0x0f, 0xf0, 0x0f, 0xf0, 0x0f, 0xf0, 0x0f, 0xf0,
	0x0f, 0xf0, 0x0f, 0xf0, 0x00, 0x00, 0x00, 0x00, 0x00, 0x00, 0x00, 0x00,
	0x00, 0x00, 0x00, 0x00, 0x00, 0x00, 0x00, 0x00, 0x00, 0x00, 0x00, 0x00,
	0x00, 0x00, 0x0f, 0xf0, 0x0f, 0xf0, 0x1e, 0x78, 0x3c, 0x3c, 0x78, 0x1e,
	0x00, 0x00, 0x00, 0x00, 0x00, 0x00, 0x0f, 0xf0, 0x0f, 0xf0, 0x0f, 0xf0,
	0x0f, 0xf0, 0x0f, 0xf0, 0x0f, 0xf0, 0x0f, 0xf0, 0x0f, 0xf0, 0x0f, 0xf0,
	0x0f, 0xf0, 0x0f, 0xf0, 0x0f, 0xf0, 0x0f, 0xf0, 0x0f, 0xf0, 0x0f, 0xf0,
	0x0f, 0xf0, 0x0f, 0xf0, 0x0f, 0xf0, 0x0f, 0xf0, 0x0f, 0xf0, 0x0f, 0xf0,
	0x0f, 0xf0, 0x0f, 0xf0, 0x0f, 0xf0, 0x0f, 0xf0, 0x0f, 0xf0, 0x0f, 0xf0,
	0x0f, 0xf0, 0x0f, 0xf0, 0x00, 0x00, 0x00, 0x00, 0x00, 0x00, 0x00, 0x00,
	0x00, 0x00, 0x00, 0x00, 0x00, 0x00, 0x00, 0x00, 0x00, 0x00, 0x00, 0x00,
	0x00, 0x00, 0x3e, 0x7c, 0x3e, 0x7c, 0x3e, 0x7c, 0x3e, 0x7c, 0x3e, 0x7c,
	0x00, 0x00, 0x00, 0x00, 0x00, 0x00, 0x0f, 0xf0, 0x0f, 0xf0, 0x0f, 0xf0,
	0x0f, 0xf0, 0x0f, 0xf0, 0x0f, 0xf0, 0x0f, 0xf0, 0x0f, 0xf0, 0x0f, 0xf0,
	0x0f, 0xf0, 0x0f, 0xf0, 0x0f, 0xf0, 0x0f, 0xf0, 0x0f, 0xf0, 0x0f, 0xf0,
	0x0f, 0xf0, 0x0f, 0xf0, 0x0f, 0xf0, 0x0f, 0xf0, 0x0f, 0xf0, 0x0f, 0xf0,
	0x0f, 0xf0, 0x0f, 0xf0, 0x0f, 0xf0, 0x0f, 0xf0, 0x0f, 0xf0, 0x0f, 0xf0,
	0x0f, 0xf0, 0x0f, 0xf0, 0x00, 0x00, 0x00, 0x00, 0x00, 0x00, 0x00, 0x00,
	0x00, 0x00, 0x00, 0x00, 0x00, 0x00, 0x00, 0x00, 0x00, 0x00, 0x00, 0x00,
	0x00, 0x00, 0x00, 0x00, 0x00, 0x00, 0x00, 0x00, 0x00, 0x00, 0x00, 0x00,
	0x00, 0x00, 0x00, 0x00, 0x00, 0x00, 0x00, 0x00, 0x00, 0x00, 0x00, 0x00,
	0x00, 0x00, 0x00, 0x00, 0x00, 0x00, 0x00, 0x00, 0x00, 0x00, 0x00, 0x00,
	0x00, 0x00, 0x00, 0x00, 0x00, 0x00, 0x00, 0x00, 0x00, 0x0f, 0xff, 0xf0,
	0x00, 0x00, 0x0f, 0xff, 0xfe, 0x00, 0x00, 0x0f, 0xff, 0xff, 0x80, 0x00,
	0x0f, 0xff, 0xff, 0xc0, 0x00, 0x0f, 0xff, 0xff, 0xf0, 0x00, 0x0f, 0xf0,
	0x3f, 0xf0, 0x00, 0x0f, 0xf0, 0x0f, 0xf8, 0x00, 0x0f, 0xf0, 0x07, 0xfc,
	0x00, 0x0f, 0xf0, 0x03, 0xfc, 0x00, 0x0f, 0xf0, 0x03, 0xfc, 0x00, 0x0f,
	0xf0, 0x03, 0xfe, 0x00, 0x0f, 0xf0, 0x01, 0xfe, 0x00, 0x7f, 0xff, 0x81,
	0xfe, 0x00, 0x7f, 0xff, 0x81, 0xfe, 0x00, 0x7f, 0xff, 0x81, 0xfe, 0x00,
	0x7f, 0xff, 0x81, 0xfe, 0x00, 0x7f, 0xff, 0x81, 0xfe, 0x00, 0x0f, 0xf0,
	0x01, 0xfe, 0x00, 0x0f, 0xf0, 0x03, 0xfe, 0x00, 0x0f, 0xf0, 0x03, 0xfc,
	0x00, 0x0f, 0xf0, 0x03, 0xfc, 0x00, 0x0f, 0xf0, 0x07, 0xfc, 0x00, 0x0f,
	0xf0, 0x0f, 0xf8, 0x00, 0x0f, 0xf0, 0x3f, 0xf0, 0x00, 0x0f, 0xff, 0xff,
	0xe0, 0x00, 0x0f, 0xff, 0xff, 0xe0, 0x00, 0x0f, 0xff, 0xff, 0x80, 0x00,
	0x0f, 0xff, 0xfe, 0x00, 0x00, 0x0f, 0xff, 0xf0, 0x00, 0x00, 0x00, 0x00,
	0x00, 0x00, 0x00, 0x00, 0x00, 0x00, 0x00, 0x00, 0x00, 0x00, 0x00, 0x00,
	0x00, 0x00, 0x00, 0x00, 0x00, 0x00, 0x00, 0x00, 0x00, 0x00, 0x00, 0x00,
	0x00, 0x00, 0x00, 0x00, 0x00, 0x00, 0x00, 0x00, 0x00, 0x00, 0x00, 0x00,
	0x00, 0x00, 0x00, 0x00, 0x00, 0x00, 0x00, 0x00, 0x00, 0x00, 0x00, 0x00,
	0x00, 0x00, 0x00, 0x00, 0x00, 0x00, 0x1e, 0x0e, 0x00, 0x00, 0x00, 0x3f,
	0x8e, 0x00, 0x00, 0x00, 0x7f, 0xfe, 0x00, 0x00, 0x00, 0x71, 0xfc, 0x00,
	0x00, 0x00, 0x70, 0x78, 0x00, 0x00, 0x00, 0x00, 0x00, 0x00, 0x00, 0x00,
	0x00, 0x00, 0x00, 0x00, 0x00, 0x00, 0x00, 0x00, 0x00, 0x0f, 0xf8, 0x01,
	0xfc, 0x00, 0x0f, 0xf8, 0x01, 0xfc, 0x00, 0x0f, 0xfc, 0x01, 0xfc, 0x00,
	0x0f, 0xfc, 0x01, 0xfc, 0x00, 0x0f, 0xfe, 0x01, 0xfc, 0x00, 0x0f, 0xfe,
	0x01, 0xfc, 0x00, 0x0f, 0xff, 0x01, 0xfc, 0x00, 0x0f, 0xff, 0x01, 0xfc,
	0x00, 0x0f, 0xff, 0x81, 0xfc, 0x00, 0x0f, 0xff, 0x81, 0xfc, 0x00, 0x0f,
	0xef, 0xc1, 0xfc, 0x00, 0x0f, 0xef, 0xc1, 0xfc, 0x00, 0x0f, 0xe7, 0xe1,
	0xfc, 0x00, 0x0f, 0xe7, 0xf1, 0xfc, 0x00, 0x0f, 0xe3, 0xf1, 0xfc, 0x00,
	0x0f, 0xe3, 0xf9, 0xfc, 0x00, 0x0f, 0xe1, 0xf9, 0xfc, 0x00, 0x0f, 0xe0,
	0xfd, 0xfc, 0x00, 0x0f, 0xe0, 0xfd, 0xfc, 0x00, 0x0f, 0xe0, 0x7f, 0xfc,
	0x00, 0x0f, 0xe0, 0x7f, 0xfc, 0x00, 0x0f, 0xe0, 0x3f, 0xfc, 0x00, 0x0f,
	0xe0, 0x3f, 0xfc, 0x00, 0x0f, 0xe0, 0x1f, 0xfc, 0x00, 0x0f, 0xe0, 0x1f,
	0xfc, 0x00, 0x0f, 0xe0, 0x0f, 0xfc, 0x00, 0x0f, 0xe0, 0x0f, 0xfc, 0x00,
	0x0f, 0xe0, 0x07, 0xfc, 0x00, 0x0f, 0xe0, 0x07, 0xfc, 0x00, 0x00, 0x00,
	0x00, 0x00, 0x00, 0x00, 0x00, 0x00, 0x00, 0x00, 0x00, 0x00, 0x00, 0x00,
	0x00, 0x00, 0x00, 0x00, 0x00, 0x00, 0x00, 0x00, 0x00, 0x00, 0x00, 0x00,
	0x00, 0x00, 0x00, 0x00, 0x00, 0x00, 0x00, 0x00, 0x00, 0x00, 0x00, 0x00,
	0x00, 0x00, 0x00, 0x00, 0x00, 0x00, 0x00, 0x00, 0x00, 0x00, 0x00, 0x00,
	0x00, 0x00, 0x00, 0x00, 0x00, 0x00, 0x1f, 0x00, 0x00, 0x00, 0x00, 0x0f,
	0x00, 0x00, 0x00, 0x00, 0x07, 0x80, 0x00, 0x00, 0x00, 0x03, 0xc0, 0x00,
	0x00, 0x00, 0x01, 0xe0, 0x00, 0x00, 0x00, 0x00, 0x00, 0x00, 0x00, 0x00,
	0x00, 0x00, 0x00, 0x00, 0x00, 0x0f, 0xfc, 0x00, 0x00, 0x00, 0x3f, 0xff,
	0x00, 0x00, 0x00, 0xff, 0xff, 0xc0, 0x00, 0x03, 0xff, 0xff, 0xe0, 0x00,
	0x03, 0xff, 0xff, 0xf0, 0x00, 0x07, 0xfc, 0x0f, 0xf8, 0x00, 0x0f, 0xf8,
	0x07, 0xfc, 0x00, 0x0f, 0xf0, 0x03, 0xfc, 0x00, 0x1f, 0xe0, 0x01, 0xfe,
	0x00, 0x1f, 0xe0, 0x01, 0xfe, 0x00, 0x3f, 0xe0, 0x01, 0xff, 0x00, 0x3f,
	0xc0, 0x00, 0xff, 0x00, 0x3f, 0xc0, 0x00, 0xff, 0x00, 0x3f, 0xc0, 0x00,
	0xff, 0x00, 0x3f, 0xc0, 0x00, 0xff, 0x00, 0x3f, 0xc0, 0x00, 0xff, 0x00,
	0x3f, 0xc0, 0x00, 0xff, 0x00, 0x3f, 0xc0, 0x00, 0xff, 0x00, 0x3f, 0xc0,
	0x00, 0xff, 0x00, 0x3f, 0xe0, 0x01, 0xff, 0x00, 0x1f, 0xe0, 0x01, 0xfe,
	0x00, 0x1f, 0xe0, 0x01, 0xfe, 0x00, 0x1f, 0xf0, 0x03, 0xfe, 0x00, 0x0f,
	0xf8, 0x07, 0xfc, 0x00, 0x07, 0xfc, 0x0f, 0xf8, 0x00, 0x07, 0xff, 0xff,
	0xf0, 0x00, 0x03, 0xff, 0xff, 0xe0, 0x00, 0x00, 0xff, 0xff, 0xc0, 0x00,
	0x00, 0x7f, 0xff, 0x00, 0x00, 0x00, 0x0f, 0xfc, 0x00, 0x00, 0x00, 0x00,
	0x00, 0x00, 0x00, 0x00, 0x00, 0x00, 0x00, 0x00, 0x00, 0x00, 0x00, 0x00,
	0x00, 0x00, 0x00, 0x00, 0x00, 0x00, 0x00, 0x00, 0x00, 0x00, 0x00, 0x00,
	0x00, 0x00, 0x00, 0x00, 0x00, 0x00, 0x00, 0x00, 0x00, 0x00, 0x00, 0x00,
	0x00, 0x00, 0x00, 0x00, 0x00, 0x00, 0x00, 0x00, 0x00, 0x00, 0x00, 0x00,
	0x00, 0x00, 0x00, 0x00, 0x00, 0x00, 0x00, 0x7c, 0x00, 0x00, 0x00, 0x00,
	0x78, 0x00, 0x00, 0x00, 0x00, 0xf0, 0x00, 0x00, 0x00, 0x01, 0xe0, 0x00,
	0x00, 0x00, 0x03, 0xc0, 0x00, 0x00, 0x00, 0x00, 0x00, 0x00, 0x00, 0x00,
	0x00, 0x00, 0x00, 0x00, 0x00, 0x0f, 0xfc, 0x00, 0x00, 0x00, 0x3f, 0xff,
	0x00, 0x00, 0x00, 0xff, 0xff, 0xc0, 0x00, 0x03, 0xff, 0xff, 0xe0, 0x00,
	0x03, 0xff, 0xff, 0xf0, 0x00, 0x07, 0xfc, 0x0f, 0xf8, 0x00, 0x0f, 0xf8,
	0x07, 0xfc, 0x00, 0x0f, 0xf0, 0x03, 0xfc, 0x00, 0x1f, 0xe0, 0x01, 0xfe,
	0x00, 0x1f, 0xe0, 0x01, 0xfe, 0x00, 0x3f, 0xe0, 0x01, 0xff, 0x00, 0x3f,
	0xc0, 0x00, 0xff, 0x00, 0x3f, 0xc0, 0x00, 0xff, 0x00, 0x3f, 0xc0, 0x00,
	0xff, 0x00, 0x3f, 0xc0, 0x00, 0xff, 0x00, 0x3f, 0xc0, 0x00, 0xff, 0x00,
	0x3f, 0xc0, 0x00, 0xff, 0x00, 0x3f, 0xc0, 0x00, 0xff, 0x00, 0x3f, 0xc0,
	0x00, 0xff, 0x00, 0x3f, 0xe0, 0x01, 0xff, 0x00, 0x1f, 0xe0, 0x01, 0xfe,
	0x00, 0x1f, 0xe0, 0x01, 0xfe, 0x00, 0x1f, 0xf0, 0x03, 0xfe, 0x00, 0x0f,
	0xf8, 0x07, 0xfc, 0x00, 0x07, 0xfc, 0x0f, 0xf8, 0x00, 0x07, 0xff, 0xff,
	0xf0, 0x00, 0x03, 0xff, 0xff, 0xe0, 0x00, 0x00, 0xff, 0xff, 0xc0, 0x00,
	0x00, 0x7f, 0xff, 0x00, 0x00, 0x00, 0x0f, 0xfc, 0x00, 0x00, 0x00, 0x00,
	0x00, 0x00, 0x00, 0x00, 0x00, 0x00, 0x00, 0x00, 0x00, 0x00, 0x00, 0x00,
	0x00, 0x00, 0x00, 0x00, 0x00, 0x00, 0x00, 0x00, 0x00, 0x00, 0x00, 0x00,
	0x00, 0x00, 0x00, 0x00, 0x00, 0x00, 0x00, 0x00, 0x00, 0x00, 0x00, 0x00,
	0x00, 0x00, 0x00, 0x00, 0x00, 0x00, 0x00, 0x00, 0x00, 0x00, 0x00, 0x00,
	0x00, 0x00, 0x00, 0x00, 0x00, 0x00, 0x03, 0xf8, 0x00, 0x00, 0x00, 0x07,
	0xfc, 0x00, 0x00, 0x00, 0x0f, 0xbe, 0x00, 0x00, 0x00, 0x1f, 0x1f, 0x00,
	0x00, 0x00, 0x3c, 0x07, 0x80, 0x00, 0x00, 0x00, 0x00, 0x00, 0x00, 0x00,
	0x00, 0x00, 0x00, 0x00, 0x00, 0x0f, 0xfc, 0x00, 0x00, 0x00, 0x3f, 0xff,
	0x00, 0x00, 0x00, 0xff, 0xff, 0xc0, 0x00, 0x03, 0xff, 0xff, 0xe0, 0x00,
	0x03, 0xff, 0xff, 0xf0, 0x00, 0x07, 0xfc, 0x0f, 0xf8, 0x00, 0x0f, 0xf8,
	0x07, 0xfc, 0x00, 0x0f, 0xf0, 0x03, 0xfc, 0x00, 0x1f, 0xe0, 0x01, 0xfe,
	0x00, 0x1f, 0xe0, 0x01, 0xfe, 0x00, 0x3f, 0xe0, 0x01, 0xff, 0x00, 0x3f,
	0xc0, 0x00, 0xff, 0x00, 0x3f, 0xc0, 0x00, 0xff, 0x00, 0x3f, 0xc0, 0x00,
	0xff, 0x00, 0x3f, 0xc0, 0x00, 0xff, 0x00, 0x3f, 0xc0, 0x00, 0xff, 0x00,
	0x3f, 0xc0, 0x00, 0xff, 0x00, 0x3f, 0xc0, 0x00, 0xff, 0x00, 0x3f, 0xc0,
	0x00, 0xff, 0x00, 0x3f, 0xe0, 0x01, 0xff, 0x00, 0x1f, 0xe0, 0x01, 0xfe,
	0x00, 0x1f, 0xe0, 0x01, 0xfe, 0x00, 0x1f, 0xf0, 0x03, 0xfe, 0x00, 0x0f,
	0xf8, 0x07, 0xfc, 0x00, 0x07, 0xfc, 0x0f, 0xf8, 0x00, 0x07, 0xff, 0xff,
	0xf0, 0x00, 0x03, 0xff, 0xff, 0xe0, 0x00, 0x00, 0xff, 0xff, 0xc0, 0x00,
	0x00, 0x7f, 0xff, 0x00, 0x00, 0x00, 0x0f, 0xfc, 0x00, 0x00, 0x00, 0x00,
	0x00, 0x00, 0x00, 0x00, 0x00, 0x00, 0x00, 0x00, 0x00, 0x00, 0x00, 0x00,
	0x00, 0x00, 0x00, 0x00, 0x00, 0x00, 0x00, 0x00, 0x00, 0x00, 0x00, 0x00,
	0x00, 0x00, 0x00, 0x00, 0x00, 0x00, 0x00, 0x00, 0x00, 0x00, 0x00, 0x00,
	0x00, 0x00, 0x00, 0x00, 0x00, 0x00, 0x00, 0x00, 0x00, 0x00, 0x00, 0x00,
	0x00, 0x00, 0x00, 0x00, 0x00, 0x00, 0x0f, 0x07, 0x00, 0x00, 0x00, 0x1f,
	0xc7, 0x00, 0x00, 0x00, 0x3f, 0xff, 0x00, 0x00, 0x00, 0x38, 0xfe, 0x00,
	0x00, 0x00, 0x38, 0x3c, 0x00, 0x00, 0x00, 0x00, 0x00, 0x00, 0x00, 0x00,
	0x00, 0x00, 0x00, 0x00, 0x00, 0x0f, 0xfc, 0x00, 0x00, 0x00, 0x3f, 0xff,
	0x00, 0x00, 0x00, 0xff, 0xff, 0xc0, 0x00, 0x03, 0xff, 0xff, 0xe0, 0x00,
	0x03, 0xff, 0xff, 0xf0, 0x00, 0x07, 0xfc, 0x0f, 0xf8, 0x00, 0x0f, 0xf8,
	0x07, 0xfc, 0x00, 0x0f, 0xf0, 0x03, 0xfc, 0x00, 0x1f, 0xe0, 0x01, 0xfe,
	0x00, 0x1f, 0xe0, 0x01, 0xfe, 0x00, 0x3f, 0xe0, 0x01, 0xff, 0x00, 0x3f,
	0xc0, 0x00, 0xff, 0x00, 0x3f, 0xc0, 0x00, 0xff, 0x00, 0x3f, 0xc0, 0x00,
	0xff, 0x00, 0x3f, 0xc0, 0x00, 0xff, 0x00, 0x3f, 0xc0, 0x00, 0xff, 0x00,
	0x3f, 0xc0, 0x00, 0xff, 0x00, 0x3f, 0xc0, 0x00, 0xff, 0x00, 0x3f, 0xc0,
	0x00, 0xff, 0x00, 0x3f, 0xe0, 0x01, 0xff, 0x00, 0x1f, 0xe0, 0x01, 0xfe,
	0x00, 0x1f, 0xe0, 0x01, 0xfe, 0x00, 0x1f, 0xf0, 0x03, 0xfe, 0x00, 0x0f,
	0xf8, 0x07, 0xfc, 0x00, 0x07, 0xfc, 0x0f, 0xf8, 0x00, 0x07, 0xff, 0xff,
	0xf0, 0x00, 0x03, 0xff, 0xff, 0xe0, 0x00, 0x00, 0xff, 0xff, 0xc0, 0x00,
	0x00, 0x7f, 0xff, 0x00, 0x00, 0x00, 0x0f, 0xfc, 0x00, 0x00, 0x00, 0x00,
	0x00, 0x00, 0x00, 0x00, 0x00, 0x00, 0x00, 0x00, 0x00, 0x00, 0x00, 0x00,
	0x00, 0x00, 0x00, 0x00, 0x00, 0x00, 0x00, 0x00, 0x00, 0x00, 0x00, 0x00,
	0x00, 0x00, 0x00, 0x00, 0x00, 0x00, 0x00, 0x00, 0x00, 0x00, 0x00, 0x00,
	0x00, 0x00, 0x00, 0x00, 0x00, 0x00, 0x00, 0x00, 0x00, 0x00, 0x00, 0x00,
	0x00, 0x00, 0x00, 0x00, 0x00, 0x00, 0x1f, 0x3e, 0x00, 0x00, 0x00, 0x1f,
	0x3e, 0x00, 0x00, 0x00, 0x1f, 0x3e, 0x00, 0x00, 0x00, 0x1f, 0x3e, 0x00,
	0x00, 0x00, 0x1f, 0x3e, 0x00, 0x00, 0x00, 0x00, 0x00, 0x00, 0x00, 0x00,
	0x00, 0x00, 0x00, 0x00, 0x00, 0x0f, 0xfc, 0x00, 0x00, 0x00, 0x3f, 0xff,
	0x00, 0x00, 0x00, 0xff, 0xff, 0xc0, 0x00, 0x03, 0xff, 0xff, 0xe0, 0x00,
	0x03, 0xff, 0xff, 0xf0, 0x00, 0x07, 0xfc, 0x0f, 0xf8, 0x00, 0x0f, 0xf8,
	0x07, 0xfc, 0x00, 0x0f, 0xf0, 0x03, 0xfc, 0x00, 0x1f, 0xe0, 0x01, 0xfe,
	0x00, 0x1f, 0xe0, 0x01, 0xfe, 0x00, 0x3f, 0xe0, 0x01, 0xff, 0x00, 0x3f,
	0xc0, 0x00, 0xff, 0x00, 0x3f, 0xc0, 0x00, 0xff, 0x00, 0x3f, 0xc0, 0x00,
	0xff, 0x00, 0x3f, 0xc0, 0x00, 0xff, 0x00, 0x3f, 0xc0, 0x00, 0xff, 0x00,
	0x3f, 0xc0, 0x00, 0xff, 0x00, 0x3f, 0xc0, 0x00, 0xff, 0x00, 0x3f, 0xc0,
	0x00, 0xff, 0x00, 0x3f, 0xe0, 0x01, 0xff, 0x00, 0x1f, 0xe0, 0x01, 0xfe,
	0x00, 0x1f, 0xe0, 0x01, 0xfe, 0x00, 0x1f, 0xf0, 0x03, 0xfe, 0x00, 0x0f,
	0xf8, 0x07, 0xfc, 0x00, 0x07, 0xfc, 0x0f, 0xf8, 0x00, 0x07, 0xff, 0xff,
	0xf0, 0x00, 0x03, 0xff, 0xff, 0xe0, 0x00, 0x00, 0xff, 0xff, 0xc0, 0x00,
	0x00, 0x7f, 0xff, 0x00, 0x00, 0x00, 0x0f, 0xfc, 0x00, 0x00, 0x00, 0x00,
	0x00, 0x00, 0x00, 0x00, 0x00, 0x00, 0x00, 0x00, 0x00, 0x00, 0x00, 0x00,
	0x00, 0x00, 0x00, 0x00, 0x00, 0x00, 0x00, 0x00, 0x00, 0x00, 0x00, 0x00,
	0x00, 0x00, 0x00, 0x00, 0x00, 0x00, 0x00, 0x00, 0x00, 0x00, 0x00, 0x00,
	0x00, 0x00, 0x00, 0x00, 0x00, 0x00, 0x00, 0x00, 0x00, 0x00, 0x00, 0x00,
	0x00, 0x00, 0x00, 0x00, 0x00, 0x00, 0x00, 0x00, 0x00, 0x00, 0x00, 0x00,
	0x00, 0x00, 0x00, 0x00, 0x00, 0x00, 0x00, 0x00, 0x00, 0x00, 0x00, 0x00,
	0x00, 0x00, 0x00, 0x00, 0x00, 0x00, 0x00, 0x00, 0x00, 0x00, 0x00, 0x00,
	0x00, 0x00, 0x00, 0x00, 0x00, 0x00, 0x00, 0x00, 0x00, 0x00, 0x00, 0x00,
	0x00, 0x00, 0x00, 0x00, 0x00, 0x00, 0x00, 0x00, 0x00, 0x00, 0x00, 0x00,
	0x00, 0x00, 0x00, 0x00, 0x00, 0x00, 0x00, 0x00, 0x00, 0x00, 0x00, 0x80,
	0x00, 0x40, 0x00, 0x01, 0xc0, 0x00, 0xe0, 0x00, 0x03, 0xe0, 0x01, 0xf0,
	0x00, 0x07, 0xf0, 0x03, 0xf8, 0x00, 0x03, 0xf8, 0x07, 0xf0, 0x00, 0x01,
	0xfc, 0x0f, 0xe0, 0x00, 0x00, 0xfe, 0x1f, 0xc0, 0x00, 0x00, 0x7f, 0x3f,
	0x80, 0x00, 0x00, 0x3f, 0xff, 0x00, 0x00, 0x00, 0x0f, 0xfc, 0x00, 0x00,
	0x00, 0x07, 0xf8, 0x00, 0x00, 0x00, 0x03, 0xf0, 0x00, 0x00, 0x00, 0x07,
	0xf8, 0x00, 0x00, 0x00, 0x0f, 0xfc, 0x00, 0x00, 0x00, 0x1f, 0xfe, 0x00,
	0x00, 0x00, 0x7f, 0x3f, 0x80, 0x00, 0x00, 0xfe, 0x1f, 0xc0, 0x00, 0x01,
	0xfc, 0x0f, 0xe0, 0x00, 0x03, 0xf8, 0x07, 0xf0, 0x00, 0x07, 0xf0, 0x03,
	0xf8, 0x00, 0x03, 0xe0, 0x01, 0xf0, 0x00, 0x01, 0xc0, 0x00, 0xe0, 0x00,
	0x00, 0x80, 0x00, 0x40, 0x00, 0x00, 0x00, 0x00, 0x00, 0x00, 0x00, 0x00,
	0x00, 0x00, 0x00, 0x00, 0x00, 0x00, 0x00, 0x00, 0x00, 0x00, 0x00, 0x00,
	0x00, 0x00, 0x00, 0x00, 0x00, 0x00, 0x00, 0x00, 0x00, 0x00, 0x00, 0x00,
	0x00, 0x00, 0x00, 0x00, 0x00, 0x00, 0x00, 0x00, 0x00, 0x00, 0x00, 0x00,
	0x00, 0x00, 0x00, 0x00, 0x00, 0x00, 0x00, 0x00, 0x00, 0x00, 0x00, 0x00,
	0x00, 0x00, 0x00, 0x00, 0x00, 0x00, 0x00, 0x00, 0x00, 0x00, 0x00, 0x00,
	0x00, 0x00, 0x00, 0x00, 0x00, 0x00, 0x00, 0x00, 0x00, 0x00, 0x00, 0x00,
	0x00, 0x00, 0x00, 0x00, 0x00, 0x00, 0x00, 0x00, 0x00, 0x00, 0x00, 0x00,
	0x00, 0x00, 0x02, 0x00, 0x00, 0x0f, 0xfc, 0x07, 0x00, 0x00, 0x3f, 0xff,
	0x8f, 0x80, 0x00, 0xff, 0xff, 0xdf, 0x00, 0x01, 0xff, 0xff, 0xfc, 0x00,
	0x03, 0xff, 0xff, 0xf8, 0x00, 0x07, 0xfc, 0x0f, 0xf8, 0x00, 0x0f, 0xf8,
	0x07, 0xfc, 0x00, 0x0f, 0xf0, 0x03, 0xfe, 0x00, 0x1f, 0xe0, 0x07, 0xfe,
	0x00, 0x1f, 0xe0, 0x0f, 0xfe, 0x00, 0x1f, 0xe0, 0x1f, 0xff, 0x00, 0x3f,
	0xc0, 0x3c, 0xff, 0x00, 0x3f, 0xc0, 0x78, 0xff, 0x00, 0x3f, 0xc0, 0xf0,
	0xff, 0x00, 0x3f, 0xc1, 0xf0, 0xff, 0x00, 0x3f, 0xc3, 0xe0, 0xff, 0x00,
	0x3f, 0xc7, 0xc0, 0xff, 0x00, 0x3f, 0xcf, 0x80, 0xff, 0x00, 0x3f, 0xdf,
	0x00, 0xff, 0x00, 0x3f, 0xfe, 0x01, 0xfe, 0x00, 0x1f, 0xfc, 0x01, 0xfe,
	0x00, 0x1f, 0xf8, 0x01, 0xfe, 0x00, 0x1f, 0xf0, 0x03, 0xfc, 0x00, 0x0f,
	0xf8, 0x07, 0xfc, 0x00, 0x0f, 0xfc, 0x0f, 0xf8, 0x00, 0x07, 0xff, 0xff,
	0xf0, 0x00, 0x0f, 0xff, 0xff, 0xe0, 0x00, 0x1e, 0xff, 0xff, 0xc0, 0x00,
	0x3c, 0x7f, 0xff, 0x00, 0x00, 0x78, 0x0f, 0xfc, 0x00, 0x00, 0x10, 0x00,
	0x00, 0x00, 0x00, 0x00, 0x00, 0x00, 0x00, 0x00, 0x00, 0x00, 0x00, 0x00,
	0x00, 0x00, 0x00, 0x00, 0x00, 0x00, 0x00, 0x00, 0x00, 0x00, 0x00, 0x00,
	0x00, 0x00, 0x00, 0x00, 0x00, 0x00, 0x00, 0x00, 0x00, 0x00, 0x00, 0x00,
	0x00, 0x00, 0x00, 0x00, 0x00, 0x00, 0x00, 0x00, 0x00, 0x00, 0x00, 0x00,
	0x00, 0x00, 0x00, 0x00, 0x00, 0x3e, 0x00, 0x00, 0x00, 0x1e, 0x00, 0x00,
	0x00, 0x0f, 0x00, 0x00, 0x00, 0x07, 0x80, 0x00, 0x00, 0x03, 0xc0, 0x00,
	0x00, 0x00, 0x00, 0x00, 0x00, 0x00, 0x00, 0x00, 0x00, 0x00, 0x00, 0x00,
	0x0f, 0xf0, 0x07, 0xf8, 0x0f, 0xf0, 0x07, 0xf8, 0x0f, 0xf0, 0x07, 0xf8,
	0x0f, 0xf0, 0x07, 0xf8, 0x0f, 0xf0, 0x07, 0xf8, 0x0f, 0xf0, 0x07, 0xf8,
	0x0f, 0xf0, 0x07, 0xf8, 0x0f, 0xf0, 0x07, 0xf8, 0x0f, 0xf0, 0x07, 0xf8,
	0x0f, 0xf0, 0x07, 0xf8, 0x0f, 0xf0, 0x07, 0xf8, 0x0f, 0xf0, 0x07, 0xf8,
	0x0f, 0xf0, 0x07, 0xf8, 0x0f, 0xf0, 0x07, 0xf8, 0x0f, 0xf0, 0x07, 0xf8,
	0x0f, 0xf0, 0x07, 0xf8, 0x0f, 0xf0, 0x07, 0xf8, 0x0f, 0xf0, 0x07, 0xf8,
	0x0f, 0xf0, 0x07, 0xf8, 0x0f, 0xf0, 0x07, 0xf8, 0x0f, 0xf0, 0x07, 0xf8,
	0x0f, 0xf8, 0x0f, 0xf0, 0x07, 0xf8, 0x0f, 0xf0, 0x07, 0xfc, 0x1f, 0xf0,
	0x03, 0xff, 0xff, 0xe0, 0x03, 0xff, 0xff, 0xc0, 0x01, 0xff, 0xff, 0xc0,
	0x00, 0x7f, 0xff, 0x00, 0x00, 0x0f, 0xf8, 0x00, 0x00, 0x00, 0x00, 0x00,
	0x00, 0x00, 0x00, 0x00, 0x00, 0x00, 0x00, 0x00, 0x00, 0x00, 0x00, 0x00,
	0x00, 0x00, 0x00, 0x00, 0x00, 0x00, 0x00, 0x00, 0x00, 0x00, 0x00, 0x00,
	0x00, 0x00, 0x00, 0x00, 0x00, 0x00, 0x00, 0x00, 0x00, 0x00, 0x00, 0x00,
	0x00, 0x00, 0x00, 0x00, 0x00, 0x00, 0xf8, 0x00, 0x00, 0x00, 0xf0, 0x00,
	0x00, 0x01, 0xe0, 0x00, 0x00, 0x03, 0xc0, 0x00, 0x00, 0x07, 0x80, 0x00,
	0x00, 0x00, 0x00, 0x00, 0x00, 0x00, 0x00, 0x00, 0x00, 0x00, 0x00, 0x00,
	0x0f, 0xf0, 0x07, 0xf8, 0x0f, 0xf0, 0x07, 0xf8, 0x0f, 0xf0, 0x07, 0xf8,
	0x0f, 0xf0, 0x07, 0xf8, 0x0f, 0xf0, 0x07, 0xf8, 0x0f, 0xf0, 0x07, 0xf8,
	0x0f, 0xf0, 0x07, 0xf8, 0x0f, 0xf0, 0x07, 0xf8, 0x0f, 0xf0, 0x07, 0xf8,
	0x0f, 0xf0, 0x07, 0xf8, 0x0f, 0xf0, 0x07, 0xf8, 0x0f, 0xf0, 0x07, 0xf8,
	0x0f, 0xf0, 0x07, 0xf8, 0x0f, 0xf0, 0x07, 0xf8, 0x0f, 0xf0, 0x07, 0xf8,
	0x0f, 0xf0, 0x07, 0xf8, 0x0f, 0xf0, 0x07, 0xf8, 0x0f, 0xf0, 0x07, 0xf8,
	0x0f, 0xf0, 0x07, 0xf8, 0x0f, 0xf0, 0x07, 0xf8, 0x0f, 0xf0, 0x07, 0xf8,
	0x0f, 0xf8, 0x0f, 0xf0, 0x07, 0xf8, 0x0f, 0xf0, 0x07, 0xfc, 0x1f, 0xf0,
	0x03, 0xff, 0xff, 0xe0, 0x03, 0xff, 0xff, 0xc0, 0x01, 0xff, 0xff, 0xc0,
	0x00, 0x7f, 0xff, 0x00, 0x00, 0x0f, 0xf8, 0x00, 0x00, 0x00, 0x00, 0x00,
	0x00, 0x00, 0x00, 0x00, 0x00, 0x00, 0x00, 0x00, 0x00, 0x00, 0x00, 0x00,
	0x00, 0x00, 0x00, 0x00, 0x00, 0x00, 0x00, 0x00, 0x00, 0x00, 0x00, 0x00,
	0x00, 0x00, 0x00, 0x00, 0x00, 0x00, 0x00, 0x00, 0x00, 0x00, 0x00, 0x00,
	0x00, 0x00, 0x00, 0x00, 0x00, 0x07, 0xf0, 0x00, 0x00, 0x0f, 0xf8, 0x00,
	0x00, 0x1f, 0x7c, 0x00, 0x00, 0x3c, 0x3e, 0x00, 0x00, 0x78, 0x0f, 0x00,
	0x00, 0x00, 0x00, 0x00, 0x00, 0x00, 0x00, 0x00, 0x00, 0x00, 0x00, 0x00,
	0x0f, 0xf0, 0x07, 0xf8, 0x0f, 0xf0, 0x07, 0xf8, 0x0f, 0xf0, 0x07, 0xf8,
	0x0f, 0xf0, 0x07, 0xf8, 0x0f, 0xf0, 0x07, 0xf8, 0x0f, 0xf0, 0x07, 0xf8,
	0x0f, 0xf0, 0x07, 0xf8, 0x0f, 0xf0, 0x07, 0xf8, 0x0f, 0xf0, 0x07, 0xf8,
	0x0f, 0xf0, 0x07, 0xf8, 0x0f, 0xf0, 0x07, 0xf8, 0x0f, 0xf0, 0x07, 0xf8,
	0x0f, 0xf0, 0x07, 0xf8, 0x0f, 0xf0, 0x07, 0xf8, 0x0f, 0xf0, 0x07, 0xf8,
	0x0f, 0xf0, 0x07, 0xf8, 0x0f, 0xf0, 0x07, 0xf8, 0x0f, 0xf0, 0x07, 0xf8,
	0x0f, 0xf0, 0x07, 0xf8, 0x0f, 0xf0, 0x07, 0xf8, 0x0f, 0xf0, 0x07, 0xf8,
	0x0f, 0xf8, 0x0f, 0xf0, 0x07, 0xf8, 0x0f, 0xf0, 0x07, 0xfc, 0x1f, 0xf0,
	0x03, 0xff, 0xff, 0xe0, 0x03, 0xff, 0xff, 0xc0, 0x01, 0xff, 0xff, 0xc0,
	0x00, 0x7f, 0xff, 0x00, 0x00, 0x0f, 0xf8, 0x00, 0x00, 0x00, 0x00, 0x00,
	0x00, 0x00, 0x00, 0x00, 0x00, 0x00, 0x00, 0x00, 0x00, 0x00, 0x00, 0x00,
	0x00, 0x00, 0x00, 0x00, 0x00, 0x00, 0x00, 0x00, 0x00, 0x00, 0x00, 0x00,
	0x00, 0x00, 0x00, 0x00, 0x00, 0x00, 0x00, 0x00, 0x00, 0x00, 0x00, 0x00,
	0x00, 0x00, 0x00, 0x00, 0x00, 0x3e, 0x3e, 0x00, 0x00, 0x3e, 0x3e, 0x00,
	0x00, 0x3e, 0x3e, 0x00, 0x00, 0x3e, 0x3e, 0x00, 0x00, 0x3e, 0x3e, 0x00,
	0x00, 0x00, 0x00, 0x00, 0x00, 0x00, 0x00, 0x00, 0x00, 0x00, 0x00, 0x00,
	0x0f, 0xf0, 0x07, 0xf8, 0x0f, 0xf0, 0x07, 0xf8, 0x0f, 0xf0, 0x07, 0xf8,
	0x0f, 0xf0, 0x07, 0xf8, 0x0f, 0xf0, 0x07, 0xf8, 0x0f, 0xf0, 0x07, 0xf8,
	0x0f, 0xf0, 0x07, 0xf8, 0x0f, 0xf0, 0x07, 0xf8, 0x0f, 0xf0, 0x07, 0xf8,
	0x0f, 0xf0, 0x07, 0xf8, 0x0f, 0xf0, 0x07, 0xf8, 0x0f, 0xf0, 0x07, 0xf8,
	0x0f, 0xf0, 0x07, 0xf8, 0x0f, 0xf0, 0x07, 0xf8, 0x0f, 0xf0, 0x07, 0xf8,
	0x0f, 0xf0, 0x07, 0xf8, 0x0f, 0xf0, 0x07, 0xf8, 0x0f, 0xf0, 0x07, 0xf8,
	0x0f, 0xf0, 0x07, 0xf8, 0x0f, 0xf0, 0x07, 0xf8, 0x0f, 0xf0, 0x07, 0xf8,
	0x0f, 0xf8, 0x0f, 0xf0, 0x07, 0xf8, 0x0f, 0xf0, 0x07, 0xfc, 0x1f, 0xf0,
	0x03, 0xff, 0xff, 0xe0, 0x03, 0xff, 0xff, 0xc0, 0x01, 0xff, 0xff, 0xc0,
	0x00, 0x7f, 0xff, 0x00, 0x00, 0x0f, 0xf8, 0x00, 0x00, 0x00, 0x00, 0x00,
	0x00, 0x00, 0x00, 0x00, 0x00, 0x00, 0x00, 0x00, 0x00, 0x00, 0x00, 0x00,
	0x00, 0x00, 0x00, 0x00, 0x00, 0x00, 0x00, 0x00, 0x00, 0x00, 0x00, 0x00,
	0x00, 0x00, 0x00, 0x00, 0x00, 0x00, 0x00, 0x00, 0x00, 0x00, 0x00, 0x00,
	0x00, 0x00, 0x00, 0x00, 0x00, 0x03, 0xe0, 0x00, 0x00, 0x03, 0xc0, 0x00,
	0x00, 0x07, 0x80, 0x00, 0x00, 0x0f, 0x00, 0x00, 0x00, 0x1e, 0x00, 0x00,
	0x00, 0x00, 0x00, 0x00, 0x00, 0x00, 0x00, 0x00, 0x00, 0x00, 0x00, 0x00,
	0xff, 0x80, 0x07, 0xf8, 0x7f, 0x80, 0x07, 0xf8, 0x3f, 0xc0, 0x0f, 0xf0,
	0x3f, 0xe0, 0x1f, 0xf0, 0x1f, 0xe0, 0x1f, 0xe0, 0x0f, 0xf0, 0x3f, 0xc0,
	0x0f, 0xf8, 0x7f, 0xc0, 0x07, 0xf8, 0x7f, 0x80, 0x03, 0xfc, 0xff, 0x00,
	0x03, 0xfc, 0xff, 0x00, 0x01, 0xff, 0xfe, 0x00, 0x00, 0xff, 0xfc, 0x00,
	0x00, 0xff, 0xfc, 0x00, 0x00, 0x7f, 0xf8, 0x00, 0x00, 0x7f, 0xf8, 0x00,
	0x00, 0x3f, 0xf0, 0x00, 0x00, 0x1f, 0xe0, 0x00, 0x00, 0x1f, 0xe0, 0x00,
	0x00, 0x1f, 0xe0, 0x00, 0x00, 0x1f, 0xe0, 0x00, 0x00, 0x1f, 0xe0, 0x00,
	0x00, 0x1f, 0xe0, 0x00, 0x00, 0x1f, 0xe0, 0x00, 0x00, 0x1f, 0xe0, 0x00,
	0x00, 0x1f, 0xe0, 0x00, 0x00, 0x1f, 0xe0, 0x00, 0x00, 0x1f, 0xe0, 0x00,
	0x00, 0x1f, 0xe0, 0x00, 0x00, 0x1f, 0xe0, 0x00, 0x00, 0x00, 0x00, 0x00,
	0x00, 0x00, 0x00, 0x00, 0x00, 0x00, 0x00, 0x00, 0x00, 0x00, 0x00, 0x00,
	0x00, 0x00, 0x00, 0x00, 0x00, 0x00, 0x00, 0x00, 0x00, 0x00, 0x00, 0x00,
	0x00, 0x00, 0x00, 0x00, 0x00, 0x00, 0x00, 0x00, 0x00, 0x00, 0x00, 0x00,
	0x00, 0x00, 0x00, 0x00, 0x00, 0x00, 0x00, 0x00, 0x00, 0x00, 0x00, 0x00,
	0x00, 0x00, 0x00, 0x00, 0x00, 0x00, 0x00, 0x00, 0x00, 0x00, 0x00, 0x00,
	0x00, 0x00, 0x00, 0x00, 0x00, 0x00, 0x00, 0x00, 0x00, 0x00, 0x00, 0x00,
	0x0f, 0xf0, 0x00, 0x00, 0x0f, 0xf0, 0x00, 0x00, 0x0f, 0xf0, 0x00, 0x00,
	0x0f, 0xf0, 0x00, 0x00, 0x0f, 0xf0, 0x00, 0x00, 0x0f, 0xff, 0xf8, 0x00,
	0x0f, 0xff, 0xff, 0x00, 0x0f, 0xff, 0xff, 0x80, 0x0f, 0xff, 0xff, 0xc0,
	0x0f, 0xff, 0xff, 0xe0, 0x0f, 0xf0, 0x3f, 0xe0, 0x0f, 0xf0, 0x1f, 0xf0,
	0x0f, 0xf0, 0x0f, 0xf0, 0x0f, 0xf0, 0x0f, 0xf0, 0x0f, 0xf0, 0x0f, 0xf0,
	0x0f, 0xf0, 0x0f, 0xf0, 0x0f, 0xf0, 0x0f, 0xf0, 0x0f, 0xf0, 0x1f, 0xf0,
	0x0f, 0xf0, 0x3f, 0xe0, 0x0f, 0xff, 0xff, 0xe0, 0x0f, 0xff, 0xff, 0xc0,
	0x0f, 0xff, 0xff, 0x80, 0x0f, 0xff, 0xff, 0x00, 0x0f, 0xff, 0xf8, 0x00,
	0x0f, 0xf0, 0x00, 0x00, 0x0f, 0xf0, 0x00, 0x00, 0x0f, 0xf0, 0x00, 0x00,
	0x0f, 0xf0, 0x00, 0x00, 0x0f, 0xf0, 0x00, 0x00, 0x00, 0x00, 0x00, 0x00,
	0x00, 0x00, 0x00, 0x00, 0x00, 0x00, 0x00, 0x00, 0x00, 0x00, 0x00, 0x00,
	0x00, 0x00, 0x00, 0x00, 0x00, 0x00, 0x00, 0x00, 0x00, 0x00, 0x00, 0x00,
	0x00, 0x00, 0x00, 0x00, 0x00, 0x00, 0x00, 0x00, 0x00, 0x00, 0x00, 0x00,
	0x00, 0x00, 0x00, 0x00, 0x00, 0x00, 0x00, 0x00, 0x00, 0x00, 0x00, 0x00,
	0x00, 0x00, 0x00, 0x00, 0x00, 0x00, 0x00, 0x00, 0x00, 0x00, 0x00, 0x00,
	0x00, 0x00, 0x00, 0x00, 0x00, 0x00, 0x00, 0x00, 0x00, 0x7f, 0xc0, 0x00,
	0x01, 0xff, 0xf0, 0x00, 0x07, 0xff, 0xfc, 0x00, 0x0f, 0xff, 0xfe, 0x00,
	0x0f, 0xff, 0xfe, 0x00, 0x1f, 0xf0, 0xff, 0x00, 0x1f, 0xe0, 0x3f, 0x00,
	0x1f, 0xc0, 0x3f, 0x00, 0x1f, 0xc0, 0x7f, 0x00, 0x1f, 0xc1, 0xff, 0x00,
	0x1f, 0xc7, 0xf8, 0x00, 0x1f, 0xc7, 0xe0, 0x00, 0x1f, 0xcf, 0xc0, 0x00,
	0x1f, 0xcf, 0xc0, 0x00, 0x1f, 0xcf, 0xe0, 0x00, 0x1f, 0xcf, 0xf8, 0x00,
	0x1f, 0xc7, 0xfe, 0x00, 0x1f, 0xc7, 0xff, 0x00, 0x1f, 0xc1, 0xff, 0xc0,
	0x1f, 0xc0, 0x7f, 0xc0, 0x1f, 0xc0, 0x1f, 0xe0, 0x1f, 0xc0, 0x0f, 0xe0,
	0x1f, 0xc0, 0x0f, 0xe0, 0x1f, 0xc0, 0x0f, 0xe0, 0x1f, 0xcc, 0x1f, 0xe0,
	0x1f, 0xcf, 0xff, 0xe0, 0x1f, 0xcf, 0xff, 0xc0, 0x1f, 0xcf, 0xff, 0xc0,
	0x1f, 0xcf, 0xff, 0x00, 0x1f, 0xc3, 0xfc, 0x00, 0x00, 0x00, 0x00, 0x00,
	0x00, 0x00, 0x00, 0x00, 0x00, 0x00, 0x00, 0x00, 0x00, 0x00, 0x00, 0x00,
	0x00, 0x00, 0x00, 0x00, 0x00, 0x00, 0x00, 0x00, 0x00, 0x00, 0x00, 0x00,
	0x00, 0x00, 0x00, 0x00, 0x00, 0x00, 0x00, 0x00, 0x00, 0x00, 0x00, 0x00,
	0x00, 0x00, 0x00, 0x00, 0x00, 0x00, 0x00, 0x00, 0x00, 0x00, 0x00, 0x00,
	0x00, 0x00, 0x00, 0x00, 0x00, 0x00, 0x00, 0x00, 0x00, 0x00, 0x00, 0x00,
	0x03, 0xf0, 0x00, 0x00, 0x00, 0xf8, 0x00, 0x00, 0x00, 0x78, 0x00, 0x00,
	0x00, 0x3c, 0x00, 0x00, 0x00, 0x1e, 0x00, 0x00, 0x00, 0x0f, 0x00, 0x00,
	0x00, 0x07, 0x80, 0x00, 0x00, 0x00, 0x00, 0x00, 0x00, 0x00, 0x00, 0x00,
	0x00, 0xff, 0xc0, 0x00, 0x07, 0xff, 0xf0, 0x00, 0x0f, 0xff, 0xfc, 0x00,
	0x0f, 0xff, 0xfe, 0x00, 0x0f, 0xff, 0xfe, 0x00, 0x0f, 0x01, 0xfe, 0x00,
	0x08, 0x00, 0x7f, 0x00, 0x00, 0x00, 0x7f, 0x00, 0x00, 0xff, 0xff, 0x00,
	0x07, 0xff, 0xff, 0x00, 0x0f, 0xff, 0xff, 0x00, 0x1f, 0xff, 0xff, 0x00,
	0x1f, 0xe0, 0x7f, 0x00, 0x3f, 0x80, 0x7f, 0x00, 0x3f, 0x80, 0x7f, 0x00,
	0x3f, 0x80, 0xff, 0x00, 0x3f, 0x80, 0xff, 0x00, 0x3f, 0xc3, 0xff, 0x00,
	0x3f, 0xff, 0xff, 0x00, 0x1f, 0xff, 0xff, 0x00, 0x0f, 0xff, 0x7f, 0x00,
	0x07, 0xfe, 0x7f, 0x00, 0x01, 0xf8, 0x7f, 0x00, 0x00, 0x00, 0x00, 0x00,
	0x00, 0x00, 0x00, 0x00, 0x00, 0x00, 0x00, 0x00, 0x00, 0x00, 0x00, 0x00,
	0x00, 0x00, 0x00, 0x00, 0x00, 0x00, 0x00, 0x00, 0x00, 0x00, 0x00, 0x00,
	0x00, 0x00, 0x00, 0x00, 0x00, 0x00, 0x00, 0x00, 0x00, 0x00, 0x00, 0x00,
	0x00, 0x00, 0x00, 0x00, 0x00, 0x00, 0x00, 0x00, 0x00, 0x00, 0x00, 0x00,
	0x00, 0x00, 0x00, 0x00, 0x00, 0x00, 0x00, 0x00, 0x00, 0x00, 0x00, 0x00,
	0x00, 0x00, 0xfc, 0x00, 0x00, 0x01, 0xf0, 0x00, 0x00, 0x01, 0xe0, 0x00,
	0x00, 0x03, 0xc0, 0x00, 0x00, 0x07, 0x80, 0x00, 0x00, 0x0f, 0x00, 0x00,
	0x00, 0x1e, 0x00, 0x00, 0x00, 0x00, 0x00, 0x00, 0x00, 0x00, 0x00, 0x00,
	0x00, 0xff, 0xc0, 0x00, 0x07, 0xff, 0xf0, 0x00, 0x0f, 0xff, 0xfc, 0x00,
	0x0f, 0xff, 0xfe, 0x00, 0x0f, 0xff, 0xfe, 0x00, 0x0f, 0x01, 0xfe, 0x00,
	0x08, 0x00, 0x7f, 0x00, 0x00, 0x00, 0x7f, 0x00, 0x00, 0xff, 0xff, 0x00,
	0x07, 0xff, 0xff, 0x00, 0x0f, 0xff, 0xff, 0x00, 0x1f, 0xff, 0xff, 0x00,
	0x1f, 0xe0, 0x7f, 0x00, 0x3f, 0x80, 0x7f, 0x00, 0x3f, 0x80, 0x7f, 0x00,
	0x3f, 0x80, 0xff, 0x00, 0x3f, 0x80, 0xff, 0x00, 0x3f, 0xc3, 0xff, 0x00,
	0x3f, 0xff, 0xff, 0x00, 0x1f, 0xff, 0xff, 0x00, 0x0f, 0xff, 0x7f, 0x00,
	0x07, 0xfe, 0x7f, 0x00, 0x01, 0xf8, 0x7f, 0x00, 0x00, 0x00, 0x00, 0x00,
	0x00, 0x00, 0x00, 0x00, 0x00, 0x00, 0x00, 0x00, 0x00, 0x00, 0x00, 0x00,
	0x00, 0x00, 0x00, 0x00, 0x00, 0x00, 0x00, 0x00, 0x00, 0x00, 0x00, 0x00,
	0x00, 0x00, 0x00, 0x00, 0x00, 0x00, 0x00, 0x00, 0x00, 0x00, 0x00, 0x00,
	0x00, 0x00, 0x00, 0x00, 0x00, 0x00, 0x00, 0x00, 0x00, 0x00, 0x00, 0x00,
	0x00, 0x00, 0x00, 0x00, 0x00, 0x00, 0x00, 0x00, 0x00, 0x00, 0x00, 0x00,
	0x00, 0x0f, 0x80, 0x00, 0x00, 0x1f, 0xc0, 0x00, 0x00, 0x3f, 0xe0, 0x00,
	0x00, 0x3d, 0xe0, 0x00, 0x00, 0x78, 0xf0, 0x00, 0x00, 0xf0, 0x78, 0x00,
	0x01, 0xe0, 0x3c, 0x00, 0x00, 0x00, 0x00, 0x00, 0x00, 0x00, 0x00, 0x00,
	0x00, 0xff, 0xc0, 0x00, 0x07, 0xff, 0xf0, 0x00, 0x0f, 0xff, 0xfc, 0x00,
	0x0f, 0xff, 0xfe, 0x00, 0x0f, 0xff, 0xfe, 0x00, 0x0f, 0x01, 0xfe, 0x00,
	0x08, 0x00, 0x7f, 0x00, 0x00, 0x00, 0x7f, 0x00, 0x00, 0xff, 0xff, 0x00,
	0x07, 0xff, 0xff, 0x00, 0x0f, 0xff, 0xff, 0x00, 0x1f, 0xff, 0xff, 0x00,
	0x1f, 0xe0, 0x7f, 0x00, 0x3f, 0x80, 0x7f, 0x00, 0x3f, 0x80, 0x7f, 0x00,
	0x3f, 0x80, 0xff, 0x00, 0x3f, 0x80, 0xff, 0x00, 0x3f, 0xc3, 0xff, 0x00,
	0x3f, 0xff, 0xff, 0x00, 0x1f, 0xff, 0xff, 0x00, 0x0f, 0xff, 0x7f, 0x00,
	0x07, 0xfe, 0x7f, 0x00, 0x01, 0xf8, 0x7f, 0x00, 0x00, 0x00, 0x00, 0x00,
	0x00, 0x00, 0x00, 0x00, 0x00, 0x00, 0x00, 0x00, 0x00, 0x00, 0x00, 0x00,
	0x00, 0x00, 0x00, 0x00, 0x00, 0x00, 0x00, 0x00, 0x00, 0x00, 0x00, 0x00,
	0x00, 0x00, 0x00, 0x00, 0x00, 0x00, 0x00, 0x00, 0x00, 0x00, 0x00, 0x00,
	0x00, 0x00, 0x00, 0x00, 0x00, 0x00, 0x00, 0x00, 0x00, 0x00, 0x00, 0x00,
	0x00, 0x00, 0x00, 0x00, 0x00, 0x00, 0x00, 0x00, 0x00, 0x00, 0x00, 0x00,
	0x00, 0x78, 0x38, 0x00, 0x00, 0xfc, 0x38, 0x00, 0x00, 0xfe, 0x78, 0x00,
	0x01, 0xcf, 0xf0, 0x00, 0x01, 0xc3, 0xf0, 0x00, 0x01, 0xc1, 0xe0, 0x00,
	0x00, 0x00, 0x00, 0x00, 0x00, 0x00, 0x00, 0x00, 0x00, 0x00, 0x00, 0x00,
	0x00, 0xff, 0xc0, 0x00, 0x07, 0xff, 0xf0, 0x00, 0x0f, 0xff, 0xfc, 0x00,
	0x0f, 0xff, 0xfe, 0x00, 0x0f, 0xff, 0xfe, 0x00, 0x0f, 0x01, 0xfe, 0x00,
	0x08, 0x00, 0x7f, 0x00, 0x00, 0x00, 0x7f, 0x00, 0x00, 0xff, 0xff, 0x00,
	0x07, 0xff, 0xff, 0x00, 0x0f, 0xff, 0xff, 0x00, 0x1f, 0xff, 0xff, 0x00,
	0x1f, 0xe0, 0x7f, 0x00, 0x3f, 0x80, 0x7f, 0x00, 0x3f, 0x80, 0x7f, 0x00,
	0x3f, 0x80, 0xff, 0x00, 0x3f, 0x80, 0xff, 0x00, 0x3f, 0xc3, 0xff, 0x00,
	0x3f, 0xff, 0xff, 0x00, 0x1f, 0xff, 0xff, 0x00, 0x0f, 0xff, 0x7f, 0x00,
	0x07, 0xfe, 0x7f, 0x00, 0x01, 0xf8, 0x7f, 0x00, 0x00, 0x00, 0x00, 0x00,
	0x00, 0x00, 0x00, 0x00, 0x00, 0x00, 0x00, 0x00, 0x00, 0x00, 0x00, 0x00,
	0x00, 0x00, 0x00, 0x00, 0x00, 0x00, 0x00, 0x00, 0x00, 0x00, 0x00, 0x00,
	0x00, 0x00, 0x00, 0x00, 0x00, 0x00, 0x00, 0x00, 0x00, 0x00, 0x00, 0x00,
	0x00, 0x00, 0x00, 0x00, 0x00, 0x00, 0x00, 0x00, 0x00, 0x00, 0x00, 0x00,
	0x00, 0x00, 0x00, 0x00, 0x00, 0x00, 0x00, 0x00, 0x00, 0x00, 0x00, 0x00,
	0x00, 0x00, 0x00, 0x00, 0x00, 0xf8, 0xf8, 0x00, 0x00, 0xf8, 0xf8, 0x00,
	0x00, 0xf8, 0xf8, 0x00, 0x00, 0xf8, 0xf8, 0x00, 0x00, 0xf8, 0xf8, 0x00,
	0x00, 0x00, 0x00, 0x00, 0x00, 0x00, 0x00, 0x00, 0x00, 0x00, 0x00, 0x00,
	0x00, 0xff, 0xc0, 0x00, 0x07, 0xff, 0xf0, 0x00, 0x0f, 0xff, 0xfc, 0x00,
	0x0f, 0xff, 0xfe, 0x00, 0x0f, 0xff, 0xfe, 0x00, 0x0f, 0x01, 0xfe, 0x00,
	0x08, 0x00, 0x7f, 0x00, 0x00, 0x00, 0x7f, 0x00, 0x00, 0xff, 0xff, 0x00,
	0x07, 0xff, 0xff, 0x00, 0x0f, 0xff, 0xff, 0x00, 0x1f, 0xff, 0xff, 0x00,
	0x1f, 0xe0, 0x7f, 0x00, 0x3f, 0x80, 0x7f, 0x00, 0x3f, 0x80, 0x7f, 0x00,
	0x3f, 0x80, 0xff, 0x00, 0x3f, 0x80, 0xff, 0x00, 0x3f, 0xc3, 0xff, 0x00,
	0x3f, 0xff, 0xff, 0x00, 0x1f, 0xff, 0xff, 0x00, 0x0f, 0xff, 0x7f, 0x00,
	0x07, 0xfe, 0x7f, 0x00, 0x01, 0xf8, 0x7f, 0x00, 0x00, 0x00, 0x00, 0x00,
	0x00, 0x00, 0x00, 0x00, 0x00, 0x00, 0x00, 0x00, 0x00, 0x00, 0x00, 0x00,
	0x00, 0x00, 0x00, 0x00, 0x00, 0x00, 0x00, 0x00, 0x00, 0x00, 0x00, 0x00,
	0x00, 0x00, 0x00, 0x00, 0x00, 0x00, 0x00, 0x00, 0x00, 0x00, 0x00, 0x00,
	0x00, 0x00, 0x00, 0x00, 0x00, 0x00, 0x00, 0x00, 0x00, 0x1f, 0x00, 0x00,
	0x00, 0x3f, 0x80, 0x00, 0x00, 0x7f, 0xc0, 0x00, 0x00, 0xf1, 0xe0, 0x00,
	0x00, 0xe0, 0xe0, 0x00, 0x00, 0xe0, 0xe0, 0x00, 0x00, 0xe0, 0xe0, 0x00,
	0x00, 0xf1, 0xe0, 0x00, 0x00, 0x7f, 0xc0, 0x00, 0x00, 0x3f, 0x80, 0x00,
	0x00, 0x1f, 0x00, 0x00, 0x00, 0x00, 0x00, 0x00, 0x00, 0x00, 0x00, 0x00,
	0x00, 0xff, 0xc0, 0x00, 0x07, 0xff, 0xf0, 0x00, 0x0f, 0xff, 0xfc, 0x00,
	0x0f, 0xff, 0xfe, 0x00, 0x0f, 0xff, 0xfe, 0x00, 0x0f, 0x01, 0xfe, 0x00,
	0x08, 0x00, 0x7f, 0x00, 0x00, 0x00, 0x7f, 0x00, 0x00, 0xff, 0xff, 0x00,
	0x07, 0xff, 0xff, 0x00, 0x0f, 0xff, 0xff, 0x00, 0x1f, 0xff, 0xff, 0x00,
	0x1f, 0xe0, 0x7f, 0x00, 0x3f, 0x80, 0x7f, 0x00, 0x3f, 0x80, 0x7f, 0x00,
	0x3f, 0x80, 0xff, 0x00, 0x3f, 0x80, 0xff, 0x00, 0x3f, 0xc3, 0xff, 0x00,
	0x3f, 0xff, 0xff, 0x00, 0x1f, 0xff, 0xff, 0x00, 0x0f, 0xff, 0x7f, 0x00,
	0x07, 0xfe, 0x7f, 0x00, 0x01, 0xf8, 0x7f, 0x00, 0x00, 0x00, 0x00, 0x00,
	0x00, 0x00, 0x00, 0x00, 0x00, 0x00, 0x00, 0x00, 0x00, 0x00, 0x00, 0x00,
	0x00, 0x00, 0x00, 0x00, 0x00, 0x00, 0x00, 0x00, 0x00, 0x00, 0x00, 0x00,
	0x00, 0x00, 0x00, 0x00, 0x00, 0x00, 0x00, 0x00, 0x00, 0x00, 0x00, 0x00,
	0x00, 0x00, 0x00, 0x00, 0x00, 0x00, 0x00, 0x00, 0x00, 0x00, 0x00, 0x00,
	0x00, 0x00, 0x00, 0x00, 0x00, 0x00, 0x00, 0x00, 0x00, 0x00, 0x00, 0x00,
	0x00, 0x00, 0x00, 0x00, 0x00, 0x00, 0x00, 0x00, 0x00, 0x00, 0x00, 0x00,
	0x00, 0x00, 0x00, 0x00, 0x00, 0x00, 0x00, 0x00, 0x00, 0x00, 0x00, 0x00,
	0x00, 0x00, 0x00, 0x00, 0x00, 0x00, 0x00, 0x00, 0x00, 0x00, 0x00, 0x00,
	0x00, 0x00, 0x00, 0x00, 0x00, 0x00, 0x00, 0x00, 0x00, 0x00, 0x00, 0x00,
	0x00, 0x00, 0x00, 0x00, 0x00, 0x00, 0x00, 0x00, 0x00, 0x00, 0x00, 0x00,
	0x00, 0x00, 0x00, 0x00, 0x00, 0x00, 0x00, 0xff, 0x80, 0x7f, 0x80, 0x00,
	0x07, 0xff, 0xe1, 0xff, 0xe0, 0x00, 0x0f, 0xff, 0xfb, 0xff, 0xf0, 0x00,
	0x0f, 0xff, 0xff, 0xff, 0xf8, 0x00, 0x0f, 0xff, 0xff, 0xff, 0xfc, 0x00,
	0x0f, 0x01, 0xff, 0xc1, 0xfe, 0x00, 0x08, 0x00, 0x7f, 0x80, 0xfe, 0x00,
	0x00, 0x00, 0x7f, 0x80, 0x7f, 0x00, 0x00, 0xff, 0xff, 0x00, 0x7f, 0x00,
	0x07, 0xff, 0xff, 0xff, 0xff, 0x00, 0x0f, 0xff, 0xff, 0xff, 0xff, 0x00,
	0x1f, 0xff, 0xff, 0xff, 0xff, 0x00, 0x1f, 0xe0, 0x7f, 0xff, 0xff, 0x00,
	0x3f, 0x80, 0x7f, 0x00, 0x00, 0x00, 0x3f, 0x80, 0x7f, 0x00, 0x00, 0x00,
	0x3f, 0x80, 0xff, 0x80, 0x02, 0x00, 0x3f, 0x80, 0xff, 0xc0, 0x0e, 0x00,
	0x3f, 0xc3, 0xff, 0xe0, 0x3e, 0x00, 0x3f, 0xff, 0xff, 0xff, 0xfe, 0x00,
	0x1f, 0xff, 0xef, 0xff, 0xfe, 0x00, 0x0f, 0xff, 0xc7, 0xff, 0xfc, 0x00,
	0x07, 0xff, 0x03, 0xff, 0xf0, 0x00, 0x01, 0xfc, 0x00, 0x7f, 0x80, 0x00,
	0x00, 0x00, 0x00, 0x00, 0x00, 0x00, 0x00, 0x00, 0x00, 0x00, 0x00, 0x00,
	0x00, 0x00, 0x00, 0x00, 0x00, 0x00, 0x00, 0x00, 0x00, 0x00, 0x00, 0x00,
	0x00, 0x00, 0x00, 0x00, 0x00, 0x00, 0x00, 0x00, 0x00, 0x00, 0x00, 0x00,
	0x00, 0x00, 0x00, 0x00, 0x00, 0x00, 0x00, 0x00, 0x00, 0x00, 0x00, 0x00,
	0x00, 0x00, 0x00, 0x00, 0x00, 0x00, 0x00, 0x00, 0x00, 0x00, 0x00, 0x00,
	0x00, 0x00, 0x00, 0x00, 0x00, 0x00, 0x00, 0x00, 0x00, 0x00, 0x00, 0x00,
	0x00, 0x00, 0x00, 0x00, 0x00, 0x00, 0x00, 0x00, 0x00, 0x00, 0x00, 0x00,
	0x00, 0x00, 0x00, 0x00, 0x00, 0x00, 0x00, 0x00, 0x00, 0x00, 0x00, 0x00,
	0x00, 0x00, 0x00, 0x00, 0x00, 0x00, 0x00, 0x00, 0x00, 0x00, 0x3f, 0xe0,
	0x01, 0xff, 0xf8, 0x03, 0xff, 0xf8, 0x07, 0xff, 0xf8, 0x0f, 0xff, 0xf8,
	0x1f, 0xf0, 0x38, 0x1f, 0xe0, 0x08, 0x1f, 0xc0, 0x00, 0x3f, 0x80, 0x00,
	0x3f, 0x80, 0x00, 0x3f, 0x80, 0x00, 0x3f, 0x80, 0x00, 0x3f, 0x80, 0x00,
	0x3f, 0x80, 0x00, 0x3f, 0xc0, 0x00, 0x1f, 0xc0, 0x00, 0x1f, 0xe0, 0x08,
	0x1f, 0xf0, 0x38, 0x0f, 0xff, 0xf8, 0x07, 0xff, 0xf8, 0x03, 0xff, 0xf8,
	0x01, 0xff, 0xf8, 0x00, 0x3f, 0xe0, 0x00, 0x03, 0x00, 0x00, 0x03, 0x80,
	0x00, 0x01, 0xc0, 0x00, 0x01, 0xc0, 0x00, 0x43, 0xc0, 0x00, 0x7f, 0xc0,
	0x00, 0x7f, 0x80, 0x00, 0x3f, 0x00, 0x00, 0x00, 0x00, 0x00, 0x00, 0x00,
	0x00, 0x00, 0x00, 0x00, 0x00, 0x00, 0x00, 0x00, 0x00, 0x00, 0x00, 0x00,
	0x00, 0x00, 0x00, 0x00, 0x00, 0x00, 0x00, 0x00, 0x00, 0x00, 0x00, 0x00,
	0x03, 0xf0, 0x00, 0x00, 0x00, 0xf8, 0x00, 0x00, 0x00, 0x78, 0x00, 0x00,
	0x00, 0x3c, 0x00, 0x00, 0x00, 0x1e, 0x00, 0x00, 0x00, 0x0f, 0x00, 0x00,
	0x00, 0x07, 0x80, 0x00, 0x00, 0x00, 0x00, 0x00, 0x00, 0x00, 0x00, 0x00,
	0x00, 0x3f, 0xc0, 0x00, 0x01, 0xff, 0xf0, 0x00, 0x03, 0xff, 0xf8, 0x00,
	0x07, 0xff, 0xfc, 0x00, 0x0f, 0xff, 0xfe, 0x00, 0x1f, 0xe0, 0xff, 0x00,
	0x1f, 0xc0, 0x7f, 0x00, 0x1f, 0xc0, 0x3f, 0x80, 0x3f, 0x80, 0x3f, 0x80,
	0x3f, 0xff, 0xff, 0x80, 0x3f, 0xff, 0xff, 0x80, 0x3f, 0xff, 0xff, 0x80,
	0x3f, 0xff, 0xff, 0x80, 0x3f, 0x80, 0x00, 0x00, 0x3f, 0x80, 0x00, 0x00,
	0x3f, 0xc0, 0x01, 0x00, 0x1f, 0xc0, 0x07, 0x00, 0x1f, 0xf0, 0x1f, 0x00,
	0x0f, 0xff, 0xff, 0x00, 0x07, 0xff, 0xff, 0x00, 0x03, 0xff, 0xfe, 0x00,
	0x01, 0xff, 0xf8, 0x00, 0x00, 0x3f, 0xc0, 0x00, 0x00, 0x00, 0x00, 0x00,
	0x00, 0x00, 0x00, 0x00, 0x00, 0x00, 0x00, 0x00, 0x00, 0x00, 0x00, 0x00,
	0x00, 0x00, 0x00, 0x00, 0x00, 0x00, 0x00, 0x00, 0x00, 0x00, 0x00, 0x00,
	0x00, 0x00, 0x00, 0x00, 0x00, 0x00, 0x00, 0x00, 0x00, 0x00, 0x00, 0x00,
	0x00, 0x00, 0x00, 0x00, 0x00, 0x00, 0x00, 0x00, 0x00, 0x00, 0x00, 0x00,
	0x00, 0x00, 0x00, 0x00, 0x00, 0x00, 0x00, 0x00, 0x00, 0x00, 0x00, 0x00,
	0x00, 0x00, 0xfc, 0x00, 0x00, 0x01, 0xf0, 0x00, 0x00, 0x01, 0xe0, 0x00,
	0x00, 0x03, 0xc0, 0x00, 0x00, 0x07, 0x80, 0x00, 0x00, 0x0f, 0x00, 0x00,
	0x00, 0x1e, 0x00, 0x00, 0x00, 0x00, 0x00, 0x00, 0x00, 0x00, 0x00, 0x00,
	0x00, 0x3f, 0xc0, 0x00, 0x01, 0xff, 0xf0, 0x00, 0x03, 0xff, 0xf8, 0x00,
	0x07, 0xff, 0xfc, 0x00, 0x0f, 0xff, 0xfe, 0x00, 0x1f, 0xe0, 0xff, 0x00,
	0x1f, 0xc0, 0x7f, 0x00, 0x1f, 0xc0, 0x3f, 0x80, 0x3f, 0x80, 0x3f, 0x80,
	0x3f, 0xff, 0xff, 0x80, 0x3f, 0xff, 0xff, 0x80, 0x3f, 0xff, 0xff, 0x80,
	0x3f, 0xff, 0xff, 0x80, 0x3f, 0x80, 0x00, 0x00, 0x3f, 0x80, 0x00, 0x00,
	0x3f, 0xc0, 0x01, 0x00, 0x1f, 0xc0, 0x07, 0x00, 0x1f, 0xf0, 0x1f, 0x00,
	0x0f, 0xff, 0xff, 0x00, 0x07, 0xff, 0xff, 0x00, 0x03, 0xff, 0xfe, 0x00,
	0x01, 0xff, 0xf8, 0x00, 0x00, 0x3f, 0xc0, 0x00, 0x00, 0x00, 0x00, 0x00,
	0x00, 0x00, 0x00, 0x00, 0x00, 0x00, 0x00, 0x00, 0x00, 0x00, 0x00, 0x00,
	0x00, 0x00, 0x00, 0x00, 0x00, 0x00, 0x00, 0x00, 0x00, 0x00, 0x00, 0x00,
	0x00, 0x00, 0x00, 0x00, 0x00, 0x00, 0x00, 0x00, 0x00, 0x00, 0x00, 0x00,
	0x00, 0x00, 0x00, 0x00, 0x00, 0x00, 0x00, 0x00, 0x00, 0x00, 0x00, 0x00,
	0x00, 0x00, 0x00, 0x00, 0x00, 0x00, 0x00, 0x00, 0x00, 0x00, 0x00, 0x00,
	0x00, 0x0f, 0x80, 0x00, 0x00, 0x1f, 0xc0, 0x00, 0x00, 0x3f, 0xe0, 0x00,
	0x00, 0x3d, 0xe0, 0x00, 0x00, 0x78, 0xf0, 0x00, 0x00, 0xf0, 0x78, 0x00,
	0x01, 0xe0, 0x3c, 0x00, 0x00, 0x00, 0x00, 0x00, 0x00, 0x00, 0x00, 0x00,
	0x00, 0x3f, 0xc0, 0x00, 0x01, 0xff, 0xf0, 0x00, 0x03, 0xff, 0xf8, 0x00,
	0x07, 0xff, 0xfc, 0x00, 0x0f, 0xff, 0xfe, 0x00, 0x1f, 0xe0, 0xff, 0x00,
	0x1f, 0xc0, 0x7f, 0x00, 0x1f, 0xc0, 0x3f, 0x80, 0x3f, 0x80, 0x3f, 0x80,
	0x3f, 0xff, 0xff, 0x80, 0x3f, 0xff, 0xff, 0x80, 0x3f, 0xff, 0xff, 0x80,
	0x3f, 0xff, 0xff, 0x80, 0x3f, 0x80, 0x00, 0x00, 0x3f, 0x80, 0x00, 0x00,
	0x3f, 0xc0, 0x01, 0x00, 0x1f, 0xc0, 0x07, 0x00, 0x1f, 0xf0, 0x1f, 0x00,
	0x0f, 0xff, 0xff, 0x00, 0x07, 0xff, 0xff, 0x00, 0x03, 0xff, 0xfe, 0x00,
	0x01, 0xff, 0xf8, 0x00, 0x00, 0x3f, 0xc0, 0x00, 0x00, 0x00, 0x00, 0x00,
	0x00, 0x00, 0x00, 0x00, 0x00, 0x00, 0x00, 0x00, 0x00, 0x00, 0x00, 0x00,
	0x00, 0x00, 0x00, 0x00, 0x00, 0x00, 0x00, 0x00, 0x00, 0x00, 0x00, 0x00,
	0x00, 0x00, 0x00, 0x00, 0x00, 0x00, 0x00, 0x00, 0x00, 0x00, 0x00, 0x00,
	0x00, 0x00, 0x00, 0x00, 0x00, 0x00, 0x00, 0x00, 0x00, 0x00, 0x00, 0x00,
	0x00, 0x00, 0x00, 0x00, 0x00, 0x00, 0x00, 0x00, 0x00, 0x00, 0x00, 0x00,
	0x00, 0x00, 0x00, 0x00, 0x00, 0xf8, 0xf8, 0x00, 0x00, 0xf8, 0xf8, 0x00,
	0x00, 0xf8, 0xf8, 0x00, 0x00, 0xf8, 0xf8, 0x00, 0x00, 0xf8, 0xf8, 0x00,
	0x00, 0x00, 0x00, 0x00, 0x00, 0x00, 0x00, 0x00, 0x00, 0x00, 0x00, 0x00,
	0x00, 0x3f, 0xc0, 0x00, 0x01, 0xff, 0xf0, 0x00, 0x03, 0xff, 0xf8, 0x00,
	0x07, 0xff, 0xfc, 0x00, 0x0f, 0xff, 0xfe, 0x00, 0x1f, 0xe0, 0xff, 0x00,
	0x1f, 0xc0, 0x7f, 0x00, 0x1f, 0xc0, 0x3f, 0x80, 0x3f, 0x80, 0x3f, 0x80,
	0x3f, 0xff, 0xff, 0x80, 0x3f, 0xff, 0xff, 0x80, 0x3f, 0xff, 0xff, 0x80,
	0x3f, 0xff, 0xff, 0x80, 0x3f, 0x80, 0x00, 0x00, 0x3f, 0x80, 0x00, 0x00,
	0x3f, 0xc0, 0x01, 0x00, 0x1f, 0xc0, 0x07, 0x00, 0x1f, 0xf0, 0x1f, 0x00,
	0x0f, 0xff, 0xff, 0x00, 0x07, 0xff, 0xff, 0x00, 0x03, 0xff, 0xfe, 0x00,
	0x01, 0xff, 0xf8, 0x00, 0x00, 0x3f, 0xc0, 0x00, 0x00, 0x00, 0x00, 0x00,
	0x00, 0x00, 0x00, 0x00, 0x00, 0x00, 0x00, 0x00, 0x00, 0x00, 0x00, 0x00,
	0x00, 0x00, 0x00, 0x00, 0x00, 0x00, 0x00, 0x00, 0x00, 0x00, 0x00, 0x00,
	0x00, 0x00, 0x00, 0x00, 0x00, 0x00, 0x00, 0x00, 0x00, 0x00, 0x00, 0x00,
	0x00, 0x00, 0x00, 0x00, 0x00, 0x00, 0x00, 0x00, 0x00, 0x00, 0x00, 0x00,
	0xf8, 0x00, 0x7c, 0x00, 0x3c, 0x00, 0x1e, 0x00, 0x0f, 0x00, 0x07, 0x80,
	0x03, 0xc0, 0x00, 0x00, 0x00, 0x00, 0x00, 0x00, 0x1f, 0xc0, 0x1f, 0xc0,
	0x1f, 0xc0, 0x1f, 0xc0, 0x1f, 0xc0, 0x1f, 0xc0, 0x1f, 0xc0, 0x1f, 0xc0,
	0x1f, 0xc0, 0x1f, 0xc0, 0x1f, 0xc0, 0x1f, 0xc0, 0x1f, 0xc0, 0x1f, 0xc0,
	0x1f, 0xc0, 0x1f, 0xc0, 0x1f, 0xc0, 0x1f, 0xc0, 0x1f, 0xc0, 0x1f, 0xc0,
	0x1f, 0xc0, 0x1f, 0xc0, 0x00, 0x00, 0x00, 0x00, 0x00, 0x00, 0x00, 0x00,
	0x00, 0x00, 0x00, 0x00, 0x00, 0x00, 0x00, 0x00, 0x00, 0x00, 0x00, 0x00,
	0x00, 0x00, 0x00, 0x00, 0x00, 0x00, 0x00, 0x00, 0x00, 0x00, 0x00, 0x00,
	0x00, 0x7c, 0x00, 0xf8, 0x00, 0xf0, 0x01, 0xe0, 0x03, 0xc0, 0x07, 0x80,
	0x0f, 0x00, 0x00, 0x00, 0x00, 0x00, 0x00, 0x00, 0x1f, 0xc0, 0x1f, 0xc0,
	0x1f, 0xc0, 0x1f, 0xc0, 0x1f, 0xc0, 0x1f, 0xc0, 0x1f, 0xc0, 0x1f, 0xc0,
	0x1f, 0xc0, 0x1f, 0xc0, 0x1f, 0xc0, 0x1f, 0xc0, 0x1f, 0xc0, 0x1f, 0xc0,
	0x1f, 0xc0, 0x1f, 0xc0, 0x1f, 0xc0, 0x1f, 0xc0, 0x1f, 0xc0, 0x1f, 0xc0,
	0x1f, 0xc0, 0x1f, 0xc0, 0x00, 0x00, 0x00, 0x00, 0x00, 0x00, 0x00, 0x00,
	0x00, 0x00, 0x00, 0x00, 0x00, 0x00, 0x00, 0x00, 0x00, 0x00, 0x00, 0x00,
	0x00, 0x00, 0x00, 0x00, 0x00, 0x00, 0x00, 0x00, 0x00, 0x00, 0x00, 0x00,
	0x0f, 0x80, 0x1f, 0xc0, 0x3f, 0xe0, 0x3d, 0xe0, 0x78, 0xf0, 0xf0, 0x78,
	0xe0, 0x3c, 0x00, 0x00, 0x00, 0x00, 0x00, 0x00, 0x1f, 0xc0, 0x1f, 0xc0,
	0x1f, 0xc0, 0x1f, 0xc0, 0x1f, 0xc0, 0x1f, 0xc0, 0x1f, 0xc0, 0x1f, 0xc0,
	0x1f, 0xc0, 0x1f, 0xc0, 0x1f, 0xc0, 0x1f, 0xc0, 0x1f, 0xc0, 0x1f, 0xc0,
	0x1f, 0xc0, 0x1f, 0xc0, 0x1f, 0xc0, 0x1f, 0xc0, 0x1f, 0xc0, 0x1f, 0xc0,
	0x1f, 0xc0, 0x1f, 0xc0, 0x00, 0x00, 0x00, 0x00, 0x00, 0x00, 0x00, 0x00,
	0x00, 0x00, 0x00, 0x00, 0x00, 0x00, 0x00, 0x00, 0x00, 0x00, 0x00, 0x00,
	0x00, 0x00, 0x00, 0x00, 0x00, 0x00, 0x00, 0x00, 0x00, 0x00, 0x00, 0x00,
	0x00, 0x00, 0xf8, 0xf8, 0xf8, 0xf8, 0xf8, 0xf8, 0xf8, 0xf8, 0xf8, 0xf8,
	0x00, 0x00, 0x00, 0x00, 0x00, 0x00, 0x00, 0x00, 0x1f, 0xc0, 0x1f, 0xc0,
	0x1f, 0xc0, 0x1f, 0xc0, 0x1f, 0xc0, 0x1f, 0xc0, 0x1f, 0xc0, 0x1f, 0xc0,
	0x1f, 0xc0, 0x1f, 0xc0, 0x1f, 0xc0, 0x1f, 0xc0, 0x1f, 0xc0, 0x1f, 0xc0,
	0x1f, 0xc0, 0x1f, 0xc0, 0x1f, 0xc0, 0x1f, 0xc0, 0x1f, 0xc0, 0x1f, 0xc0,
	0x1f, 0xc0, 0x1f, 0xc0, 0x00, 0x00, 0x00, 0x00, 0x00, 0x00, 0x00, 0x00,
	0x00, 0x00, 0x00, 0x00, 0x00, 0x00, 0x00, 0x00, 0x00, 0x00, 0x00, 0x00,
	0x00, 0x00, 0x00, 0x00, 0x00, 0x00, 0x00, 0x00, 0x00, 0x00, 0x00, 0x00,
	0x00, 0x00, 0x00, 0x00, 0x00, 0x00, 0x00, 0x00, 0x00, 0x00, 0x00, 0x00,
	0x00, 0x00, 0x00, 0x00, 0x00, 0x00, 0x00, 0x00, 0x01, 0xfc, 0x02, 0x00,
	0x00, 0xfe, 0x3f, 0x00, 0x00, 0x7f, 0xfe, 0x00, 0x00, 0x3f, 0xf0, 0x00,
	0x01, 0xff, 0xc0, 0x00, 0x0f, 0xff, 0xe0, 0x00, 0x07, 0x87, 0xf0, 0x00,
	0x04, 0x03, 0xf8, 0x00, 0x00, 0x01, 0xfc, 0x00, 0x00, 0x7f, 0xfe, 0x00,
	0x03, 0xff, 0xff, 0x00, 0x07, 0xff, 0xff, 0x00, 0x0f, 0xff, 0xff, 0x80,
	0x1f, 0xff, 0xff, 0x80, 0x1f, 0xe0, 0x7f, 0x80, 0x3f, 0xc0, 0x1f, 0xc0,
	0x3f, 0x80, 0x1f, 0xc0, 0x3f, 0x80, 0x1f, 0xc0, 0x3f, 0x80, 0x1f, 0xc0,
	0x3f, 0x80, 0x1f, 0xc0, 0x3f, 0x80, 0x1f, 0xc0, 0x3f, 0x80, 0x1f, 0xc0,
	0x3f, 0xc0, 0x3f, 0x80, 0x1f, 0xc0, 0x3f, 0x80, 0x1f, 0xf0, 0xff, 0x80,
	0x0f, 0xff, 0xff, 0x00, 0x07, 0xff, 0xfe, 0x00, 0x03, 0xff, 0xfc, 0x00,
	0x01, 0xff, 0xf8, 0x00, 0x00, 0x3f, 0xc0, 0x00, 0x00, 0x00, 0x00, 0x00,
	0x00, 0x00, 0x00, 0x00, 0x00, 0x00, 0x00, 0x00, 0x00, 0x00, 0x00, 0x00,
	0x00, 0x00, 0x00, 0x00, 0x00, 0x00, 0x00, 0x00, 0x00, 0x00, 0x00, 0x00,
	0x00, 0x00, 0x00, 0x00, 0x00, 0x00, 0x00, 0x00, 0x00, 0x00, 0x00, 0x00,
	0x00, 0x00, 0x00, 0x00, 0x00, 0x00, 0x00, 0x00, 0x00, 0x00, 0x00, 0x00,
	0x00, 0x00, 0x00, 0x00, 0x00, 0x00, 0x00, 0x00, 0x00, 0x00, 0x00, 0x00,
	0x00, 0x3c, 0x1c, 0x00, 0x00, 0x7e, 0x1c, 0x00, 0x00, 0x7f, 0x3c, 0x00,
	0x00, 0xe7, 0xf8, 0x00, 0x00, 0xe1, 0xf8, 0x00, 0x00, 0xe0, 0xf0, 0x00,
	0x00, 0x00, 0x00, 0x00, 0x00, 0x00, 0x00, 0x00, 0x00, 0x00, 0x00, 0x00,
	0x00, 0x03, 0xf0, 0x00, 0x1f, 0xc7, 0xfc, 0x00, 0x1f, 0xdf, 0xfe, 0x00,
	0x1f, 0xff, 0xff, 0x00, 0x1f, 0xff, 0xff, 0x00, 0x1f, 0xf8, 0xff, 0x80,
	0x1f, 0xf0, 0x7f, 0x80, 0x1f, 0xe0, 0x3f, 0x80, 0x1f, 0xc0, 0x3f, 0x80,
	0x1f, 0xc0, 0x3f, 0x80, 0x1f, 0xc0, 0x3f, 0x80, 0x1f, 0xc0, 0x3f, 0x80,
	0x1f, 0xc0, 0x3f, 0x80, 0x1f, 0xc0, 0x3f, 0x80, 0x1f, 0xc0, 0x3f, 0x80,
	0x1f, 0xc0, 0x3f, 0x80, 0x1f, 0xc0, 0x3f, 0x80, 0x1f, 0xc0, 0x3f, 0x80,
	0x1f, 0xc0, 0x3f, 0x80, 0x1f, 0xc0, 0x3f, 0x80, 0x1f, 0xc0, 0x3f, 0x80,
	0x1f, 0xc0, 0x3f, 0x80, 0x1f, 0xc0, 0x3f, 0x80, 0x00, 0x00, 0x00, 0x00,
	0x00, 0x00, 0x00, 0x00, 0x00, 0x00, 0x00, 0x00, 0x00, 0x00, 0x00, 0x00,
	0x00, 0x00, 0x00, 0x00, 0x00, 0x00, 0x00, 0x00, 0x00, 0x00, 0x00, 0x00,
	0x00, 0x00, 0x00, 0x00, 0x00, 0x00, 0x00, 0x00, 0x00, 0x00, 0x00, 0x00,
	0x00, 0x00, 0x00, 0x00, 0x00, 0x00, 0x00, 0x00, 0x00, 0x00, 0x00, 0x00,
	0x00, 0x00, 0x00, 0x00, 0x00, 0x00, 0x00, 0x00, 0x00, 0x00, 0x00, 0x00,
	0x03, 0xf0, 0x00, 0x00, 0x00, 0xf8, 0x00, 0x00, 0x00, 0x78, 0x00, 0x00,
	0x00, 0x3c, 0x00, 0x00, 0x00, 0x1e, 0x00, 0x00, 0x00, 0x0f, 0x00, 0x00,
	0x00, 0x07, 0x80, 0x00, 0x00, 0x00, 0x00, 0x00, 0x00, 0x00, 0x00, 0x00,
	0x00, 0x3f, 0xc0, 0x00, 0x01, 0xff, 0xf8, 0x00, 0x03, 0xff, 0xfc, 0x00,
	0x07, 0xff, 0xfe, 0x00, 0x0f, 0xff, 0xff, 0x00, 0x1f, 0xf0, 0xff, 0x80,
	0x1f, 0xc0, 0x3f, 0x80, 0x1f, 0xc0, 0x3f, 0x80, 0x3f, 0x80, 0x1f, 0xc0,
	0x3f, 0x80, 0x1f, 0xc0, 0x3f, 0x80, 0x1f, 0xc0, 0x3f, 0x80, 0x1f, 0xc0,
	0x3f, 0x80, 0x1f, 0xc0, 0x3f, 0x80, 0x1f, 0xc0, 0x3f, 0x80, 0x1f, 0xc0,
	0x3f, 0xc0, 0x3f, 0x80, 0x1f, 0xc0, 0x3f, 0x80, 0x1f, 0xf0, 0xff, 0x80,
	0x0f, 0xff, 0xff, 0x00, 0x07, 0xff, 0xfe, 0x00, 0x03, 0xff, 0xfc, 0x00,
	0x01, 0xff, 0xf8, 0x00, 0x00, 0x3f, 0xc0, 0x00, 0x00, 0x00, 0x00, 0x00,
	0x00, 0x00, 0x00, 0x00, 0x00, 0x00, 0x00, 0x00, 0x00, 0x00, 0x00, 0x00,
	0x00, 0x00, 0x00, 0x00, 0x00, 0x00, 0x00, 0x00, 0x00, 0x00, 0x00, 0x00,
	0x00, 0x00, 0x00, 0x00, 0x00, 0x00, 0x00, 0x00, 0x00, 0x00, 0x00, 0x00,
	0x00, 0x00, 0x00, 0x00, 0x00, 0x00, 0x00, 0x00, 0x00, 0x00, 0x00, 0x00,
	0x00, 0x00, 0x00, 0x00, 0x00, 0x00, 0x00, 0x00, 0x00, 0x00, 0x00, 0x00,
	0x00, 0x00, 0xfc, 0x00, 0x00, 0x01, 0xf0, 0x00, 0x00, 0x01, 0xe0, 0x00,
	0x00, 0x03, 0xc0, 0x00, 0x00, 0x07, 0x80, 0x00, 0x00, 0x0f, 0x00, 0x00,
	0x00, 0x1e, 0x00, 0x00, 0x00, 0x00, 0x00, 0x00, 0x00, 0x00, 0x00, 0x00,
	0x00, 0x3f, 0xc0, 0x00, 0x01, 0xff, 0xf8, 0x00, 0x03, 0xff, 0xfc, 0x00,
	0x07, 0xff, 0xfe, 0x00, 0x0f, 0xff, 0xff, 0x00, 0x1f, 0xf0, 0xff, 0x80,
	0x1f, 0xc0, 0x3f, 0x80, 0x1f, 0xc0, 0x3f, 0x80, 0x3f, 0x80, 0x1f, 0xc0,
	0x3f, 0x80, 0x1f, 0xc0, 0x3f, 0x80, 0x1f, 0xc0, 0x3f, 0x80, 0x1f, 0xc0,
	0x3f, 0x80, 0x1f, 0xc0, 0x3f, 0x80, 0x1f, 0xc0, 0x3f, 0x80, 0x1f, 0xc0,
	0x3f, 0xc0, 0x3f, 0x80, 0x1f, 0xc0, 0x3f, 0x80, 0x1f, 0xf0, 0xff, 0x80,
	0x0f, 0xff, 0xff, 0x00, 0x07, 0xff, 0xfe, 0x00, 0x03, 0xff, 0xfc, 0x00,
	0x01, 0xff, 0xf8, 0x00, 0x00, 0x3f, 0xc0, 0x00, 0x00, 0x00, 0x00, 0x00,
	0x00, 0x00, 0x00, 0x00, 0x00, 0x00, 0x00, 0x00, 0x00, 0x00, 0x00, 0x00,
	0x00, 0x00, 0x00, 0x00, 0x00, 0x00, 0x00, 0x00, 0x00, 0x00, 0x00, 0x00,
	0x00, 0x00, 0x00, 0x00, 0x00, 0x00, 0x00, 0x00, 0x00, 0x00, 0x00, 0x00,
	0x00, 0x00, 0x00, 0x00, 0x00, 0x00, 0x00, 0x00, 0x00, 0x00, 0x00, 0x00,
	0x00, 0x00, 0x00, 0x00, 0x00, 0x00, 0x00, 0x00, 0x00, 0x00, 0x00, 0x00,
	0x00, 0x1f, 0x80, 0x00, 0x00, 0x1f, 0xc0, 0x00, 0x00, 0x3f, 0xc0, 0x00,
	0x00, 0x79, 0xe0, 0x00, 0x00, 0xf0, 0xf0, 0x00, 0x00, 0xf0, 0x70, 0x00,
	0x01, 0xe0, 0x78, 0x00, 0x00, 0x00, 0x00, 0x00, 0x00, 0x00, 0x00, 0x00,
	0x00, 0x3f, 0xc0, 0x00, 0x01, 0xff, 0xf8, 0x00, 0x03, 0xff, 0xfc, 0x00,
	0x07, 0xff, 0xfe, 0x00, 0x0f, 0xff, 0xff, 0x00, 0x1f, 0xf0, 0xff, 0x80,
	0x1f, 0xc0, 0x3f, 0x80, 0x1f, 0xc0, 0x3f, 0x80, 0x3f, 0x80, 0x1f, 0xc0,
	0x3f, 0x80, 0x1f, 0xc0, 0x3f, 0x80, 0x1f, 0xc0, 0x3f, 0x80, 0x1f, 0xc0,
	0x3f, 0x80, 0x1f, 0xc0, 0x3f, 0x80, 0x1f, 0xc0, 0x3f, 0x80, 0x1f, 0xc0,
	0x3f, 0xc0, 0x3f, 0x80, 0x1f, 0xc0, 0x3f, 0x80, 0x1f, 0xf0, 0xff, 0x80,
	0x0f, 0xff, 0xff, 0x00, 0x07, 0xff, 0xfe, 0x00, 0x03, 0xff, 0xfc, 0x00,
	0x01, 0xff, 0xf8, 0x00, 0x00, 0x3f, 0xc0, 0x00, 0x00, 0x00, 0x00, 0x00,
	0x00, 0x00, 0x00, 0x00, 0x00, 0x00, 0x00, 0x00, 0x00, 0x00, 0x00, 0x00,
	0x00, 0x00, 0x00, 0x00, 0x00, 0x00, 0x00, 0x00, 0x00, 0x00, 0x00, 0x00,
	0x00, 0x00, 0x00, 0x00, 0x00, 0x00, 0x00, 0x00, 0x00, 0x00, 0x00, 0x00,
	0x00, 0x00, 0x00, 0x00, 0x00, 0x00, 0x00, 0x00, 0x00, 0x00, 0x00, 0x00,
	0x00, 0x00, 0x00, 0x00, 0x00, 0x00, 0x00, 0x00, 0x00, 0x00, 0x00, 0x00,
	0x00, 0x78, 0x38, 0x00, 0x00, 0xfc, 0x38, 0x00, 0x00, 0xfe, 0x78, 0x00,
	0x01, 0xcf, 0xf0, 0x00, 0x01, 0xc3, 0xf0, 0x00, 0x01, 0xc1, 0xe0, 0x00,
	0x00, 0x00, 0x00, 0x00, 0x00, 0x00, 0x00, 0x00, 0x00, 0x00, 0x00, 0x00,
	0x00, 0x3f, 0xc0, 0x00, 0x01, 0xff, 0xf8, 0x00, 0x03, 0xff, 0xfc, 0x00,
	0x07, 0xff, 0xfe, 0x00, 0x0f, 0xff, 0xff, 0x00, 0x1f, 0xf0, 0xff, 0x80,
	0x1f, 0xc0, 0x3f, 0x80, 0x1f, 0xc0, 0x3f, 0x80, 0x3f, 0x80, 0x1f, 0xc0,
	0x3f, 0x80, 0x1f, 0xc0, 0x3f, 0x80, 0x1f, 0xc0, 0x3f, 0x80, 0x1f, 0xc0,
	0x3f, 0x80, 0x1f, 0xc0, 0x3f, 0x80, 0x1f, 0xc0, 0x3f, 0x80, 0x1f, 0xc0,
	0x3f, 0xc0, 0x3f, 0x80, 0x1f, 0xc0, 0x3f, 0x80, 0x1f, 0xf0, 0xff, 0x80,
	0x0f, 0xff, 0xff, 0x00, 0x07, 0xff, 0xfe, 0x00, 0x03, 0xff, 0xfc, 0x00,
	0x01, 0xff, 0xf8, 0x00, 0x00, 0x3f, 0xc0, 0x00, 0x00, 0x00, 0x00, 0x00,
	0x00, 0x00, 0x00, 0x00, 0x00, 0x00, 0x00, 0x00, 0x00, 0x00, 0x00, 0x00,
	0x00, 0x00, 0x00, 0x00, 0x00, 0x00, 0x00, 0x00, 0x00, 0x00, 0x00, 0x00,
	0x00, 0x00, 0x00, 0x00, 0x00, 0x00, 0x00, 0x00, 0x00, 0x00, 0x00, 0x00,
	0x00, 0x00, 0x00, 0x00, 0x00, 0x00, 0x00, 0x00, 0x00, 0x00, 0x00, 0x00,
	0x00, 0x00, 0x00, 0x00, 0x00, 0x00, 0x00, 0x00, 0x00, 0x00, 0x00, 0x00,
	0x00, 0x00, 0x00, 0x00, 0x01, 0xf0, 0xf8, 0x00, 0x01, 0xf0, 0xf8, 0x00,
	0x01, 0xf0, 0xf8, 0x00, 0x01, 0xf0, 0xf8, 0x00, 0x01, 0xf0, 0xf8, 0x00,
	0x00, 0x00, 0x00, 0x00, 0x00, 0x00, 0x00, 0x00, 0x00, 0x00, 0x00, 0x00,
	0x00, 0x3f, 0xc0, 0x00, 0x01, 0xff, 0xf8, 0x00, 0x03, 0xff, 0xfc, 0x00,
	0x07, 0xff, 0xfe, 0x00, 0x0f, 0xff, 0xff, 0x00, 0x1f, 0xf0, 0xff, 0x80,
	0x1f, 0xc0, 0x3f, 0x80, 0x1f, 0xc0, 0x3f, 0x80, 0x3f, 0x80, 0x1f, 0xc0,
	0x3f, 0x80, 0x1f, 0xc0, 0x3f, 0x80, 0x1f, 0xc0, 0x3f, 0x80, 0x1f, 0xc0,
	0x3f, 0x80, 0x1f, 0xc0, 0x3f, 0x80, 0x1f, 0xc0, 0x3f, 0x80, 0x1f, 0xc0,
	0x3f, 0xc0, 0x3f, 0x80, 0x1f, 0xc0, 0x3f, 0x80, 0x1f, 0xf0, 0xff, 0x80,
	0x0f, 0xff, 0xff, 0x00, 0x07, 0xff, 0xfe, 0x00, 0x03, 0xff, 0xfc, 0x00,
	0x01, 0xff, 0xf8, 0x00, 0x00, 0x3f, 0xc0, 0x00, 0x00, 0x00, 0x00, 0x00,
	0x00, 0x00, 0x00, 0x00, 0x00, 0x00, 0x00, 0x00, 0x00, 0x00, 0x00, 0x00,
	0x00, 0x00, 0x00, 0x00, 0x00, 0x00, 0x00, 0x00, 0x00, 0x00, 0x00, 0x00,
	0x00, 0x00, 0x00, 0x00, 0x00, 0x00, 0x00, 0x00, 0x00, 0x00, 0x00, 0x00,
	0x00, 0x00, 0x00, 0x00, 0x00, 0x00, 0x00, 0x00, 0x00, 0x00, 0x00, 0x00,
	0x00, 0x00, 0x00, 0x00, 0x00, 0x00, 0x00, 0x00, 0x00, 0x00, 0x00, 0x00,
	0x00, 0x00, 0x00, 0x00, 0x00, 0x00, 0x00, 0x00, 0x00, 0x00, 0x00, 0x00,
	0x00, 0x00, 0x00, 0x00, 0x00, 0x00, 0x00, 0x00, 0x00, 0x00, 0x00, 0x00,
	0x00, 0x00, 0x00, 0x00, 0x00, 0x00, 0x00, 0x00, 0x00, 0x00, 0x00, 0x00,
	0x00, 0x00, 0x00, 0x00, 0x00, 0x00, 0x00, 0x00, 0x00, 0x00, 0x00, 0x03,
	0xf0, 0x00, 0x00, 0x00, 0x03, 0xf0, 0x00, 0x00, 0x00, 0x03, 0xf0, 0x00,
	0x00, 0x00, 0x03, 0xf0, 0x00, 0x00, 0x00, 0x03, 0xf0, 0x00, 0x00, 0x00,
	0x03, 0xf0, 0x00, 0x00, 0x00, 0x00, 0x00, 0x00, 0x00, 0x00, 0x00, 0x00,
	0x00, 0x00, 0x00, 0x00, 0x00, 0x00, 0x00, 0x0f, 0xff, 0xff, 0xfc, 0x00,
	0x0f, 0xff, 0xff, 0xfc, 0x00, 0x0f, 0xff, 0xff, 0xfc, 0x00, 0x0f, 0xff,
	0xff, 0xfc, 0x00, 0x0f, 0xff, 0xff, 0xfc, 0x00, 0x00, 0x00, 0x00, 0x00,
	0x00, 0x00, 0x00, 0x00, 0x00, 0x00, 0x00, 0x00, 0x00, 0x00, 0x00, 0x00,
	0x03, 0xf0, 0x00, 0x00, 0x00, 0x03, 0xf0, 0x00, 0x00, 0x00, 0x03, 0xf0,
	0x00, 0x00, 0x00, 0x03, 0xf0, 0x00, 0x00, 0x00, 0x03, 0xf0, 0x00, 0x00,
	0x00, 0x03, 0xf0, 0x00, 0x00, 0x00, 0x00, 0x00, 0x00, 0x00, 0x00, 0x00,
	0x00, 0x00, 0x00, 0x00, 0x00, 0x00, 0x00, 0x00, 0x00, 0x00, 0x00, 0x00,
	0x00, 0x00, 0x00, 0x00, 0x00, 0x00, 0x00, 0x00, 0x00, 0x00, 0x00, 0x00,
	0x00, 0x00, 0x00, 0x00, 0x00, 0x00, 0x00, 0x00, 0x00, 0x00, 0x00, 0x00,
	0x00, 0x00, 0x00, 0x00, 0x00, 0x00, 0x00, 0x00, 0x00, 0x00, 0x00, 0x00,
	0x00, 0x00, 0x00, 0x00, 0x00, 0x00, 0x00, 0x00, 0x00, 0x00, 0x00, 0x00,
	0x00, 0x00, 0x00, 0x00, 0x00, 0x00, 0x00, 0x00, 0x00, 0x00, 0x00, 0x00,
	0x00, 0x00, 0x00, 0x00, 0x00, 0x00, 0x00, 0x00, 0x00, 0x00, 0x00, 0x00,
	0x00, 0x00, 0x00, 0x00, 0x00, 0x00, 0x00, 0x00, 0x00, 0x00, 0x00, 0x00,
	0x00, 0x00, 0x00, 0x00, 0x00, 0x00, 0x01, 0x80, 0x00, 0x3f, 0xc3, 0xc0,
	0x01, 0xff, 0xff, 0x80, 0x03, 0xff, 0xff, 0x00, 0x07, 0xff, 0xfe, 0x00,
	0x0f, 0xff, 0xff, 0x00, 0x1f, 0xf0, 0xff, 0x80, 0x1f, 0xc0, 0x7f, 0x80,
	0x1f, 0xc0, 0xff, 0x80, 0x3f, 0x81, 0xff, 0xc0, 0x3f, 0x83, 0xdf, 0xc0,
	0x3f, 0x87, 0x9f, 0xc0, 0x3f, 0x8f, 0x1f, 0xc0, 0x3f, 0x9e, 0x1f, 0xc0,
	0x3f, 0xbc, 0x1f, 0xc0, 0x3f, 0xf8, 0x1f, 0xc0, 0x3f, 0xf0, 0x3f, 0x80,
	0x1f, 0xe0, 0x3f, 0x80, 0x1f, 0xf0, 0xff, 0x80, 0x0f, 0xff, 0xff, 0x00,
	0x07, 0xff, 0xfe, 0x00, 0x0f, 0xff, 0xfc, 0x00, 0x1f, 0xff, 0xf8, 0x00,
	0x3c, 0x7f, 0xc0, 0x00, 0x18, 0x00, 0x00, 0x00, 0x00, 0x00, 0x00, 0x00,
	0x00, 0x00, 0x00, 0x00, 0x00, 0x00, 0x00, 0x00, 0x00, 0x00, 0x00, 0x00,
	0x00, 0x00, 0x00, 0x00, 0x00, 0x00, 0x00, 0x00, 0x00, 0x00, 0x00, 0x00,
	0x00, 0x00, 0x00, 0x00, 0x00, 0x00, 0x00, 0x00, 0x00, 0x00, 0x00, 0x00,
	0x00, 0x00, 0x00, 0x00, 0x00, 0x00, 0x00, 0x00, 0x00, 0x00, 0x00, 0x00,
	0x00, 0x00, 0x00, 0x00, 0x00, 0x00, 0x00, 0x00, 0x00, 0x00, 0x00, 0x00,
	0x01, 0xf8, 0x00, 0x00, 0x00, 0x7c, 0x00, 0x00, 0x00, 0x3c, 0x00, 0x00,
	0x00, 0x1e, 0x00, 0x00, 0x00, 0x0f, 0x00, 0x00, 0x00, 0x07, 0x80, 0x00,
	0x00, 0x03, 0xc0, 0x00, 0x00, 0x00, 0x00, 0x00, 0x00, 0x00, 0x00, 0x00,
	0x00, 0x00, 0x00, 0x00, 0x1f, 0xc0, 0x3f, 0x80, 0x1f, 0xc0, 0x3f, 0x80,
	0x1f, 0xc0, 0x3f, 0x80, 0x1f, 0xc0, 0x3f, 0x80, 0x1f, 0xc0, 0x3f, 0x80,
	0x1f, 0xc0, 0x3f, 0x80, 0x1f, 0xc0, 0x3f, 0x80, 0x1f, 0xc0, 0x3f, 0x80,
	0x1f, 0xc0, 0x3f, 0x80, 0x1f, 0xc0, 0x3f, 0x80, 0x1f, 0xc0, 0x3f, 0x80,
	0x1f, 0xc0, 0x3f, 0x80, 0x1f, 0xc0, 0x3f, 0x80, 0x1f, 0xc0, 0x3f, 0x80,
	0x1f, 0xc0, 0x7f, 0x80, 0x1f, 0xe0, 0x7f, 0x80, 0x1f, 0xe1, 0xff, 0x80,
	0x0f, 0xff, 0xff, 0x80, 0x0f, 0xff, 0xff, 0x80, 0x07, 0xff, 0xbf, 0x80,
	0x03, 0xfe, 0x3f, 0x80, 0x00, 0xfc, 0x3f, 0x80, 0x00, 0x00, 0x00, 0x00,
	0x00, 0x00, 0x00, 0x00, 0x00, 0x00, 0x00, 0x00, 0x00, 0x00, 0x00, 0x00,
	0x00, 0x00, 0x00, 0x00, 0x00, 0x00, 0x00, 0x00, 0x00, 0x00, 0x00, 0x00,
	0x00, 0x00, 0x00, 0x00, 0x00, 0x00, 0x00, 0x00, 0x00, 0x00, 0x00, 0x00,
	0x00, 0x00, 0x00, 0x00, 0x00, 0x00, 0x00, 0x00, 0x00, 0x00, 0x00, 0x00,
	0x00, 0x00, 0x00, 0x00, 0x00, 0x00, 0x00, 0x00, 0x00, 0x00, 0x00, 0x00,
	0x00, 0x00, 0x7e, 0x00, 0x00, 0x00, 0xf8, 0x00, 0x00, 0x00, 0xf0, 0x00,
	0x00, 0x01, 0xe0, 0x00, 0x00, 0x03, 0xc0, 0x00, 0x00, 0x07, 0x80, 0x00,
	0x00, 0x0f, 0x00, 0x00, 0x00, 0x00, 0x00, 0x00, 0x00, 0x00, 0x00, 0x00,
	0x00, 0x00, 0x00, 0x00, 0x1f, 0xc0, 0x3f, 0x80, 0x1f, 0xc0, 0x3f, 0x80,
	0x1f, 0xc0, 0x3f, 0x80, 0x1f, 0xc0, 0x3f, 0x80, 0x1f, 0xc0, 0x3f, 0x80,
	0x1f, 0xc0, 0x3f, 0x80, 0x1f, 0xc0, 0x3f, 0x80, 0x1f, 0xc0, 0x3f, 0x80,
	0x1f, 0xc0, 0x3f, 0x80, 0x1f, 0xc0, 0x3f, 0x80, 0x1f, 0xc0, 0x3f, 0x80,
	0x1f, 0xc0, 0x3f, 0x80, 0x1f, 0xc0, 0x3f, 0x80, 0x1f, 0xc0, 0x3f, 0x80,
	0x1f, 0xc0, 0x7f, 0x80, 0x1f, 0xe0, 0x7f, 0x80, 0x1f, 0xe1, 0xff, 0x80,
	0x0f, 0xff, 0xff, 0x80, 0x0f, 0xff, 0xff, 0x80, 0x07, 0xff, 0xbf, 0x80,
	0x03, 0xfe, 0x3f, 0x80, 0x00, 0xfc, 0x3f, 0x80, 0x00, 0x00, 0x00, 0x00,
	0x00, 0x00, 0x00, 0x00, 0x00, 0x00, 0x00, 0x00, 0x00, 0x00, 0x00, 0x00,
	0x00, 0x00, 0x00, 0x00, 0x00, 0x00, 0x00, 0x00, 0x00, 0x00, 0x00, 0x00,
	0x00, 0x00, 0x00, 0x00, 0x00, 0x00, 0x00, 0x00, 0x00, 0x00, 0x00, 0x00,
	0x00, 0x00, 0x00, 0x00, 0x00, 0x00, 0x00, 0x00, 0x00, 0x00, 0x00, 0x00,
	0x00, 0x00, 0x00, 0x00, 0x00, 0x00, 0x00, 0x00, 0x00, 0x00, 0x00, 0x00,
	0x00, 0x1f, 0x80, 0x00, 0x00, 0x3f, 0xc0, 0x00, 0x00, 0x3f, 0xc0, 0x00,
	0x00, 0x79, 0xe0, 0x00, 0x00, 0xf0, 0xf0, 0x00, 0x00, 0xe0, 0x70, 0x00,
	0x01, 0xe0, 0x78, 0x00, 0x00, 0x00, 0x00, 0x00, 0x00, 0x00, 0x00, 0x00,
	0x00, 0x00, 0x00, 0x00, 0x1f, 0xc0, 0x3f, 0x80, 0x1f, 0xc0, 0x3f, 0x80,
	0x1f, 0xc0, 0x3f, 0x80, 0x1f, 0xc0, 0x3f, 0x80, 0x1f, 0xc0, 0x3f, 0x80,
	0x1f, 0xc0, 0x3f, 0x80, 0x1f, 0xc0, 0x3f, 0x80, 0x1f, 0xc0, 0x3f, 0x80,
	0x1f, 0xc0, 0x3f, 0x80, 0x1f, 0xc0, 0x3f, 0x80, 0x1f, 0xc0, 0x3f, 0x80,
	0x1f, 0xc0, 0x3f, 0x80, 0x1f, 0xc0, 0x3f, 0x80, 0x1f, 0xc0, 0x3f, 0x80,
	0x1f, 0xc0, 0x7f, 0x80, 0x1f, 0xe0, 0x7f, 0x80, 0x1f, 0xe1, 0xff, 0x80,
	0x0f, 0xff, 0xff, 0x80, 0x0f, 0xff, 0xff, 0x80, 0x07, 0xff, 0xbf, 0x80,
	0x03, 0xfe, 0x3f, 0x80, 0x00, 0xfc, 0x3f, 0x80, 0x00, 0x00, 0x00, 0x00,
	0x00, 0x00, 0x00, 0x00, 0x00, 0x00, 0x00, 0x00, 0x00, 0x00, 0x00, 0x00,
	0x00, 0x00, 0x00, 0x00, 0x00, 0x00, 0x00, 0x00, 0x00, 0x00, 0x00, 0x00,
	0x00, 0x00, 0x00, 0x00, 0x00, 0x00, 0x00, 0x00, 0x00, 0x00, 0x00, 0x00,
	0x00, 0x00, 0x00, 0x00, 0x00, 0x00, 0x00, 0x00, 0x00, 0x00, 0x00, 0x00,
	0x00, 0x00, 0x00, 0x00, 0x00, 0x00, 0x00, 0x00, 0x00, 0x00, 0x00, 0x00,
	0x00, 0x00, 0x00, 0x00, 0x01, 0xf0, 0xf8, 0x00, 0x01, 0xf0, 0xf8, 0x00,
	0x01, 0xf0, 0xf8, 0x00, 0x01, 0xf0, 0xf8, 0x00, 0x01, 0xf0, 0xf8, 0x00,
	0x00, 0x00, 0x00, 0x00, 0x00, 0x00, 0x00, 0x00, 0x00, 0x00, 0x00, 0x00,
	0x00, 0x00, 0x00, 0x00, 0x1f, 0xc0, 0x3f, 0x80, 0x1f, 0xc0, 0x3f, 0x80,
	0x1f, 0xc0, 0x3f, 0x80, 0x1f, 0xc0, 0x3f, 0x80, 0x1f, 0xc0, 0x3f, 0x80,
	0x1f, 0xc0, 0x3f, 0x80, 0x1f, 0xc0, 0x3f, 0x80, 0x1f, 0xc0, 0x3f, 0x80,
	0x1f, 0xc0, 0x3f, 0x80, 0x1f, 0xc0, 0x3f, 0x80, 0x1f, 0xc0, 0x3f, 0x80,
	0x1f, 0xc0, 0x3f, 0x80, 0x1f, 0xc0, 0x3f, 0x80, 0x1f, 0xc0, 0x3f, 0x80,
	0x1f, 0xc0, 0x7f, 0x80, 0x1f, 0xe0, 0x7f, 0x80, 0x1f, 0xe1, 0xff, 0x80,
	0x0f, 0xff, 0xff, 0x80, 0x0f, 0xff, 0xff, 0x80, 0x07, 0xff, 0xbf, 0x80,
	0x03, 0xfe, 0x3f, 0x80, 0x00, 0xfc, 0x3f, 0x80, 0x00, 0x00, 0x00, 0x00,
	0x00, 0x00, 0x00, 0x00, 0x00, 0x00, 0x00, 0x00, 0x00, 0x00, 0x00, 0x00,
	0x00, 0x00, 0x00, 0x00, 0x00, 0x00, 0x00, 0x00, 0x00, 0x00, 0x00, 0x00,
	0x00, 0x00, 0x00, 0x00, 0x00, 0x00, 0x00, 0x00, 0x00, 0x00, 0x00, 0x00,
	0x00, 0x00, 0x00, 0x00, 0x00, 0x00, 0x00, 0x00, 0x00, 0x00, 0x00, 0x00,
	0x00, 0x00, 0x00, 0x00, 0x00, 0x00, 0x00, 0x00, 0x00, 0x00, 0x00, 0x00,
	0x00, 0x01, 0xf8, 0x00, 0x00, 0x03, 0xe0, 0x00, 0x00, 0x03, 0xc0, 0x00,
	0x00, 0x07, 0x80, 0x00, 0x00, 0x0f, 0x00, 0x00, 0x00, 0x1e, 0x00, 0x00,
	0x00, 0x3c, 0x00, 0x00, 0x00, 0x00, 0x00, 0x00, 0x00, 0x00, 0x00, 0x00,
	0x00, 0x00, 0x00, 0x00, 0xfe, 0x00, 0x3f, 0x80, 0x7f, 0x00, 0x7f, 0x00,
	0x7f, 0x00, 0x7f, 0x00, 0x7f, 0x00, 0x7f, 0x00, 0x3f, 0x80, 0xfe, 0x00,
	0x3f, 0x80, 0xfe, 0x00, 0x1f, 0xc0, 0xfe, 0x00, 0x1f, 0xc1, 0xfc, 0x00,
	0x0f, 0xc1, 0xfc, 0x00, 0x0f, 0xe1, 0xf8, 0x00, 0x0f, 0xe3, 0xf8, 0x00,
	0x07, 0xf3, 0xf8, 0x00, 0x07, 0xf3, 0xf0, 0x00, 0x03, 0xf7, 0xf0, 0x00,
	0x03, 0xff, 0xe0, 0x00, 0x01, 0xff, 0xe0, 0x00, 0x01, 0xff, 0xe0, 0x00,
	0x00, 0xff, 0xc0, 0x00, 0x00, 0xff, 0xc0, 0x00, 0x00, 0xff, 0xc0, 0x00,
	0x00, 0x7f, 0x80, 0x00, 0x00, 0x7f, 0x80, 0x00, 0x00, 0x3f, 0x00, 0x00,
	0x00, 0x3f, 0x00, 0x00, 0x00, 0x7f, 0x00, 0x00, 0x00, 0xfe, 0x00, 0x00,
	0x0f, 0xfe, 0x00, 0x00, 0x0f, 0xfc, 0x00, 0x00, 0x0f, 0xf8, 0x00, 0x00,
	0x0f, 0xf0, 0x00, 0x00, 0x0f, 0xe0, 0x00, 0x00, 0x00, 0x00, 0x00, 0x00,
	0x00, 0x00, 0x00, 0x00, 0x00, 0x00, 0x00, 0x00, 0x00, 0x00, 0x00, 0x00,
	0x00, 0x00, 0x00, 0x00, 0x00, 0x00, 0x00, 0x00, 0x00, 0x00, 0x00, 0x00,
	0x00, 0x00, 0x00, 0x00, 0x00, 0x00, 0x00, 0x00, 0x1f, 0xc0, 0x00, 0x00,
	0x1f, 0xc0, 0x00, 0x00, 0x1f, 0xc0, 0x00, 0x00, 0x1f, 0xc0, 0x00, 0x00,
	0x1f, 0xc0, 0x00, 0x00, 0x1f, 0xc0, 0x00, 0x00, 0x1f, 0xc0, 0x00, 0x00,
	0x1f, 0xc3, 0xf0, 0x00, 0x1f, 0xcf, 0xfc, 0x00, 0x1f, 0xdf, 0xfe, 0x00,
	0x1f, 0xff, 0xff, 0x00, 0x1f, 0xff, 0xff, 0x00, 0x1f, 0xf0, 0x7f, 0x80,
	0x1f, 0xe0, 0x3f, 0x80, 0x1f, 0xe0, 0x3f, 0xc0, 0x1f, 0xc0, 0x1f, 0xc0,
	0x1f, 0xc0, 0x1f, 0xc0, 0x1f, 0xc0, 0x1f, 0xc0, 0x1f, 0xc0, 0x1f, 0xc0,
	0x1f, 0xc0, 0x1f, 0xc0, 0x1f, 0xc0, 0x1f, 0xc0, 0x1f, 0xc0, 0x1f, 0xc0,
	0x1f, 0xe0, 0x3f, 0xc0, 0x1f, 0xe0, 0x3f, 0x80, 0x1f, 0xf0, 0x7f, 0x80,
	0x1f, 0xff, 0xff, 0x00, 0x1f, 0xff, 0xff, 0x00, 0x1f, 0xdf, 0xfe, 0x00,
	0x1f, 0xcf, 0xfc, 0x00, 0x1f, 0xc3, 0xf0, 0x00, 0x1f, 0xc0, 0x00, 0x00,
	0x1f, 0xc0, 0x00, 0x00, 0x1f, 0xc0, 0x00, 0x00, 0x1f, 0xc0, 0x00, 0x00,
	0x1f, 0xc0, 0x00, 0x00, 0x1f, 0xc0, 0x00, 0x00, 0x1f, 0xc0, 0x00, 0x00,
	0x1f, 0xc0, 0x00, 0x00, 0x00, 0x00, 0x00, 0x00, 0x00, 0x00, 0x00, 0x00,
	0x00, 0x00, 0x00, 0x00, 0x00, 0x00, 0x00, 0x00, 0x00, 0x00, 0x00, 0x00,
	0x00, 0x00, 0x00, 0x00, 0x00, 0x00, 0x00, 0x00, 0x00, 0x00, 0x00, 0x00,
	0x00, 0x00, 0x00, 0x00, 0x01, 0xf1, 0xf0, 0x00, 0x01, 0xf1, 0xf0, 0x00,
	0x01, 0xf1, 0xf0, 0x00, 0x01, 0xf1, 0xf0, 0x00, 0x01, 0xf1, 0xf0, 0x00,
	0x00, 0x00, 0x00, 0x00, 0x00, 0x00, 0x00, 0x00, 0x00, 0x00, 0x00, 0x00,
	0x00, 0x00, 0x00, 0x00, 0xfe, 0x00, 0x3f, 0x80, 0x7f, 0x00, 0x7f, 0x00,
	0x7f, 0x00, 0x7f, 0x00, 0x7f, 0x00, 0x7f, 0x00, 0x3f, 0x80, 0xfe, 0x00,
	0x3f, 0x80, 0xfe, 0x00, 0x1f, 0xc0, 0xfe, 0x00, 0x1f, 0xc1, 0xfc, 0x00,
	0x0f, 0xc1, 0xfc, 0x00, 0x0f, 0xe1, 0xf8, 0x00, 0x0f, 0xe3, 0xf8, 0x00,
	0x07, 0xf3, 0xf8, 0x00, 0x07, 0xf3, 0xf0, 0x00, 0x03, 0xf7, 0xf0, 0x00,
	0x03, 0xff, 0xe0, 0x00, 0x01, 0xff, 0xe0, 0x00, 0x01, 0xff, 0xe0, 0x00,
	0x00, 0xff, 0xc0, 0x00, 0x00, 0xff, 0xc0, 0x00, 0x00, 0xff, 0xc0, 0x00,
	0x00, 0x7f, 0x80, 0x00, 0x00, 0x7f, 0x80, 0x00, 0x00, 0x3f, 0x00, 0x00,
	0x00, 0x3f, 0x00, 0x00, 0x00, 0x7f, 0x00, 0x00, 0x00, 0xfe, 0x00, 0x00,
	0x0f, 0xfe, 0x00, 0x00, 0x0f, 0xfc, 0x00, 0x00, 0x0f, 0xf8, 0x00, 0x00,
	0x0f, 0xf0, 0x00, 0x00, 0x0f, 0xe0, 0x00, 0x00, 0x00, 0x00, 0x00, 0x00,
	0x00, 0x00, 0x00, 0x00, 0x00, 0x00, 0x00, 0x00, 0x00, 0x00, 0x00, 0x00,
	0x00, 0x00, 0x00, 0x00, 0x00, 0x00, 0x00, 0x00, 0x00, 0x00, 0x00, 0x00,
	0x00, 0x00, 0x00, 0x00, 0x00, 0x00, 0x00, 0x00, 0x00, 0x00, 0x00, 0x00,
	0x00, 0x00, 0x00, 0x00, 0x00, 0x00, 0x00, 0x00, 0x00, 0x00, 0x00, 0x00,
	0x00, 0x03, 0xff, 0xff, 0xff, 0xf0, 0x00, 0x3f, 0xff, 0xff, 0xff, 0xf0,
	0x00, 0xff, 0xff, 0xff, 0xff, 0xf0, 0x01, 0xff, 0xff, 0xff, 0xff, 0xf0,
	0x03, 0xff, 0xff, 0xff, 0xff, 0xf0, 0x07, 0xff, 0x01, 0xfe, 0x00, 0x00,
	0x0f, 0xfc, 0x01, 0xfe, 0x00, 0x00, 0x0f, 0xf8, 0x01, 0xfe, 0x00, 0x00,
	0x1f, 0xf0, 0x01, 0xfe, 0x00, 0x00, 0x1f, 0xe0, 0x01, 0xfe, 0x00, 0x00,
	0x3f, 0xe0, 0x01, 0xfe, 0x00, 0x00, 0x3f, 0xc0, 0x01, 0xfe, 0x00, 0x00,
	0x3f, 0xc0, 0x01, 0xff, 0xff, 0xe0, 0x3f, 0xc0, 0x01, 0xff, 0xff, 0xe0,
	0x3f, 0xc0, 0x01, 0xff, 0xff, 0xe0, 0x3f, 0xc0, 0x01, 0xff, 0xff, 0xe0,
	0x3f, 0xc0, 0x01, 0xff, 0xff, 0xe0, 0x3f, 0xc0, 0x01, 0xfe, 0x00, 0x00,
	0x3f, 0xe0, 0x01, 0xfe, 0x00, 0x00, 0x1f, 0xe0, 0x01, 0xfe, 0x00, 0x00,
	0x1f, 0xf0, 0x01, 0xfe, 0x00, 0x00, 0x0f, 0xf8, 0x01, 0xfe, 0x00, 0x00,
	0x0f, 0xfc, 0x01, 0xfe, 0x00, 0x00, 0x07, 0xff, 0x81, 0xfe, 0x00, 0x00,
	0x03, 0xff, 0xff, 0xff, 0xff, 0xf0, 0x01, 0xff, 0xff, 0xff, 0xff, 0xf0,
	0x00, 0xff, 0xff, 0xff, 0xff, 0xf0, 0x00, 0x3f, 0xff, 0xff, 0xff, 0xf0,
	0x00, 0x03, 0xff, 0xff, 0xff, 0xf0, 0x00, 0x00, 0x00, 0x00, 0x00, 0x00,
	0x00, 0x00, 0x00, 0x00, 0x00, 0x00, 0x00, 0x00, 0x00, 0x00, 0x00, 0x00,
	0x00, 0x00, 0x00, 0x00, 0x00, 0x00, 0x00, 0x00, 0x00, 0x00, 0x00, 0x00,
	0x00, 0x00, 0x00, 0x00, 0x00, 0x00, 0x00, 0x00, 0x00, 0x00, 0x00, 0x00,
	0x00, 0x00, 0x00, 0x00, 0x00, 0x00, 0x00, 0x00, 0x00, 0x00, 0x00, 0x00,
	0x00, 0x00, 0x00, 0x00, 0x00, 0x00, 0x00, 0x00, 0x00, 0x00, 0x00, 0x00,
	0x00, 0x00, 0x00, 0x00, 0x00, 0x00, 0x00, 0x00, 0x00, 0x00, 0x00, 0x00,
	0x00, 0x00, 0x00, 0x00, 0x00, 0x00, 0x00, 0x00, 0x00, 0x00, 0x00, 0x00,
	0x00, 0x00, 0x00, 0x00, 0x00, 0x00, 0x00, 0x00, 0x00, 0x00, 0x00, 0x00,
	0x00, 0x00, 0x00, 0x00, 0x00, 0x00, 0x00, 0x00, 0x00, 0x00, 0x00, 0x00,
	0x00, 0x00, 0x00, 0x00, 0x00, 0x00, 0x00, 0x00, 0x00, 0x00, 0x00, 0x00,
	0x00, 0x00, 0x00, 0x00, 0x00, 0x00, 0x00, 0x00, 0x00, 0x00, 0x00, 0x00,
	0x00, 0x00, 0x00, 0x00, 0x00, 0x00, 0x00, 0x00, 0x00, 0x00, 0x00, 0x00,
	0x00, 0x00, 0x00, 0x00, 0x00, 0x00, 0x00, 0x3f, 0xc0, 0x1f, 0xe0, 0x00,
	0x01, 0xff, 0xf0, 0x7f, 0xf8, 0x00, 0x03, 0xff, 0xf8, 0xff, 0xfc, 0x00,
	0x07, 0xff, 0xff, 0xff, 0xfe, 0x00, 0x0f, 0xff, 0xff, 0xff, 0xff, 0x00,
	0x1f, 0xf0, 0xff, 0xf0, 0x7f, 0x80, 0x1f, 0xc0, 0x3f, 0xe0, 0x3f, 0x80,
	0x1f, 0xc0, 0x3f, 0xe0, 0x1f, 0xc0, 0x3f, 0x80, 0x1f, 0xc0, 0x1f, 0xc0,
	0x3f, 0x80, 0x1f, 0xff, 0xff, 0xc0, 0x3f, 0x80, 0x1f, 0xff, 0xff, 0xc0,
	0x3f, 0x80, 0x1f, 0xff, 0xff, 0xc0, 0x3f, 0x80, 0x1f, 0xff, 0xff, 0xc0,
	0x3f, 0x80, 0x1f, 0xc0, 0x00, 0x00, 0x3f, 0x80, 0x1f, 0xc0, 0x00, 0x00,
	0x3f, 0xc0, 0x3f, 0xe0, 0x00, 0x80, 0x1f, 0xc0, 0x3f, 0xe0, 0x03, 0x80,
	0x1f, 0xf0, 0xff, 0xf8, 0x0f, 0x80, 0x0f, 0xff, 0xff, 0xff, 0xff, 0x80,
	0x07, 0xff, 0xfd, 0xff, 0xff, 0x80, 0x03, 0xff, 0xf8, 0xff, 0xff, 0x00,
	0x01, 0xff, 0xf0, 0x7f, 0xfc, 0x00, 0x00, 0x3f, 0xc0, 0x1f, 0xe0, 0x00,
	0x00, 0x00, 0x00, 0x00, 0x00, 0x00, 0x00, 0x00, 0x00, 0x00, 0x00, 0x00,
	0x00, 0x00, 0x00, 0x00, 0x00, 0x00, 0x00, 0x00, 0x00, 0x00, 0x00, 0x00,
	0x00, 0x00, 0x00, 0x00, 0x00, 0x00, 0x00, 0x00, 0x00, 0x00, 0x00, 0x00,
	0x00, 0x00, 0x00, 0x00, 0x00, 0x00, 0x00, 0x00, 0x00, 0x00, 0x00, 0x00,
	0x00, 0x00, 0x00, 0x00, 0x00, 0x00, 0x00, 0x00, 0x00, 0x00, 0x00, 0x00,
	0x00, 0x00, 0x00, 0x00, 0x00, 0xf8, 0x7c, 0x00, 0x00, 0xf8, 0x7c, 0x00,
	0x00, 0xf8, 0x7c, 0x00, 0x00, 0xf8, 0x7c, 0x00, 0x00, 0xf8, 0x7c, 0x00,
	0x00, 0x00, 0x00, 0x00, 0x00, 0x00, 0x00, 0x00, 0x00, 0x00, 0x00, 0x00,
	0xff, 0x80, 0x07, 0xf8, 0x7f, 0x80, 0x07, 0xf8, 0x3f, 0xc0, 0x0f, 0xf0,
	0x3f, 0xe0, 0x1f, 0xf0, 0x1f, 0xe0, 0x1f, 0xe0, 0x0f, 0xf0, 0x3f, 0xc0,
	0x0f, 0xf8, 0x7f, 0xc0, 0x07, 0xf8, 0x7f, 0x80, 0x03, 0xfc, 0xff, 0x00,
	0x03, 0xfc, 0xff, 0x00, 0x01, 0xff, 0xfe, 0x00, 0x00, 0xff, 0xfc, 0x00,
	0x00, 0xff, 0xfc, 0x00, 0x00, 0x7f, 0xf8, 0x00, 0x00, 0x7f, 0xf8, 0x00,
	0x00, 0x3f, 0xf0, 0x00, 0x00, 0x1f, 0xe0, 0x00, 0x00, 0x1f, 0xe0, 0x00,
	0x00, 0x1f, 0xe0, 0x00, 0x00, 0x1f, 0xe0, 0x00, 0x00, 0x1f, 0xe0, 0x00,
	0x00, 0x1f, 0xe0, 0x00, 0x00, 0x1f, 0xe0, 0x00, 0x00, 0x1f, 0xe0, 0x00,
	0x00, 0x1f, 0xe0, 0x00, 0x00, 0x1f, 0xe0, 0x00, 0x00, 0x1f, 0xe0, 0x00,
	0x00, 0x1f, 0xe0, 0x00, 0x00, 0x1f, 0xe0, 0x00, 0x00, 0x00, 0x00, 0x00,
	0x00, 0x00, 0x00, 0x00, 0x00, 0x00, 0x00, 0x00, 0x00, 0x00, 0x00, 0x00,
	0x00, 0x00, 0x00, 0x00, 0x00, 0x00, 0x00, 0x00, 0x00, 0x00, 0x00, 0x00,
	0x00, 0x00, 0x00, 0x00, 0x00, 0x00, 0x00, 0x00, 0x00, 0x00, 0x00, 0x00,
	0x00, 0x00, 0x00, 0x00, 0x00, 0x00, 0x00, 0x00, 0x00, 0x00, 0x00, 0x00,
	0x00, 0x00, 0x00, 0x00, 0x00, 0x00, 0x0f, 0xe0, 0x0f, 0xe0, 0x0f, 0xe0,
	0x0f, 0xe0, 0x0f, 0xe0, 0x0f, 0xe0, 0x0f, 0xc0, 0x1f, 0x80, 0x1f, 0x80,
	0x1f, 0x00, 0x3e, 0x00, 0x3c, 0x00, 0x00, 0x00, 0x00, 0x00, 0x00, 0x00,
	0x00, 0x00, 0x00, 0x00, 0x00, 0x00, 0x00, 0x00, 0x00, 0x00, 0x00, 0x00,
	0x00, 0x00, 0x00, 0x00, 0x00, 0x00, 0x00, 0x00, 0x00, 0x00, 0x00, 0x00,
	0x00, 0x00, 0x00, 0x00, 0x00, 0x00, 0x00, 0x00, 0x00, 0x00, 0x00, 0x00,
	0x00, 0x00, 0x00, 0x00, 0x00, 0x00, 0x00, 0x00, 0x00, 0x00, 0x00, 0x00,
	0x00, 0x00, 0x00, 0x00, 0x00, 0x00, 0x00, 0x00, 0x00, 0x00, 0x00, 0x00,
	0x00, 0x00, 0x00, 0x00, 0x00, 0x00, 0x00, 0x00, 0x00, 0x00, 0x00, 0x00,
	0x00, 0x00, 0x00, 0x00, 0x00, 0x00, 0x00, 0x00, 0x00, 0x00, 0x00, 0x00,
	0x00, 0x00, 0x00, 0x00, 0x00, 0x00, 0x00, 0x00, 0x00, 0x00, 0x00, 0x00,
	0x00, 0x00, 0x00, 0x00, 0x00, 0x00, 0x00, 0x00, 0x00, 0x00, 0x00, 0x00,
	0x00, 0x00, 0x00, 0x00, 0x00, 0x00, 0x00, 0x00, 0x00, 0x00, 0x00, 0x00,
	0x00, 0x00, 0x00, 0x00, 0x00, 0x00, 0x00, 0x00, 0x00, 0x00, 0x00, 0x00,
	0x00, 0x00, 0x00, 0x00, 0x00, 0x00, 0x00, 0x00, 0x00, 0x00, 0x00, 0x00,
	0x00, 0x00, 0x00, 0x00, 0x00, 0x00, 0x00, 0x00, 0x00, 0x00, 0x00, 0x00,
	0x00, 0x00, 0x00, 0x00, 0x00, 0x00, 0x00, 0x00, 0x00, 0x00, 0x00, 0x00,
	0x00, 0x00, 0x00, 0x00, 0x00, 0x00, 0x00, 0x00, 0x00, 0x00, 0x00, 0x00,
	0x00, 0x00, 0x00, 0x00, 0x00, 0x00, 0x00, 0x00, 0x00, 0x00, 0x00, 0x00,
	0x00, 0x00, 0x00, 0x00, 0x00, 0x00, 0x1f, 0xc0, 0xfe, 0x07, 0xf0, 0x1f,
	0xc0, 0xfe, 0x07, 0xf0, 0x1f, 0xc0, 0xfe, 0x07, 0xf0, 0x1f, 0xc0, 0xfe,
	0x07, 0xf0, 0x1f, 0xc0, 0xfe, 0x07, 0xf0, 0x1f, 0xc0, 0xfe, 0x07, 0xf0,
	0x1f, 0xc0, 0xfe, 0x07, 0xf0, 0x1f, 0xc0, 0xfe, 0x07, 0xf0, 0x00, 0x00,
	0x00, 0x00, 0x00, 0x00, 0x00, 0x00, 0x00, 0x00, 0x00, 0x00, 0x00, 0x00,
	0x00, 0x00, 0x00, 0x00, 0x00, 0x00, 0x00, 0x00, 0x00, 0x00, 0x00, 0x00,
	0x00, 0x00, 0x00, 0x00, 0x00, 0x00, 0x00, 0x00, 0x00, 0x00, 0x00, 0x00,
	0x00, 0x00, 0x00, 0x00, 0x00, 0x00, 0x00, 0x00, 0x00, 0x00, 0x00, 0x00,
	0x00, 0x00, 0x00, 0x00, 0x00, 0x00, 0x00, 0x00, 0x00, 0x00, 0x00, 0x00,
	0x00, 0x00, 0x00, 0x00, 0x00, 0x00, 0x00, 0x00, 0x00, 0x00, 0x00, 0x00,
	0x00, 0x00, 0x00, 0x00, 0x00, 0x00, 0x00, 0x00, 0x00, 0x07, 0xf8, 0x00,
	0x00, 0x3f, 0xff, 0x00, 0x00, 0x7f, 0xff, 0x80, 0x01, 0xff, 0xff, 0x80,
	0x01, 0xff, 0xff, 0x80, 0x03, 0xff, 0x07, 0x80, 0x07, 0xfc, 0x01, 0x80,
	0x07, 0xf8, 0x00, 0x80, 0x0f, 0xf0, 0x00, 0x00, 0x0f, 0xf0, 0x00, 0x00,
	0x7f, 0xff, 0xfc, 0x00, 0xff, 0xff, 0xf8, 0x00, 0xff, 0xff, 0xf8, 0x00,
	0xff, 0xff, 0xf8, 0x00, 0x1f, 0xe0, 0x00, 0x00, 0x1f, 0xe0, 0x00, 0x00,
	0x1f, 0xe0, 0x00, 0x00, 0x7f, 0xff, 0xe0, 0x00, 0xff, 0xff, 0xc0, 0x00,
	0xff, 0xff, 0xc0, 0x00, 0xff, 0xff, 0xc0, 0x00, 0x0f, 0xf0, 0x00, 0x00,
	0x0f, 0xf8, 0x00, 0x80, 0x07, 0xfc, 0x01, 0x80, 0x07, 0xfe, 0x07, 0x80,
	0x03, 0xff, 0xff, 0x80, 0x01, 0xff, 0xff, 0x80, 0x00, 0xff, 0xff, 0x80,
	0x00, 0x3f, 0xff, 0x00, 0x00, 0x07, 0xf8, 0x00, 0x00, 0x00, 0x00, 0x00,
	0x00, 0x00, 0x00, 0x00, 0x00, 0x00, 0x00, 0x00, 0x00, 0x00, 0x00, 0x00,
	0x00, 0x00, 0x00, 0x00, 0x00, 0x00, 0x00, 0x00, 0x00, 0x00, 0x00, 0x00,
	0x00, 0x00, 0x00, 0x00, 0x00, 0x00, 0x00, 0x00, 0x00, 0x00, 0x00, 0x00,
};

static const struct font_glyph glyphs[] = {
	{ 0x0020, 14, 0 },
	{ 0x0021, 18, 96 },
	{ 0x0022, 21, 240 },
	{ 0x0023, 34, 384 },
	{ 0x0024, 28, 624 },
	{ 0x0025, 40, 816 },
	{ 0x0026, 35, 1056 },
	{ 0x0027, 12, 1296 },
	{ 0x0028, 18, 1392 },
	{ 0x0029, 18, 1536 },
	{ 0x002a, 21, 1680 },
	{ 0x002b, 34, 1824 },
	{ 0x002c, 15, 2064 },
	{ 0x002d, 17, 2160 },
	{ 0x002e, 15, 2304 },
	{ 0x002f, 15, 2400 },
	{ 0x0030, 28, 2496 },
	{ 0x0031, 28, 2688 },
	{ 0x0032, 28, 2880 },
	{ 0x0033, 28, 3072 },
	{ 0x0034, 28, 3264 },
	{ 0x0035, 28, 3456 },
	{ 0x0036, 28, 3648 },
	{ 0x0037, 28, 3840 },
	{ 0x0038, 28, 4032 },
	{ 0x0039, 28, 4224 },
	{ 0x003a, 16, 4416 },
	{ 0x003b, 16, 4512 },
	{ 0x003c, 34, 4608 },
	{ 0x003d, 34, 4848 },
	{ 0x003e, 34, 5088 },
	{ 0x003f, 23, 5328 },
	{ 0x0040, 40, 5472 },
	{ 0x0041, 31, 5712 },
	{ 0x0042, 30, 5904 },
	{ 0x0043, 29, 6096 },
	{ 0x0044, 33, 6288 },
	{ 0x0045, 27, 6528 },
	{ 0x0046, 27, 6720 },
	{ 0x0047, 33, 6912 },
	{ 0x0048, 33, 7152 },
	{ 0x0049, 15, 7392 },
	{ 0x004a, 15, 7488 },
	{ 0x004b, 31, 7584 },
	{ 0x004c, 25, 7776 },
	{ 0x004d, 40, 7968 },
	{ 0x004e, 33, 8208 },
	{ 0x004f, 34, 8448 },
	{ 0x0050, 29, 8688 },
	{ 0x0051, 34, 8880 },
	{ 0x0052, 31, 9120 },
	{ 0x0053, 29, 9312 },
	{ 0x0054, 27, 9504 },
	{ 0x0055, 32, 9696 },
	{ 0x0056, 31, 9888 },
	{ 0x0057, 44, 10080 },
	{ 0x0058, 31, 10368 },
	{ 0x0059, 29, 10560 },
	{ 0x005a, 29, 10752 },
	{ 0x005b, 18, 10944 },
	{ 0x005c, 15, 11088 },
	{ 0x005d, 18, 11184 },
	{ 0x005e, 34, 11328 },
	{ 0x005f, 20, 11568 },
	{ 0x0060, 20, 11712 },
	{ 0x0061, 27, 11856 },
	{ 0x0062, 29, 12048 },
	{ 0x0063, 24, 12240 },
	{ 0x0064, 29, 12384 },
	{ 0x0065, 27, 12576 },
	{ 0x0066, 17, 12768 },
	{ 0x0067, 29, 12912 },
	{ 0x0068, 28, 13104 },
	{ 0x0069, 14, 13296 },
	{ 0x006a, 14, 13392 },
	{ 0x006b, 27, 13488 },
	{ 0x006c, 14, 13680 },
	{ 0x006d, 42, 13776 },
	{ 0x006e, 28, 14064 },
	{ 0x006f, 27, 14256 },
	{ 0x0070, 29, 14448 },
	{ 0x0071, 29, 14640 },
	{ 0x0072, 20, 14832 },
	{ 0x0073, 24, 14976 },
	{ 0x0074, 19, 15120 },
	{ 0x0075, 28, 15264 },
	{ 0x0076, 26, 15456 },
	{ 0x0077, 37, 15648 },
	{ 0x0078, 26, 15888 },
	{ 0x0079, 26, 16080 },
	{ 0x007a, 23, 16272 },
	{ 0x007b, 28, 16416 },
	{ 0x007c, 15, 16608 },
	{ 0x007d, 28, 16704 },
	{ 0x007e, 34, 16896 },
	{ 0x00a0, 14, 17136 },
	{ 0x00a1, 18, 17232 },
	{ 0x00a2, 28, 17376 },
	{ 0x00a3, 28, 17568 },
	{ 0x00a4, 25, 17760 },
	{ 0x00a5, 28, 17952 },
	{ 0x00a6, 15, 18144 },
	{ 0x00a7, 20, 18240 },
	{ 0x00a8, 20, 18384 },
	{ 0x00a9, 40, 18528 },
	{ 0x00aa, 23, 18768 },
	{ 0x00ab, 26, 18912 },
	{ 0x00ac, 34, 19104 },
	{ 0x00ae, 40, 19344 },
	{ 0x00af, 20, 19584 },
	{ 0x00b0, 20, 19728 },
	{ 0x00b1, 34, 19872 },
	{ 0x00b2, 18, 20112 },
	{ 0x00b3, 18, 20256 },
	{ 0x00b4, 20, 20400 },
	{ 0x00b5, 29, 20544 },
	{ 0x00b6, 25, 20736 },
	{ 0x00b7, 15, 20928 },
	{ 0x00b8, 20, 21024 },
	{ 0x00b9, 18, 21168 },
	{ 0x00ba, 23, 21312 },
	{ 0x00bb, 26, 21456 },
	{ 0x00bc, 41, 21648 },
	{ 0x00bd, 41, 21936 },
	{ 0x00be, 41, 22224 },
	{ 0x00bf, 23, 22512 },
	{ 0x00c0, 31, 22656 },
	{ 0x00c1, 31, 22848 },
	{ 0x00c2, 31, 23040 },
	{ 0x00c3, 31, 23232 },
	{ 0x00c4, 31, 23424 },
	{ 0x00c5, 31, 23616 },
	{ 0x00c6, 43, 23808 },
	{ 0x00c7, 29, 24096 },
	{ 0x00c8, 27, 24288 },
	{ 0x00c9, 27, 24480 },
	{ 0x00ca, 27, 24672 },
	{ 0x00cb, 27, 24864 },
	{ 0x00cc, 15, 25056 },
	{ 0x00cd, 15, 25152 },
	{ 0x00ce, 15, 25248 },
	{ 0x00cf, 15, 25344 },
	{ 0x00d0, 34, 25440 },
	{ 0x00d1, 33, 25680 },
	{ 0x00d2, 34, 25920 },
	{ 0x00d3, 34, 26160 },
	{ 0x00d4, 34, 26400 },
	{ 0x00d5, 34, 26640 },
	{ 0x00d6, 34, 26880 },
	{ 0x00d7, 34, 27120 },
	{ 0x00d8, 34, 27360 },
	{ 0x00d9, 32, 27600 },
	{ 0x00da, 32, 27792 },
	{ 0x00db, 32, 27984 },
	{ 0x00dc, 32, 28176 },
	{ 0x00dd, 29, 28368 },
	{ 0x00de, 30, 28560 },
	{ 0x00df, 29, 28752 },
	{ 0x00e0, 27, 28944 },
	{ 0x00e1, 27, 29136 },
	{ 0x00e2, 27, 29328 },
	{ 0x00e3, 27, 29520 },
	{ 0x00e4, 27, 29712 },
	{ 0x00e5, 27, 29904 },
	{ 0x00e6, 42, 30096 },
	{ 0x00e7, 24, 30384 },
	{ 0x00e8, 27, 30528 },
	{ 0x00e9, 27, 30720 },
	{ 0x00ea, 27, 30912 },
	{ 0x00eb, 27, 31104 },
	{ 0x00ec, 14, 31296 },
	{ 0x00ed, 14, 31392 },
	{ 0x00ee, 14, 31488 },
	{ 0x00ef, 14, 31584 },
	{ 0x00f0, 27, 31680 },
	{ 0x00f1, 28, 31872 },
	{ 0x00f2, 27, 32064 },
	{ 0x00f3, 27, 32256 },
	{ 0x00f4, 27, 32448 },
	{ 0x00f5, 27, 32640 },
	{ 0x00f6, 27, 32832 },
	{ 0x00f7, 34, 33024 },
	{ 0x00f8, 27, 33264 },
	{ 0x00f9, 28, 33456 },
	{ 0x00fa, 28, 33648 },
	{ 0x00fb, 28, 33840 },
	{ 0x00fc, 28, 34032 },
	{ 0x00fd, 26, 34224 },
	{ 0x00fe, 29, 34416 },
	{ 0x00ff, 26, 34608 },
	{ 0x0152, 47, 34800 },
	{ 0x0153, 44, 35088 },
	{ 0x0178, 29, 35376 },
	{ 0x2019, 15, 35568 },
	{ 0x2026, 40, 35664 },
	{ 0x20ac, 28, 35904 },
};

const struct font font_title = {
	.height = 48,
	.glyph_count = ARRAY_SIZE(glyphs),
	.glyphs = glyphs,
	.bitmaps = bitmaps,
};
